DATAFLOW,LAST UPDATE,freq,duration,sex,age,unit,geo,TIME_PERIOD,OBS_VALUE,OBS_FLAG,CONF_STATUS
ESTAT:LFSA_EGAD(1.0),17/04/26 11:00:00,Annual,From 0 to 11 months,Females,From 20 to 64 years,Percentage,Austria,2016,15.1,,
ESTAT:LFSA_EGAD(1.0),17/04/26 11:00:00,Annual,From 0 to 11 months,Females,From 20 to 64 years,Percentage,Austria,2017,15.0,,
ESTAT:LFSA_EGAD(1.0),17/04/26 11:00:00,Annual,From 0 to 11 months,Females,From 20 to 64 years,Percentage,Austria,2018,15.5,,
ESTAT:LFSA_EGAD(1.0),17/04/26 11:00:00,Annual,From 0 to 11 months,Females,From 20 to 64 years,Percentage,Austria,2019,15.7,,
ESTAT:LFSA_EGAD(1.0),17/04/26 11:00:00,Annual,From 0 to 11 months,Females,From 20 to 64 years,Percentage,Austria,2020,14.5,,
ESTAT:LFSA_EGAD(1.0),17/04/26 11:00:00,Annual,From 0 to 11 months,Females,From 20 to 64 years,Percentage,Austria,2021,13.7,b,
ESTAT:LFSA_EGAD(1.0),17/04/26 11:00:00,Annual,From 0 to 11 months,Females,From 20 to 64 years,Percentage,Austria,2022,15.3,,
ESTAT:LFSA_EGAD(1.0),17/04/26 11:00:00,Annual,From 0 to 11 months,Females,From 20 to 64 years,Percentage,Austria,2023,15.2,,
ESTAT:LFSA_EGAD(1.0),17/04/26 11:00:00,Annual,From 0 to 11 months,Females,From 20 to 64 years,Percentage,Austria,2024,13.9,,
ESTAT:LFSA_EGAD(1.0),17/04/26 11:00:00,Annual,From 0 to 11 months,Females,From 20 to 64 years,Percentage,Austria,2025,13.6,,
ESTAT:LFSA_EGAD(1.0),17/04/26 11:00:00,Annual,From 0 to 11 months,Females,From 20 to 64 years,Percentage,Bosnia and Herzegovina,2021,8.2,b,
ESTAT:LFSA_EGAD(1.0),17/04/26 11:00:00,Annual,From 0 to 11 months,Females,From 20 to 64 years,Percentage,Bosnia and Herzegovina,2022,6.9,,
ESTAT:LFSA_EGAD(1.0),17/04/26 11:00:00,Annual,From 0 to 11 months,Females,From 20 to 64 years,Percentage,Bosnia and Herzegovina,2023,5.7,,
ESTAT:LFSA_EGAD(1.0),17/04/26 11:00:00,Annual,From 0 to 11 months,Females,From 20 to 64 years,Percentage,Bosnia and Herzegovina,2024,6.5,,
ESTAT:LFSA_EGAD(1.0),17/04/26 11:00:00,Annual,From 0 to 11 months,Females,From 20 to 64 years,Percentage,Bosnia and Herzegovina,2025,4.9,,
ESTAT:LFSA_EGAD(1.0),17/04/26 11:00:00,Annual,From 0 to 11 months,Females,From 20 to 64 years,Percentage,Belgium,2016,11.3,,
ESTAT:LFSA_EGAD(1.0),17/04/26 11:00:00,Annual,From 0 to 11 months,Females,From 20 to 64 years,Percentage,Belgium,2017,11.3,b,
ESTAT:LFSA_EGAD(1.0),17/04/26 11:00:00,Annual,From 0 to 11 months,Females,From 20 to 64 years,Percentage,Belgium,2018,11.0,,
ESTAT:LFSA_EGAD(1.0),17/04/26 11:00:00,Annual,From 0 to 11 months,Females,From 20 to 64 years,Percentage,Belgium,2019,12.1,,
ESTAT:LFSA_EGAD(1.0),17/04/26 11:00:00,Annual,From 0 to 11 months,Females,From 20 to 64 years,Percentage,Belgium,2020,11.0,,
ESTAT:LFSA_EGAD(1.0),17/04/26 11:00:00,Annual,From 0 to 11 months,Females,From 20 to 64 years,Percentage,Belgium,2021,12.1,b,
ESTAT:LFSA_EGAD(1.0),17/04/26 11:00:00,Annual,From 0 to 11 months,Females,From 20 to 64 years,Percentage,Belgium,2022,12.1,,
ESTAT:LFSA_EGAD(1.0),17/04/26 11:00:00,Annual,From 0 to 11 months,Females,From 20 to 64 years,Percentage,Belgium,2023,11.6,,
ESTAT:LFSA_EGAD(1.0),17/04/26 11:00:00,Annual,From 0 to 11 months,Females,From 20 to 64 years,Percentage,Belgium,2024,11.6,,
ESTAT:LFSA_EGAD(1.0),17/04/26 11:00:00,Annual,From 0 to 11 months,Females,From 20 to 64 years,Percentage,Belgium,2025,11.6,,
ESTAT:LFSA_EGAD(1.0),17/04/26 11:00:00,Annual,From 0 to 11 months,Females,From 20 to 64 years,Percentage,Bulgaria,2016,9.5,,
ESTAT:LFSA_EGAD(1.0),17/04/26 11:00:00,Annual,From 0 to 11 months,Females,From 20 to 64 years,Percentage,Bulgaria,2017,10.1,,
ESTAT:LFSA_EGAD(1.0),17/04/26 11:00:00,Annual,From 0 to 11 months,Females,From 20 to 64 years,Percentage,Bulgaria,2018,8.0,,
ESTAT:LFSA_EGAD(1.0),17/04/26 11:00:00,Annual,From 0 to 11 months,Females,From 20 to 64 years,Percentage,Bulgaria,2019,8.3,b,
ESTAT:LFSA_EGAD(1.0),17/04/26 11:00:00,Annual,From 0 to 11 months,Females,From 20 to 64 years,Percentage,Bulgaria,2020,6.6,,
ESTAT:LFSA_EGAD(1.0),17/04/26 11:00:00,Annual,From 0 to 11 months,Females,From 20 to 64 years,Percentage,Bulgaria,2021,6.6,b,
ESTAT:LFSA_EGAD(1.0),17/04/26 11:00:00,Annual,From 0 to 11 months,Females,From 20 to 64 years,Percentage,Bulgaria,2022,7.8,,
ESTAT:LFSA_EGAD(1.0),17/04/26 11:00:00,Annual,From 0 to 11 months,Females,From 20 to 64 years,Percentage,Bulgaria,2023,6.8,,
ESTAT:LFSA_EGAD(1.0),17/04/26 11:00:00,Annual,From 0 to 11 months,Females,From 20 to 64 years,Percentage,Bulgaria,2024,6.1,b,
ESTAT:LFSA_EGAD(1.0),17/04/26 11:00:00,Annual,From 0 to 11 months,Females,From 20 to 64 years,Percentage,Bulgaria,2025,6.3,,
ESTAT:LFSA_EGAD(1.0),17/04/26 11:00:00,Annual,From 0 to 11 months,Females,From 20 to 64 years,Percentage,Switzerland,2016,16.7,,
ESTAT:LFSA_EGAD(1.0),17/04/26 11:00:00,Annual,From 0 to 11 months,Females,From 20 to 64 years,Percentage,Switzerland,2017,17.5,,
ESTAT:LFSA_EGAD(1.0),17/04/26 11:00:00,Annual,From 0 to 11 months,Females,From 20 to 64 years,Percentage,Switzerland,2018,16.9,,
ESTAT:LFSA_EGAD(1.0),17/04/26 11:00:00,Annual,From 0 to 11 months,Females,From 20 to 64 years,Percentage,Switzerland,2019,17.1,,
ESTAT:LFSA_EGAD(1.0),17/04/26 11:00:00,Annual,From 0 to 11 months,Females,From 20 to 64 years,Percentage,Switzerland,2020,16.7,,
ESTAT:LFSA_EGAD(1.0),17/04/26 11:00:00,Annual,From 0 to 11 months,Females,From 20 to 64 years,Percentage,Switzerland,2021,16.1,b,
ESTAT:LFSA_EGAD(1.0),17/04/26 11:00:00,Annual,From 0 to 11 months,Females,From 20 to 64 years,Percentage,Switzerland,2022,17.3,,
ESTAT:LFSA_EGAD(1.0),17/04/26 11:00:00,Annual,From 0 to 11 months,Females,From 20 to 64 years,Percentage,Switzerland,2023,18.2,,
ESTAT:LFSA_EGAD(1.0),17/04/26 11:00:00,Annual,From 0 to 11 months,Females,From 20 to 64 years,Percentage,Switzerland,2024,16.6,,
ESTAT:LFSA_EGAD(1.0),17/04/26 11:00:00,Annual,From 0 to 11 months,Females,From 20 to 64 years,Percentage,Switzerland,2025,15.6,,
ESTAT:LFSA_EGAD(1.0),17/04/26 11:00:00,Annual,From 0 to 11 months,Females,From 20 to 64 years,Percentage,Cyprus,2016,20.9,,
ESTAT:LFSA_EGAD(1.0),17/04/26 11:00:00,Annual,From 0 to 11 months,Females,From 20 to 64 years,Percentage,Cyprus,2017,21.0,,
ESTAT:LFSA_EGAD(1.0),17/04/26 11:00:00,Annual,From 0 to 11 months,Females,From 20 to 64 years,Percentage,Cyprus,2018,21.8,,
ESTAT:LFSA_EGAD(1.0),17/04/26 11:00:00,Annual,From 0 to 11 months,Females,From 20 to 64 years,Percentage,Cyprus,2019,19.5,,
ESTAT:LFSA_EGAD(1.0),17/04/26 11:00:00,Annual,From 0 to 11 months,Females,From 20 to 64 years,Percentage,Cyprus,2020,17.5,,
ESTAT:LFSA_EGAD(1.0),17/04/26 11:00:00,Annual,From 0 to 11 months,Females,From 20 to 64 years,Percentage,Cyprus,2021,16.9,b,
ESTAT:LFSA_EGAD(1.0),17/04/26 11:00:00,Annual,From 0 to 11 months,Females,From 20 to 64 years,Percentage,Cyprus,2022,17.5,,
ESTAT:LFSA_EGAD(1.0),17/04/26 11:00:00,Annual,From 0 to 11 months,Females,From 20 to 64 years,Percentage,Cyprus,2023,17.9,,
ESTAT:LFSA_EGAD(1.0),17/04/26 11:00:00,Annual,From 0 to 11 months,Females,From 20 to 64 years,Percentage,Cyprus,2024,17.0,,
ESTAT:LFSA_EGAD(1.0),17/04/26 11:00:00,Annual,From 0 to 11 months,Females,From 20 to 64 years,Percentage,Cyprus,2025,15.8,,
ESTAT:LFSA_EGAD(1.0),17/04/26 11:00:00,Annual,From 0 to 11 months,Females,From 20 to 64 years,Percentage,Czechia,2016,12.1,,
ESTAT:LFSA_EGAD(1.0),17/04/26 11:00:00,Annual,From 0 to 11 months,Females,From 20 to 64 years,Percentage,Czechia,2017,12.9,,
ESTAT:LFSA_EGAD(1.0),17/04/26 11:00:00,Annual,From 0 to 11 months,Females,From 20 to 64 years,Percentage,Czechia,2018,12.1,,
ESTAT:LFSA_EGAD(1.0),17/04/26 11:00:00,Annual,From 0 to 11 months,Females,From 20 to 64 years,Percentage,Czechia,2019,11.4,,
ESTAT:LFSA_EGAD(1.0),17/04/26 11:00:00,Annual,From 0 to 11 months,Females,From 20 to 64 years,Percentage,Czechia,2020,9.9,,
ESTAT:LFSA_EGAD(1.0),17/04/26 11:00:00,Annual,From 0 to 11 months,Females,From 20 to 64 years,Percentage,Czechia,2021,10.0,b,
ESTAT:LFSA_EGAD(1.0),17/04/26 11:00:00,Annual,From 0 to 11 months,Females,From 20 to 64 years,Percentage,Czechia,2022,10.9,,
ESTAT:LFSA_EGAD(1.0),17/04/26 11:00:00,Annual,From 0 to 11 months,Females,From 20 to 64 years,Percentage,Czechia,2023,10.7,,
ESTAT:LFSA_EGAD(1.0),17/04/26 11:00:00,Annual,From 0 to 11 months,Females,From 20 to 64 years,Percentage,Czechia,2024,10.4,,
ESTAT:LFSA_EGAD(1.0),17/04/26 11:00:00,Annual,From 0 to 11 months,Females,From 20 to 64 years,Percentage,Czechia,2025,9.9,,
ESTAT:LFSA_EGAD(1.0),17/04/26 11:00:00,Annual,From 0 to 11 months,Females,From 20 to 64 years,Percentage,Germany,2016,12.9,,
ESTAT:LFSA_EGAD(1.0),17/04/26 11:00:00,Annual,From 0 to 11 months,Females,From 20 to 64 years,Percentage,Germany,2017,13.0,,
ESTAT:LFSA_EGAD(1.0),17/04/26 11:00:00,Annual,From 0 to 11 months,Females,From 20 to 64 years,Percentage,Germany,2018,13.0,,
ESTAT:LFSA_EGAD(1.0),17/04/26 11:00:00,Annual,From 0 to 11 months,Females,From 20 to 64 years,Percentage,Germany,2019,13.0,,
ESTAT:LFSA_EGAD(1.0),17/04/26 11:00:00,Annual,From 0 to 11 months,Females,From 20 to 64 years,Percentage,Germany,2020,12.5,b,
ESTAT:LFSA_EGAD(1.0),17/04/26 11:00:00,Annual,From 0 to 11 months,Females,From 20 to 64 years,Percentage,Germany,2021,13.3,b,
ESTAT:LFSA_EGAD(1.0),17/04/26 11:00:00,Annual,From 0 to 11 months,Females,From 20 to 64 years,Percentage,Germany,2022,14.9,,
ESTAT:LFSA_EGAD(1.0),17/04/26 11:00:00,Annual,From 0 to 11 months,Females,From 20 to 64 years,Percentage,Germany,2023,14.6,,
ESTAT:LFSA_EGAD(1.0),17/04/26 11:00:00,Annual,From 0 to 11 months,Females,From 20 to 64 years,Percentage,Germany,2024,14.0,,
ESTAT:LFSA_EGAD(1.0),17/04/26 11:00:00,Annual,From 0 to 11 months,Females,From 20 to 64 years,Percentage,Germany,2025,13.6,,
ESTAT:LFSA_EGAD(1.0),17/04/26 11:00:00,Annual,From 0 to 11 months,Females,From 20 to 64 years,Percentage,Denmark,2016,21.9,b,
ESTAT:LFSA_EGAD(1.0),17/04/26 11:00:00,Annual,From 0 to 11 months,Females,From 20 to 64 years,Percentage,Denmark,2017,20.4,b,
ESTAT:LFSA_EGAD(1.0),17/04/26 11:00:00,Annual,From 0 to 11 months,Females,From 20 to 64 years,Percentage,Denmark,2018,19.1,,
ESTAT:LFSA_EGAD(1.0),17/04/26 11:00:00,Annual,From 0 to 11 months,Females,From 20 to 64 years,Percentage,Denmark,2019,19.1,,
ESTAT:LFSA_EGAD(1.0),17/04/26 11:00:00,Annual,From 0 to 11 months,Females,From 20 to 64 years,Percentage,Denmark,2020,19.4,,
ESTAT:LFSA_EGAD(1.0),17/04/26 11:00:00,Annual,From 0 to 11 months,Females,From 20 to 64 years,Percentage,Denmark,2021,20.0,b,
ESTAT:LFSA_EGAD(1.0),17/04/26 11:00:00,Annual,From 0 to 11 months,Females,From 20 to 64 years,Percentage,Denmark,2022,22.6,,
ESTAT:LFSA_EGAD(1.0),17/04/26 11:00:00,Annual,From 0 to 11 months,Females,From 20 to 64 years,Percentage,Denmark,2023,20.9,b,
ESTAT:LFSA_EGAD(1.0),17/04/26 11:00:00,Annual,From 0 to 11 months,Females,From 20 to 64 years,Percentage,Denmark,2024,20.6,,
ESTAT:LFSA_EGAD(1.0),17/04/26 11:00:00,Annual,From 0 to 11 months,Females,From 20 to 64 years,Percentage,Denmark,2025,19.4,,
ESTAT:LFSA_EGAD(1.0),17/04/26 11:00:00,Annual,From 0 to 11 months,Females,From 20 to 64 years,Percentage,Euro area – 21 countries (from 2026),2016,13.4,,
ESTAT:LFSA_EGAD(1.0),17/04/26 11:00:00,Annual,From 0 to 11 months,Females,From 20 to 64 years,Percentage,Euro area – 21 countries (from 2026),2017,13.9,,
ESTAT:LFSA_EGAD(1.0),17/04/26 11:00:00,Annual,From 0 to 11 months,Females,From 20 to 64 years,Percentage,Euro area – 21 countries (from 2026),2018,14.0,,
ESTAT:LFSA_EGAD(1.0),17/04/26 11:00:00,Annual,From 0 to 11 months,Females,From 20 to 64 years,Percentage,Euro area – 21 countries (from 2026),2019,14.1,,
ESTAT:LFSA_EGAD(1.0),17/04/26 11:00:00,Annual,From 0 to 11 months,Females,From 20 to 64 years,Percentage,Euro area – 21 countries (from 2026),2020,12.8,,
ESTAT:LFSA_EGAD(1.0),17/04/26 11:00:00,Annual,From 0 to 11 months,Females,From 20 to 64 years,Percentage,Euro area – 21 countries (from 2026),2021,13.8,b,
ESTAT:LFSA_EGAD(1.0),17/04/26 11:00:00,Annual,From 0 to 11 months,Females,From 20 to 64 years,Percentage,Euro area – 21 countries (from 2026),2022,15.2,,
ESTAT:LFSA_EGAD(1.0),17/04/26 11:00:00,Annual,From 0 to 11 months,Females,From 20 to 64 years,Percentage,Euro area – 21 countries (from 2026),2023,14.9,,
ESTAT:LFSA_EGAD(1.0),17/04/26 11:00:00,Annual,From 0 to 11 months,Females,From 20 to 64 years,Percentage,Euro area – 21 countries (from 2026),2024,14.0,,
ESTAT:LFSA_EGAD(1.0),17/04/26 11:00:00,Annual,From 0 to 11 months,Females,From 20 to 64 years,Percentage,Euro area – 21 countries (from 2026),2025,13.2,,
ESTAT:LFSA_EGAD(1.0),17/04/26 11:00:00,Annual,From 0 to 11 months,Females,From 20 to 64 years,Percentage,Estonia,2016,16.0,,
ESTAT:LFSA_EGAD(1.0),17/04/26 11:00:00,Annual,From 0 to 11 months,Females,From 20 to 64 years,Percentage,Estonia,2017,17.4,,
ESTAT:LFSA_EGAD(1.0),17/04/26 11:00:00,Annual,From 0 to 11 months,Females,From 20 to 64 years,Percentage,Estonia,2018,19.3,,
ESTAT:LFSA_EGAD(1.0),17/04/26 11:00:00,Annual,From 0 to 11 months,Females,From 20 to 64 years,Percentage,Estonia,2019,19.1,,
ESTAT:LFSA_EGAD(1.0),17/04/26 11:00:00,Annual,From 0 to 11 months,Females,From 20 to 64 years,Percentage,Estonia,2020,15.9,,
ESTAT:LFSA_EGAD(1.0),17/04/26 11:00:00,Annual,From 0 to 11 months,Females,From 20 to 64 years,Percentage,Estonia,2021,15.4,b,
ESTAT:LFSA_EGAD(1.0),17/04/26 11:00:00,Annual,From 0 to 11 months,Females,From 20 to 64 years,Percentage,Estonia,2022,18.2,,
ESTAT:LFSA_EGAD(1.0),17/04/26 11:00:00,Annual,From 0 to 11 months,Females,From 20 to 64 years,Percentage,Estonia,2023,16.0,,
ESTAT:LFSA_EGAD(1.0),17/04/26 11:00:00,Annual,From 0 to 11 months,Females,From 20 to 64 years,Percentage,Estonia,2024,14.9,,
ESTAT:LFSA_EGAD(1.0),17/04/26 11:00:00,Annual,From 0 to 11 months,Females,From 20 to 64 years,Percentage,Estonia,2025,14.4,,
ESTAT:LFSA_EGAD(1.0),17/04/26 11:00:00,Annual,From 0 to 11 months,Females,From 20 to 64 years,Percentage,Greece,2016,10.1,,
ESTAT:LFSA_EGAD(1.0),17/04/26 11:00:00,Annual,From 0 to 11 months,Females,From 20 to 64 years,Percentage,Greece,2017,11.3,,
ESTAT:LFSA_EGAD(1.0),17/04/26 11:00:00,Annual,From 0 to 11 months,Females,From 20 to 64 years,Percentage,Greece,2018,11.2,,
ESTAT:LFSA_EGAD(1.0),17/04/26 11:00:00,Annual,From 0 to 11 months,Females,From 20 to 64 years,Percentage,Greece,2019,12.8,,
ESTAT:LFSA_EGAD(1.0),17/04/26 11:00:00,Annual,From 0 to 11 months,Females,From 20 to 64 years,Percentage,Greece,2020,10.6,,
ESTAT:LFSA_EGAD(1.0),17/04/26 11:00:00,Annual,From 0 to 11 months,Females,From 20 to 64 years,Percentage,Greece,2021,12.1,b,
ESTAT:LFSA_EGAD(1.0),17/04/26 11:00:00,Annual,From 0 to 11 months,Females,From 20 to 64 years,Percentage,Greece,2022,12.5,,
ESTAT:LFSA_EGAD(1.0),17/04/26 11:00:00,Annual,From 0 to 11 months,Females,From 20 to 64 years,Percentage,Greece,2023,11.8,,
ESTAT:LFSA_EGAD(1.0),17/04/26 11:00:00,Annual,From 0 to 11 months,Females,From 20 to 64 years,Percentage,Greece,2024,11.0,,
ESTAT:LFSA_EGAD(1.0),17/04/26 11:00:00,Annual,From 0 to 11 months,Females,From 20 to 64 years,Percentage,Greece,2025,10.5,,
ESTAT:LFSA_EGAD(1.0),17/04/26 11:00:00,Annual,From 0 to 11 months,Females,From 20 to 64 years,Percentage,Spain,2016,17.1,,
ESTAT:LFSA_EGAD(1.0),17/04/26 11:00:00,Annual,From 0 to 11 months,Females,From 20 to 64 years,Percentage,Spain,2017,18.1,,
ESTAT:LFSA_EGAD(1.0),17/04/26 11:00:00,Annual,From 0 to 11 months,Females,From 20 to 64 years,Percentage,Spain,2018,18.3,,
ESTAT:LFSA_EGAD(1.0),17/04/26 11:00:00,Annual,From 0 to 11 months,Females,From 20 to 64 years,Percentage,Spain,2019,17.7,,
ESTAT:LFSA_EGAD(1.0),17/04/26 11:00:00,Annual,From 0 to 11 months,Females,From 20 to 64 years,Percentage,Spain,2020,15.5,,
ESTAT:LFSA_EGAD(1.0),17/04/26 11:00:00,Annual,From 0 to 11 months,Females,From 20 to 64 years,Percentage,Spain,2021,17.1,bd,
ESTAT:LFSA_EGAD(1.0),17/04/26 11:00:00,Annual,From 0 to 11 months,Females,From 20 to 64 years,Percentage,Spain,2022,18.4,d,
ESTAT:LFSA_EGAD(1.0),17/04/26 11:00:00,Annual,From 0 to 11 months,Females,From 20 to 64 years,Percentage,Spain,2023,18.3,d,
ESTAT:LFSA_EGAD(1.0),17/04/26 11:00:00,Annual,From 0 to 11 months,Females,From 20 to 64 years,Percentage,Spain,2024,17.9,d,
ESTAT:LFSA_EGAD(1.0),17/04/26 11:00:00,Annual,From 0 to 11 months,Females,From 20 to 64 years,Percentage,Spain,2025,17.5,d,
ESTAT:LFSA_EGAD(1.0),17/04/26 11:00:00,Annual,From 0 to 11 months,Females,From 20 to 64 years,Percentage,European Union - 27 countries (from 2020),2016,13.2,,
ESTAT:LFSA_EGAD(1.0),17/04/26 11:00:00,Annual,From 0 to 11 months,Females,From 20 to 64 years,Percentage,European Union - 27 countries (from 2020),2017,13.6,,
ESTAT:LFSA_EGAD(1.0),17/04/26 11:00:00,Annual,From 0 to 11 months,Females,From 20 to 64 years,Percentage,European Union - 27 countries (from 2020),2018,13.6,,
ESTAT:LFSA_EGAD(1.0),17/04/26 11:00:00,Annual,From 0 to 11 months,Females,From 20 to 64 years,Percentage,European Union - 27 countries (from 2020),2019,13.6,,
ESTAT:LFSA_EGAD(1.0),17/04/26 11:00:00,Annual,From 0 to 11 months,Females,From 20 to 64 years,Percentage,European Union - 27 countries (from 2020),2020,12.4,,
ESTAT:LFSA_EGAD(1.0),17/04/26 11:00:00,Annual,From 0 to 11 months,Females,From 20 to 64 years,Percentage,European Union - 27 countries (from 2020),2021,13.1,b,
ESTAT:LFSA_EGAD(1.0),17/04/26 11:00:00,Annual,From 0 to 11 months,Females,From 20 to 64 years,Percentage,European Union - 27 countries (from 2020),2022,14.3,,
ESTAT:LFSA_EGAD(1.0),17/04/26 11:00:00,Annual,From 0 to 11 months,Females,From 20 to 64 years,Percentage,European Union - 27 countries (from 2020),2023,14.0,,
ESTAT:LFSA_EGAD(1.0),17/04/26 11:00:00,Annual,From 0 to 11 months,Females,From 20 to 64 years,Percentage,European Union - 27 countries (from 2020),2024,13.2,,
ESTAT:LFSA_EGAD(1.0),17/04/26 11:00:00,Annual,From 0 to 11 months,Females,From 20 to 64 years,Percentage,European Union - 27 countries (from 2020),2025,12.5,,
ESTAT:LFSA_EGAD(1.0),17/04/26 11:00:00,Annual,From 0 to 11 months,Females,From 20 to 64 years,Percentage,Finland,2016,18.4,,
ESTAT:LFSA_EGAD(1.0),17/04/26 11:00:00,Annual,From 0 to 11 months,Females,From 20 to 64 years,Percentage,Finland,2017,19.3,,
ESTAT:LFSA_EGAD(1.0),17/04/26 11:00:00,Annual,From 0 to 11 months,Females,From 20 to 64 years,Percentage,Finland,2018,20.8,,
ESTAT:LFSA_EGAD(1.0),17/04/26 11:00:00,Annual,From 0 to 11 months,Females,From 20 to 64 years,Percentage,Finland,2019,20.7,,
ESTAT:LFSA_EGAD(1.0),17/04/26 11:00:00,Annual,From 0 to 11 months,Females,From 20 to 64 years,Percentage,Finland,2020,18.7,,
ESTAT:LFSA_EGAD(1.0),17/04/26 11:00:00,Annual,From 0 to 11 months,Females,From 20 to 64 years,Percentage,Finland,2021,19.8,b,
ESTAT:LFSA_EGAD(1.0),17/04/26 11:00:00,Annual,From 0 to 11 months,Females,From 20 to 64 years,Percentage,Finland,2022,20.6,,
ESTAT:LFSA_EGAD(1.0),17/04/26 11:00:00,Annual,From 0 to 11 months,Females,From 20 to 64 years,Percentage,Finland,2023,20.8,,
ESTAT:LFSA_EGAD(1.0),17/04/26 11:00:00,Annual,From 0 to 11 months,Females,From 20 to 64 years,Percentage,Finland,2024,17.8,,
ESTAT:LFSA_EGAD(1.0),17/04/26 11:00:00,Annual,From 0 to 11 months,Females,From 20 to 64 years,Percentage,Finland,2025,15.7,,
ESTAT:LFSA_EGAD(1.0),17/04/26 11:00:00,Annual,From 0 to 11 months,Females,From 20 to 64 years,Percentage,France,2016,12.7,,
ESTAT:LFSA_EGAD(1.0),17/04/26 11:00:00,Annual,From 0 to 11 months,Females,From 20 to 64 years,Percentage,France,2017,13.8,,
ESTAT:LFSA_EGAD(1.0),17/04/26 11:00:00,Annual,From 0 to 11 months,Females,From 20 to 64 years,Percentage,France,2018,14.0,,
ESTAT:LFSA_EGAD(1.0),17/04/26 11:00:00,Annual,From 0 to 11 months,Females,From 20 to 64 years,Percentage,France,2019,14.2,,
ESTAT:LFSA_EGAD(1.0),17/04/26 11:00:00,Annual,From 0 to 11 months,Females,From 20 to 64 years,Percentage,France,2020,13.2,,
ESTAT:LFSA_EGAD(1.0),17/04/26 11:00:00,Annual,From 0 to 11 months,Females,From 20 to 64 years,Percentage,France,2021,14.2,bd,
ESTAT:LFSA_EGAD(1.0),17/04/26 11:00:00,Annual,From 0 to 11 months,Females,From 20 to 64 years,Percentage,France,2022,15.9,d,
ESTAT:LFSA_EGAD(1.0),17/04/26 11:00:00,Annual,From 0 to 11 months,Females,From 20 to 64 years,Percentage,France,2023,15.9,d,
ESTAT:LFSA_EGAD(1.0),17/04/26 11:00:00,Annual,From 0 to 11 months,Females,From 20 to 64 years,Percentage,France,2024,14.9,d,
ESTAT:LFSA_EGAD(1.0),17/04/26 11:00:00,Annual,From 0 to 11 months,Females,From 20 to 64 years,Percentage,France,2025,14.0,d,
ESTAT:LFSA_EGAD(1.0),17/04/26 11:00:00,Annual,From 0 to 11 months,Females,From 20 to 64 years,Percentage,Croatia,2016,13.7,,
ESTAT:LFSA_EGAD(1.0),17/04/26 11:00:00,Annual,From 0 to 11 months,Females,From 20 to 64 years,Percentage,Croatia,2017,14.4,,
ESTAT:LFSA_EGAD(1.0),17/04/26 11:00:00,Annual,From 0 to 11 months,Females,From 20 to 64 years,Percentage,Croatia,2018,14.1,,
ESTAT:LFSA_EGAD(1.0),17/04/26 11:00:00,Annual,From 0 to 11 months,Females,From 20 to 64 years,Percentage,Croatia,2019,12.7,,
ESTAT:LFSA_EGAD(1.0),17/04/26 11:00:00,Annual,From 0 to 11 months,Females,From 20 to 64 years,Percentage,Croatia,2020,9.9,,
ESTAT:LFSA_EGAD(1.0),17/04/26 11:00:00,Annual,From 0 to 11 months,Females,From 20 to 64 years,Percentage,Croatia,2021,10.4,b,
ESTAT:LFSA_EGAD(1.0),17/04/26 11:00:00,Annual,From 0 to 11 months,Females,From 20 to 64 years,Percentage,Croatia,2022,12.9,,
ESTAT:LFSA_EGAD(1.0),17/04/26 11:00:00,Annual,From 0 to 11 months,Females,From 20 to 64 years,Percentage,Croatia,2023,11.0,,
ESTAT:LFSA_EGAD(1.0),17/04/26 11:00:00,Annual,From 0 to 11 months,Females,From 20 to 64 years,Percentage,Croatia,2024,10.8,,
ESTAT:LFSA_EGAD(1.0),17/04/26 11:00:00,Annual,From 0 to 11 months,Females,From 20 to 64 years,Percentage,Croatia,2025,8.1,,
ESTAT:LFSA_EGAD(1.0),17/04/26 11:00:00,Annual,From 0 to 11 months,Females,From 20 to 64 years,Percentage,Hungary,2016,15.0,,
ESTAT:LFSA_EGAD(1.0),17/04/26 11:00:00,Annual,From 0 to 11 months,Females,From 20 to 64 years,Percentage,Hungary,2017,13.9,,
ESTAT:LFSA_EGAD(1.0),17/04/26 11:00:00,Annual,From 0 to 11 months,Females,From 20 to 64 years,Percentage,Hungary,2018,13.7,b,
ESTAT:LFSA_EGAD(1.0),17/04/26 11:00:00,Annual,From 0 to 11 months,Females,From 20 to 64 years,Percentage,Hungary,2019,14.0,,
ESTAT:LFSA_EGAD(1.0),17/04/26 11:00:00,Annual,From 0 to 11 months,Females,From 20 to 64 years,Percentage,Hungary,2020,14.2,,
ESTAT:LFSA_EGAD(1.0),17/04/26 11:00:00,Annual,From 0 to 11 months,Females,From 20 to 64 years,Percentage,Hungary,2021,13.5,b,
ESTAT:LFSA_EGAD(1.0),17/04/26 11:00:00,Annual,From 0 to 11 months,Females,From 20 to 64 years,Percentage,Hungary,2022,12.7,,
ESTAT:LFSA_EGAD(1.0),17/04/26 11:00:00,Annual,From 0 to 11 months,Females,From 20 to 64 years,Percentage,Hungary,2023,12.1,,
ESTAT:LFSA_EGAD(1.0),17/04/26 11:00:00,Annual,From 0 to 11 months,Females,From 20 to 64 years,Percentage,Hungary,2024,11.5,,
ESTAT:LFSA_EGAD(1.0),17/04/26 11:00:00,Annual,From 0 to 11 months,Females,From 20 to 64 years,Percentage,Hungary,2025,11.7,,
ESTAT:LFSA_EGAD(1.0),17/04/26 11:00:00,Annual,From 0 to 11 months,Females,From 20 to 64 years,Percentage,Ireland,2016,15.4,,
ESTAT:LFSA_EGAD(1.0),17/04/26 11:00:00,Annual,From 0 to 11 months,Females,From 20 to 64 years,Percentage,Ireland,2017,15.0,b,
ESTAT:LFSA_EGAD(1.0),17/04/26 11:00:00,Annual,From 0 to 11 months,Females,From 20 to 64 years,Percentage,Ireland,2018,16.2,,
ESTAT:LFSA_EGAD(1.0),17/04/26 11:00:00,Annual,From 0 to 11 months,Females,From 20 to 64 years,Percentage,Ireland,2019,16.5,,
ESTAT:LFSA_EGAD(1.0),17/04/26 11:00:00,Annual,From 0 to 11 months,Females,From 20 to 64 years,Percentage,Ireland,2020,13.7,,
ESTAT:LFSA_EGAD(1.0),17/04/26 11:00:00,Annual,From 0 to 11 months,Females,From 20 to 64 years,Percentage,Ireland,2021,14.4,b,
ESTAT:LFSA_EGAD(1.0),17/04/26 11:00:00,Annual,From 0 to 11 months,Females,From 20 to 64 years,Percentage,Ireland,2022,17.0,,
ESTAT:LFSA_EGAD(1.0),17/04/26 11:00:00,Annual,From 0 to 11 months,Females,From 20 to 64 years,Percentage,Ireland,2023,15.8,,
ESTAT:LFSA_EGAD(1.0),17/04/26 11:00:00,Annual,From 0 to 11 months,Females,From 20 to 64 years,Percentage,Ireland,2024,15.2,,
ESTAT:LFSA_EGAD(1.0),17/04/26 11:00:00,Annual,From 0 to 11 months,Females,From 20 to 64 years,Percentage,Ireland,2025,14.5,,
ESTAT:LFSA_EGAD(1.0),17/04/26 11:00:00,Annual,From 0 to 11 months,Females,From 20 to 64 years,Percentage,Iceland,2016,18.3,,
ESTAT:LFSA_EGAD(1.0),17/04/26 11:00:00,Annual,From 0 to 11 months,Females,From 20 to 64 years,Percentage,Iceland,2017,19.1,,
ESTAT:LFSA_EGAD(1.0),17/04/26 11:00:00,Annual,From 0 to 11 months,Females,From 20 to 64 years,Percentage,Iceland,2018,17.7,,
ESTAT:LFSA_EGAD(1.0),17/04/26 11:00:00,Annual,From 0 to 11 months,Females,From 20 to 64 years,Percentage,Iceland,2019,16.8,,
ESTAT:LFSA_EGAD(1.0),17/04/26 11:00:00,Annual,From 0 to 11 months,Females,From 20 to 64 years,Percentage,Iceland,2020,15.8,b,
ESTAT:LFSA_EGAD(1.0),17/04/26 11:00:00,Annual,From 0 to 11 months,Females,From 20 to 64 years,Percentage,Iceland,2021,17.4,b,
ESTAT:LFSA_EGAD(1.0),17/04/26 11:00:00,Annual,From 0 to 11 months,Females,From 20 to 64 years,Percentage,Iceland,2022,20.7,,
ESTAT:LFSA_EGAD(1.0),17/04/26 11:00:00,Annual,From 0 to 11 months,Females,From 20 to 64 years,Percentage,Iceland,2023,19.0,,
ESTAT:LFSA_EGAD(1.0),17/04/26 11:00:00,Annual,From 0 to 11 months,Females,From 20 to 64 years,Percentage,Iceland,2024,18.0,,
ESTAT:LFSA_EGAD(1.0),17/04/26 11:00:00,Annual,From 0 to 11 months,Females,From 20 to 64 years,Percentage,Italy,2016,11.5,,
ESTAT:LFSA_EGAD(1.0),17/04/26 11:00:00,Annual,From 0 to 11 months,Females,From 20 to 64 years,Percentage,Italy,2017,11.3,,
ESTAT:LFSA_EGAD(1.0),17/04/26 11:00:00,Annual,From 0 to 11 months,Females,From 20 to 64 years,Percentage,Italy,2018,11.5,b,
ESTAT:LFSA_EGAD(1.0),17/04/26 11:00:00,Annual,From 0 to 11 months,Females,From 20 to 64 years,Percentage,Italy,2019,12.0,,
ESTAT:LFSA_EGAD(1.0),17/04/26 11:00:00,Annual,From 0 to 11 months,Females,From 20 to 64 years,Percentage,Italy,2020,10.8,,
ESTAT:LFSA_EGAD(1.0),17/04/26 11:00:00,Annual,From 0 to 11 months,Females,From 20 to 64 years,Percentage,Italy,2021,12.3,b,
ESTAT:LFSA_EGAD(1.0),17/04/26 11:00:00,Annual,From 0 to 11 months,Females,From 20 to 64 years,Percentage,Italy,2022,13.0,,
ESTAT:LFSA_EGAD(1.0),17/04/26 11:00:00,Annual,From 0 to 11 months,Females,From 20 to 64 years,Percentage,Italy,2023,12.7,,
ESTAT:LFSA_EGAD(1.0),17/04/26 11:00:00,Annual,From 0 to 11 months,Females,From 20 to 64 years,Percentage,Italy,2024,10.4,,
ESTAT:LFSA_EGAD(1.0),17/04/26 11:00:00,Annual,From 0 to 11 months,Females,From 20 to 64 years,Percentage,Italy,2025,7.9,,
ESTAT:LFSA_EGAD(1.0),17/04/26 11:00:00,Annual,From 0 to 11 months,Females,From 20 to 64 years,Percentage,Lithuania,2016,17.6,,
ESTAT:LFSA_EGAD(1.0),17/04/26 11:00:00,Annual,From 0 to 11 months,Females,From 20 to 64 years,Percentage,Lithuania,2017,16.1,,
ESTAT:LFSA_EGAD(1.0),17/04/26 11:00:00,Annual,From 0 to 11 months,Females,From 20 to 64 years,Percentage,Lithuania,2018,17.8,,
ESTAT:LFSA_EGAD(1.0),17/04/26 11:00:00,Annual,From 0 to 11 months,Females,From 20 to 64 years,Percentage,Lithuania,2019,16.6,,
ESTAT:LFSA_EGAD(1.0),17/04/26 11:00:00,Annual,From 0 to 11 months,Females,From 20 to 64 years,Percentage,Lithuania,2020,16.3,,
ESTAT:LFSA_EGAD(1.0),17/04/26 11:00:00,Annual,From 0 to 11 months,Females,From 20 to 64 years,Percentage,Lithuania,2021,8.3,b,
ESTAT:LFSA_EGAD(1.0),17/04/26 11:00:00,Annual,From 0 to 11 months,Females,From 20 to 64 years,Percentage,Lithuania,2022,12.5,,
ESTAT:LFSA_EGAD(1.0),17/04/26 11:00:00,Annual,From 0 to 11 months,Females,From 20 to 64 years,Percentage,Lithuania,2023,10.7,,
ESTAT:LFSA_EGAD(1.0),17/04/26 11:00:00,Annual,From 0 to 11 months,Females,From 20 to 64 years,Percentage,Lithuania,2024,10.2,,
ESTAT:LFSA_EGAD(1.0),17/04/26 11:00:00,Annual,From 0 to 11 months,Females,From 20 to 64 years,Percentage,Lithuania,2025,12.0,,
ESTAT:LFSA_EGAD(1.0),17/04/26 11:00:00,Annual,From 0 to 11 months,Females,From 20 to 64 years,Percentage,Luxembourg,2016,11.8,b,
ESTAT:LFSA_EGAD(1.0),17/04/26 11:00:00,Annual,From 0 to 11 months,Females,From 20 to 64 years,Percentage,Luxembourg,2017,12.3,,
ESTAT:LFSA_EGAD(1.0),17/04/26 11:00:00,Annual,From 0 to 11 months,Females,From 20 to 64 years,Percentage,Luxembourg,2018,14.1,,
ESTAT:LFSA_EGAD(1.0),17/04/26 11:00:00,Annual,From 0 to 11 months,Females,From 20 to 64 years,Percentage,Luxembourg,2019,13.8,,
ESTAT:LFSA_EGAD(1.0),17/04/26 11:00:00,Annual,From 0 to 11 months,Females,From 20 to 64 years,Percentage,Luxembourg,2020,12.0,,
ESTAT:LFSA_EGAD(1.0),17/04/26 11:00:00,Annual,From 0 to 11 months,Females,From 20 to 64 years,Percentage,Luxembourg,2021,11.9,b,
ESTAT:LFSA_EGAD(1.0),17/04/26 11:00:00,Annual,From 0 to 11 months,Females,From 20 to 64 years,Percentage,Luxembourg,2022,12.6,,
ESTAT:LFSA_EGAD(1.0),17/04/26 11:00:00,Annual,From 0 to 11 months,Females,From 20 to 64 years,Percentage,Luxembourg,2023,12.7,,
ESTAT:LFSA_EGAD(1.0),17/04/26 11:00:00,Annual,From 0 to 11 months,Females,From 20 to 64 years,Percentage,Luxembourg,2024,13.2,,
ESTAT:LFSA_EGAD(1.0),17/04/26 11:00:00,Annual,From 0 to 11 months,Females,From 20 to 64 years,Percentage,Luxembourg,2025,13.1,,
ESTAT:LFSA_EGAD(1.0),17/04/26 11:00:00,Annual,From 0 to 11 months,Females,From 20 to 64 years,Percentage,Latvia,2016,12.4,,
ESTAT:LFSA_EGAD(1.0),17/04/26 11:00:00,Annual,From 0 to 11 months,Females,From 20 to 64 years,Percentage,Latvia,2017,14.4,,
ESTAT:LFSA_EGAD(1.0),17/04/26 11:00:00,Annual,From 0 to 11 months,Females,From 20 to 64 years,Percentage,Latvia,2018,13.5,,
ESTAT:LFSA_EGAD(1.0),17/04/26 11:00:00,Annual,From 0 to 11 months,Females,From 20 to 64 years,Percentage,Latvia,2019,13.7,,
ESTAT:LFSA_EGAD(1.0),17/04/26 11:00:00,Annual,From 0 to 11 months,Females,From 20 to 64 years,Percentage,Latvia,2020,13.1,,
ESTAT:LFSA_EGAD(1.0),17/04/26 11:00:00,Annual,From 0 to 11 months,Females,From 20 to 64 years,Percentage,Latvia,2021,11.6,b,
ESTAT:LFSA_EGAD(1.0),17/04/26 11:00:00,Annual,From 0 to 11 months,Females,From 20 to 64 years,Percentage,Latvia,2022,11.2,,
ESTAT:LFSA_EGAD(1.0),17/04/26 11:00:00,Annual,From 0 to 11 months,Females,From 20 to 64 years,Percentage,Latvia,2023,11.3,,
ESTAT:LFSA_EGAD(1.0),17/04/26 11:00:00,Annual,From 0 to 11 months,Females,From 20 to 64 years,Percentage,Latvia,2024,10.3,,
ESTAT:LFSA_EGAD(1.0),17/04/26 11:00:00,Annual,From 0 to 11 months,Females,From 20 to 64 years,Percentage,Latvia,2025,12.0,,
ESTAT:LFSA_EGAD(1.0),17/04/26 11:00:00,Annual,From 0 to 11 months,Females,From 20 to 64 years,Percentage,Montenegro,2016,14.4,,
ESTAT:LFSA_EGAD(1.0),17/04/26 11:00:00,Annual,From 0 to 11 months,Females,From 20 to 64 years,Percentage,Montenegro,2017,12.8,,
ESTAT:LFSA_EGAD(1.0),17/04/26 11:00:00,Annual,From 0 to 11 months,Females,From 20 to 64 years,Percentage,Montenegro,2018,16.2,,
ESTAT:LFSA_EGAD(1.0),17/04/26 11:00:00,Annual,From 0 to 11 months,Females,From 20 to 64 years,Percentage,Montenegro,2019,12.2,,
ESTAT:LFSA_EGAD(1.0),17/04/26 11:00:00,Annual,From 0 to 11 months,Females,From 20 to 64 years,Percentage,Montenegro,2020,8.6,,
ESTAT:LFSA_EGAD(1.0),17/04/26 11:00:00,Annual,From 0 to 11 months,Females,From 20 to 64 years,Percentage,North Macedonia,2016,12.1,,
ESTAT:LFSA_EGAD(1.0),17/04/26 11:00:00,Annual,From 0 to 11 months,Females,From 20 to 64 years,Percentage,North Macedonia,2017,10.2,,
ESTAT:LFSA_EGAD(1.0),17/04/26 11:00:00,Annual,From 0 to 11 months,Females,From 20 to 64 years,Percentage,North Macedonia,2018,12.9,,
ESTAT:LFSA_EGAD(1.0),17/04/26 11:00:00,Annual,From 0 to 11 months,Females,From 20 to 64 years,Percentage,North Macedonia,2019,12.9,,
ESTAT:LFSA_EGAD(1.0),17/04/26 11:00:00,Annual,From 0 to 11 months,Females,From 20 to 64 years,Percentage,North Macedonia,2020,10.3,,
ESTAT:LFSA_EGAD(1.0),17/04/26 11:00:00,Annual,From 0 to 11 months,Females,From 20 to 64 years,Percentage,North Macedonia,2021,10.5,b,
ESTAT:LFSA_EGAD(1.0),17/04/26 11:00:00,Annual,From 0 to 11 months,Females,From 20 to 64 years,Percentage,North Macedonia,2022,11.0,,
ESTAT:LFSA_EGAD(1.0),17/04/26 11:00:00,Annual,From 0 to 11 months,Females,From 20 to 64 years,Percentage,North Macedonia,2023,10.7,,
ESTAT:LFSA_EGAD(1.0),17/04/26 11:00:00,Annual,From 0 to 11 months,Females,From 20 to 64 years,Percentage,North Macedonia,2024,10.4,,
ESTAT:LFSA_EGAD(1.0),17/04/26 11:00:00,Annual,From 0 to 11 months,Females,From 20 to 64 years,Percentage,North Macedonia,2025,8.9,,
ESTAT:LFSA_EGAD(1.0),17/04/26 11:00:00,Annual,From 0 to 11 months,Females,From 20 to 64 years,Percentage,Malta,2016,14.3,,
ESTAT:LFSA_EGAD(1.0),17/04/26 11:00:00,Annual,From 0 to 11 months,Females,From 20 to 64 years,Percentage,Malta,2017,15.7,,
ESTAT:LFSA_EGAD(1.0),17/04/26 11:00:00,Annual,From 0 to 11 months,Females,From 20 to 64 years,Percentage,Malta,2018,17.7,,
ESTAT:LFSA_EGAD(1.0),17/04/26 11:00:00,Annual,From 0 to 11 months,Females,From 20 to 64 years,Percentage,Malta,2019,14.7,,
ESTAT:LFSA_EGAD(1.0),17/04/26 11:00:00,Annual,From 0 to 11 months,Females,From 20 to 64 years,Percentage,Malta,2020,11.2,,
ESTAT:LFSA_EGAD(1.0),17/04/26 11:00:00,Annual,From 0 to 11 months,Females,From 20 to 64 years,Percentage,Malta,2021,14.3,b,
ESTAT:LFSA_EGAD(1.0),17/04/26 11:00:00,Annual,From 0 to 11 months,Females,From 20 to 64 years,Percentage,Malta,2022,13.2,,
ESTAT:LFSA_EGAD(1.0),17/04/26 11:00:00,Annual,From 0 to 11 months,Females,From 20 to 64 years,Percentage,Malta,2023,14.2,,
ESTAT:LFSA_EGAD(1.0),17/04/26 11:00:00,Annual,From 0 to 11 months,Females,From 20 to 64 years,Percentage,Malta,2024,12.9,,
ESTAT:LFSA_EGAD(1.0),17/04/26 11:00:00,Annual,From 0 to 11 months,Females,From 20 to 64 years,Percentage,Malta,2025,11.4,,
ESTAT:LFSA_EGAD(1.0),17/04/26 11:00:00,Annual,From 0 to 11 months,Females,From 20 to 64 years,Percentage,Netherlands,2016,14.7,,
ESTAT:LFSA_EGAD(1.0),17/04/26 11:00:00,Annual,From 0 to 11 months,Females,From 20 to 64 years,Percentage,Netherlands,2017,15.3,,
ESTAT:LFSA_EGAD(1.0),17/04/26 11:00:00,Annual,From 0 to 11 months,Females,From 20 to 64 years,Percentage,Netherlands,2018,16.2,,
ESTAT:LFSA_EGAD(1.0),17/04/26 11:00:00,Annual,From 0 to 11 months,Females,From 20 to 64 years,Percentage,Netherlands,2019,16.2,,
ESTAT:LFSA_EGAD(1.0),17/04/26 11:00:00,Annual,From 0 to 11 months,Females,From 20 to 64 years,Percentage,Netherlands,2020,14.3,,
ESTAT:LFSA_EGAD(1.0),17/04/26 11:00:00,Annual,From 0 to 11 months,Females,From 20 to 64 years,Percentage,Netherlands,2021,17.2,b,
ESTAT:LFSA_EGAD(1.0),17/04/26 11:00:00,Annual,From 0 to 11 months,Females,From 20 to 64 years,Percentage,Netherlands,2022,19.6,,
ESTAT:LFSA_EGAD(1.0),17/04/26 11:00:00,Annual,From 0 to 11 months,Females,From 20 to 64 years,Percentage,Netherlands,2023,18.8,,
ESTAT:LFSA_EGAD(1.0),17/04/26 11:00:00,Annual,From 0 to 11 months,Females,From 20 to 64 years,Percentage,Netherlands,2024,17.5,,
ESTAT:LFSA_EGAD(1.0),17/04/26 11:00:00,Annual,From 0 to 11 months,Females,From 20 to 64 years,Percentage,Netherlands,2025,17.0,,
ESTAT:LFSA_EGAD(1.0),17/04/26 11:00:00,Annual,From 0 to 11 months,Females,From 20 to 64 years,Percentage,Norway,2016,13.6,,
ESTAT:LFSA_EGAD(1.0),17/04/26 11:00:00,Annual,From 0 to 11 months,Females,From 20 to 64 years,Percentage,Norway,2017,13.7,,
ESTAT:LFSA_EGAD(1.0),17/04/26 11:00:00,Annual,From 0 to 11 months,Females,From 20 to 64 years,Percentage,Norway,2018,13.6,,
ESTAT:LFSA_EGAD(1.0),17/04/26 11:00:00,Annual,From 0 to 11 months,Females,From 20 to 64 years,Percentage,Norway,2019,13.9,,
ESTAT:LFSA_EGAD(1.0),17/04/26 11:00:00,Annual,From 0 to 11 months,Females,From 20 to 64 years,Percentage,Norway,2020,13.7,,
ESTAT:LFSA_EGAD(1.0),17/04/26 11:00:00,Annual,From 0 to 11 months,Females,From 20 to 64 years,Percentage,Norway,2021,11.3,b,
ESTAT:LFSA_EGAD(1.0),17/04/26 11:00:00,Annual,From 0 to 11 months,Females,From 20 to 64 years,Percentage,Norway,2022,17.4,,
ESTAT:LFSA_EGAD(1.0),17/04/26 11:00:00,Annual,From 0 to 11 months,Females,From 20 to 64 years,Percentage,Norway,2023,17.2,,
ESTAT:LFSA_EGAD(1.0),17/04/26 11:00:00,Annual,From 0 to 11 months,Females,From 20 to 64 years,Percentage,Norway,2024,12.5,,
ESTAT:LFSA_EGAD(1.0),17/04/26 11:00:00,Annual,From 0 to 11 months,Females,From 20 to 64 years,Percentage,Norway,2025,11.2,,
ESTAT:LFSA_EGAD(1.0),17/04/26 11:00:00,Annual,From 0 to 11 months,Females,From 20 to 64 years,Percentage,Poland,2016,11.7,,
ESTAT:LFSA_EGAD(1.0),17/04/26 11:00:00,Annual,From 0 to 11 months,Females,From 20 to 64 years,Percentage,Poland,2017,11.5,,
ESTAT:LFSA_EGAD(1.0),17/04/26 11:00:00,Annual,From 0 to 11 months,Females,From 20 to 64 years,Percentage,Poland,2018,11.5,,
ESTAT:LFSA_EGAD(1.0),17/04/26 11:00:00,Annual,From 0 to 11 months,Females,From 20 to 64 years,Percentage,Poland,2019,11.2,b,
ESTAT:LFSA_EGAD(1.0),17/04/26 11:00:00,Annual,From 0 to 11 months,Females,From 20 to 64 years,Percentage,Poland,2020,9.7,,
ESTAT:LFSA_EGAD(1.0),17/04/26 11:00:00,Annual,From 0 to 11 months,Females,From 20 to 64 years,Percentage,Poland,2021,9.0,b,
ESTAT:LFSA_EGAD(1.0),17/04/26 11:00:00,Annual,From 0 to 11 months,Females,From 20 to 64 years,Percentage,Poland,2022,9.4,,
ESTAT:LFSA_EGAD(1.0),17/04/26 11:00:00,Annual,From 0 to 11 months,Females,From 20 to 64 years,Percentage,Poland,2023,8.8,,
ESTAT:LFSA_EGAD(1.0),17/04/26 11:00:00,Annual,From 0 to 11 months,Females,From 20 to 64 years,Percentage,Poland,2024,9.1,,
ESTAT:LFSA_EGAD(1.0),17/04/26 11:00:00,Annual,From 0 to 11 months,Females,From 20 to 64 years,Percentage,Poland,2025,9.1,,
ESTAT:LFSA_EGAD(1.0),17/04/26 11:00:00,Annual,From 0 to 11 months,Females,From 20 to 64 years,Percentage,Portugal,2016,14.1,,
ESTAT:LFSA_EGAD(1.0),17/04/26 11:00:00,Annual,From 0 to 11 months,Females,From 20 to 64 years,Percentage,Portugal,2017,14.7,,
ESTAT:LFSA_EGAD(1.0),17/04/26 11:00:00,Annual,From 0 to 11 months,Females,From 20 to 64 years,Percentage,Portugal,2018,14.9,,
ESTAT:LFSA_EGAD(1.0),17/04/26 11:00:00,Annual,From 0 to 11 months,Females,From 20 to 64 years,Percentage,Portugal,2019,15.0,,
ESTAT:LFSA_EGAD(1.0),17/04/26 11:00:00,Annual,From 0 to 11 months,Females,From 20 to 64 years,Percentage,Portugal,2020,12.5,,
ESTAT:LFSA_EGAD(1.0),17/04/26 11:00:00,Annual,From 0 to 11 months,Females,From 20 to 64 years,Percentage,Portugal,2021,12.0,b,
ESTAT:LFSA_EGAD(1.0),17/04/26 11:00:00,Annual,From 0 to 11 months,Females,From 20 to 64 years,Percentage,Portugal,2022,13.6,,
ESTAT:LFSA_EGAD(1.0),17/04/26 11:00:00,Annual,From 0 to 11 months,Females,From 20 to 64 years,Percentage,Portugal,2023,14.5,,
ESTAT:LFSA_EGAD(1.0),17/04/26 11:00:00,Annual,From 0 to 11 months,Females,From 20 to 64 years,Percentage,Portugal,2024,13.8,,
ESTAT:LFSA_EGAD(1.0),17/04/26 11:00:00,Annual,From 0 to 11 months,Females,From 20 to 64 years,Percentage,Portugal,2025,13.2,,
ESTAT:LFSA_EGAD(1.0),17/04/26 11:00:00,Annual,From 0 to 11 months,Females,From 20 to 64 years,Percentage,Romania,2016,4.1,,
ESTAT:LFSA_EGAD(1.0),17/04/26 11:00:00,Annual,From 0 to 11 months,Females,From 20 to 64 years,Percentage,Romania,2017,5.3,,
ESTAT:LFSA_EGAD(1.0),17/04/26 11:00:00,Annual,From 0 to 11 months,Females,From 20 to 64 years,Percentage,Romania,2018,4.3,,
ESTAT:LFSA_EGAD(1.0),17/04/26 11:00:00,Annual,From 0 to 11 months,Females,From 20 to 64 years,Percentage,Romania,2019,4.4,,
ESTAT:LFSA_EGAD(1.0),17/04/26 11:00:00,Annual,From 0 to 11 months,Females,From 20 to 64 years,Percentage,Romania,2020,3.7,,
ESTAT:LFSA_EGAD(1.0),17/04/26 11:00:00,Annual,From 0 to 11 months,Females,From 20 to 64 years,Percentage,Romania,2021,4.5,b,
ESTAT:LFSA_EGAD(1.0),17/04/26 11:00:00,Annual,From 0 to 11 months,Females,From 20 to 64 years,Percentage,Romania,2022,4.9,,
ESTAT:LFSA_EGAD(1.0),17/04/26 11:00:00,Annual,From 0 to 11 months,Females,From 20 to 64 years,Percentage,Romania,2023,4.6,,
ESTAT:LFSA_EGAD(1.0),17/04/26 11:00:00,Annual,From 0 to 11 months,Females,From 20 to 64 years,Percentage,Romania,2024,4.6,,
ESTAT:LFSA_EGAD(1.0),17/04/26 11:00:00,Annual,From 0 to 11 months,Females,From 20 to 64 years,Percentage,Romania,2025,4.0,,
ESTAT:LFSA_EGAD(1.0),17/04/26 11:00:00,Annual,From 0 to 11 months,Females,From 20 to 64 years,Percentage,Serbia,2016,13.5,,
ESTAT:LFSA_EGAD(1.0),17/04/26 11:00:00,Annual,From 0 to 11 months,Females,From 20 to 64 years,Percentage,Serbia,2017,13.8,,
ESTAT:LFSA_EGAD(1.0),17/04/26 11:00:00,Annual,From 0 to 11 months,Females,From 20 to 64 years,Percentage,Serbia,2018,14.0,,
ESTAT:LFSA_EGAD(1.0),17/04/26 11:00:00,Annual,From 0 to 11 months,Females,From 20 to 64 years,Percentage,Serbia,2019,13.4,,
ESTAT:LFSA_EGAD(1.0),17/04/26 11:00:00,Annual,From 0 to 11 months,Females,From 20 to 64 years,Percentage,Serbia,2020,12.0,,
ESTAT:LFSA_EGAD(1.0),17/04/26 11:00:00,Annual,From 0 to 11 months,Females,From 20 to 64 years,Percentage,Serbia,2021,13.1,b,
ESTAT:LFSA_EGAD(1.0),17/04/26 11:00:00,Annual,From 0 to 11 months,Females,From 20 to 64 years,Percentage,Serbia,2022,12.9,,
ESTAT:LFSA_EGAD(1.0),17/04/26 11:00:00,Annual,From 0 to 11 months,Females,From 20 to 64 years,Percentage,Serbia,2023,13.0,,
ESTAT:LFSA_EGAD(1.0),17/04/26 11:00:00,Annual,From 0 to 11 months,Females,From 20 to 64 years,Percentage,Serbia,2024,11.8,,
ESTAT:LFSA_EGAD(1.0),17/04/26 11:00:00,Annual,From 0 to 11 months,Females,From 20 to 64 years,Percentage,Serbia,2025,10.3,,
ESTAT:LFSA_EGAD(1.0),17/04/26 11:00:00,Annual,From 0 to 11 months,Females,From 20 to 64 years,Percentage,Sweden,2016,19.6,,
ESTAT:LFSA_EGAD(1.0),17/04/26 11:00:00,Annual,From 0 to 11 months,Females,From 20 to 64 years,Percentage,Sweden,2017,20.1,,
ESTAT:LFSA_EGAD(1.0),17/04/26 11:00:00,Annual,From 0 to 11 months,Females,From 20 to 64 years,Percentage,Sweden,2018,20.2,b,
ESTAT:LFSA_EGAD(1.0),17/04/26 11:00:00,Annual,From 0 to 11 months,Females,From 20 to 64 years,Percentage,Sweden,2019,19.5,,
ESTAT:LFSA_EGAD(1.0),17/04/26 11:00:00,Annual,From 0 to 11 months,Females,From 20 to 64 years,Percentage,Sweden,2020,17.5,,
ESTAT:LFSA_EGAD(1.0),17/04/26 11:00:00,Annual,From 0 to 11 months,Females,From 20 to 64 years,Percentage,Sweden,2021,15.9,b,
ESTAT:LFSA_EGAD(1.0),17/04/26 11:00:00,Annual,From 0 to 11 months,Females,From 20 to 64 years,Percentage,Sweden,2022,18.5,,
ESTAT:LFSA_EGAD(1.0),17/04/26 11:00:00,Annual,From 0 to 11 months,Females,From 20 to 64 years,Percentage,Sweden,2023,17.4,,
ESTAT:LFSA_EGAD(1.0),17/04/26 11:00:00,Annual,From 0 to 11 months,Females,From 20 to 64 years,Percentage,Sweden,2024,15.0,,
ESTAT:LFSA_EGAD(1.0),17/04/26 11:00:00,Annual,From 0 to 11 months,Females,From 20 to 64 years,Percentage,Sweden,2025,13.8,,
ESTAT:LFSA_EGAD(1.0),17/04/26 11:00:00,Annual,From 0 to 11 months,Females,From 20 to 64 years,Percentage,Slovenia,2016,11.6,,
ESTAT:LFSA_EGAD(1.0),17/04/26 11:00:00,Annual,From 0 to 11 months,Females,From 20 to 64 years,Percentage,Slovenia,2017,13.7,,
ESTAT:LFSA_EGAD(1.0),17/04/26 11:00:00,Annual,From 0 to 11 months,Females,From 20 to 64 years,Percentage,Slovenia,2018,11.9,,
ESTAT:LFSA_EGAD(1.0),17/04/26 11:00:00,Annual,From 0 to 11 months,Females,From 20 to 64 years,Percentage,Slovenia,2019,12.4,,
ESTAT:LFSA_EGAD(1.0),17/04/26 11:00:00,Annual,From 0 to 11 months,Females,From 20 to 64 years,Percentage,Slovenia,2020,11.3,,
ESTAT:LFSA_EGAD(1.0),17/04/26 11:00:00,Annual,From 0 to 11 months,Females,From 20 to 64 years,Percentage,Slovenia,2021,12.1,b,
ESTAT:LFSA_EGAD(1.0),17/04/26 11:00:00,Annual,From 0 to 11 months,Females,From 20 to 64 years,Percentage,Slovenia,2022,11.3,,
ESTAT:LFSA_EGAD(1.0),17/04/26 11:00:00,Annual,From 0 to 11 months,Females,From 20 to 64 years,Percentage,Slovenia,2023,10.9,,
ESTAT:LFSA_EGAD(1.0),17/04/26 11:00:00,Annual,From 0 to 11 months,Females,From 20 to 64 years,Percentage,Slovenia,2024,10.1,,
ESTAT:LFSA_EGAD(1.0),17/04/26 11:00:00,Annual,From 0 to 11 months,Females,From 20 to 64 years,Percentage,Slovenia,2025,9.9,,
ESTAT:LFSA_EGAD(1.0),17/04/26 11:00:00,Annual,From 0 to 11 months,Females,From 20 to 64 years,Percentage,Slovakia,2016,12.4,,
ESTAT:LFSA_EGAD(1.0),17/04/26 11:00:00,Annual,From 0 to 11 months,Females,From 20 to 64 years,Percentage,Slovakia,2017,12.9,,
ESTAT:LFSA_EGAD(1.0),17/04/26 11:00:00,Annual,From 0 to 11 months,Females,From 20 to 64 years,Percentage,Slovakia,2018,11.7,,
ESTAT:LFSA_EGAD(1.0),17/04/26 11:00:00,Annual,From 0 to 11 months,Females,From 20 to 64 years,Percentage,Slovakia,2019,10.8,,
ESTAT:LFSA_EGAD(1.0),17/04/26 11:00:00,Annual,From 0 to 11 months,Females,From 20 to 64 years,Percentage,Slovakia,2020,9.1,,
ESTAT:LFSA_EGAD(1.0),17/04/26 11:00:00,Annual,From 0 to 11 months,Females,From 20 to 64 years,Percentage,Slovakia,2021,7.7,b,
ESTAT:LFSA_EGAD(1.0),17/04/26 11:00:00,Annual,From 0 to 11 months,Females,From 20 to 64 years,Percentage,Slovakia,2022,7.3,,
ESTAT:LFSA_EGAD(1.0),17/04/26 11:00:00,Annual,From 0 to 11 months,Females,From 20 to 64 years,Percentage,Slovakia,2023,7.8,,
ESTAT:LFSA_EGAD(1.0),17/04/26 11:00:00,Annual,From 0 to 11 months,Females,From 20 to 64 years,Percentage,Slovakia,2024,7.4,,
ESTAT:LFSA_EGAD(1.0),17/04/26 11:00:00,Annual,From 0 to 11 months,Females,From 20 to 64 years,Percentage,Slovakia,2025,6.2,,
ESTAT:LFSA_EGAD(1.0),17/04/26 11:00:00,Annual,From 0 to 11 months,Females,From 20 to 64 years,Percentage,Türkiye,2016,24.4,,
ESTAT:LFSA_EGAD(1.0),17/04/26 11:00:00,Annual,From 0 to 11 months,Females,From 20 to 64 years,Percentage,Türkiye,2017,24.9,,
ESTAT:LFSA_EGAD(1.0),17/04/26 11:00:00,Annual,From 0 to 11 months,Females,From 20 to 64 years,Percentage,Türkiye,2018,26.1,,
ESTAT:LFSA_EGAD(1.0),17/04/26 11:00:00,Annual,From 0 to 11 months,Females,From 20 to 64 years,Percentage,Türkiye,2019,24.1,,
ESTAT:LFSA_EGAD(1.0),17/04/26 11:00:00,Annual,From 0 to 11 months,Females,From 20 to 64 years,Percentage,Türkiye,2020,22.4,,
ESTAT:LFSA_EGAD(1.0),17/04/26 11:00:00,Annual,From 0 to 11 months,Females,From 20 to 64 years,Percentage,Türkiye,2021,23.8,b,
ESTAT:LFSA_EGAD(1.0),17/04/26 11:00:00,Annual,From 0 to 11 months,Females,From 20 to 64 years,Percentage,Türkiye,2022,26.6,,
ESTAT:LFSA_EGAD(1.0),17/04/26 11:00:00,Annual,From 0 to 11 months,Females,From 20 to 64 years,Percentage,Türkiye,2023,26.7,,
ESTAT:LFSA_EGAD(1.0),17/04/26 11:00:00,Annual,From 0 to 11 months,Females,From 20 to 64 years,Percentage,Türkiye,2024,26.4,,
ESTAT:LFSA_EGAD(1.0),17/04/26 11:00:00,Annual,From 0 to 11 months,Females,From 20 to 64 years,Percentage,Türkiye,2025,26.4,,
ESTAT:LFSA_EGAD(1.0),17/04/26 11:00:00,Annual,From 0 to 11 months,Females,From 20 to 64 years,Percentage,United Kingdom,2016,15.7,,
ESTAT:LFSA_EGAD(1.0),17/04/26 11:00:00,Annual,From 0 to 11 months,Females,From 20 to 64 years,Percentage,United Kingdom,2017,15.8,,
ESTAT:LFSA_EGAD(1.0),17/04/26 11:00:00,Annual,From 0 to 11 months,Females,From 20 to 64 years,Percentage,United Kingdom,2018,15.2,,
ESTAT:LFSA_EGAD(1.0),17/04/26 11:00:00,Annual,From 0 to 11 months,Females,From 20 to 64 years,Percentage,United Kingdom,2019,15.1,,
ESTAT:LFSA_EGAD(1.0),17/04/26 11:00:00,Annual,From 0 to 11 months,Males,From 20 to 64 years,Percentage,Austria,2016,13.6,,
ESTAT:LFSA_EGAD(1.0),17/04/26 11:00:00,Annual,From 0 to 11 months,Males,From 20 to 64 years,Percentage,Austria,2017,14.6,,
ESTAT:LFSA_EGAD(1.0),17/04/26 11:00:00,Annual,From 0 to 11 months,Males,From 20 to 64 years,Percentage,Austria,2018,14.3,,
ESTAT:LFSA_EGAD(1.0),17/04/26 11:00:00,Annual,From 0 to 11 months,Males,From 20 to 64 years,Percentage,Austria,2019,15.2,,
ESTAT:LFSA_EGAD(1.0),17/04/26 11:00:00,Annual,From 0 to 11 months,Males,From 20 to 64 years,Percentage,Austria,2020,12.6,,
ESTAT:LFSA_EGAD(1.0),17/04/26 11:00:00,Annual,From 0 to 11 months,Males,From 20 to 64 years,Percentage,Austria,2021,13.3,b,
ESTAT:LFSA_EGAD(1.0),17/04/26 11:00:00,Annual,From 0 to 11 months,Males,From 20 to 64 years,Percentage,Austria,2022,13.6,,
ESTAT:LFSA_EGAD(1.0),17/04/26 11:00:00,Annual,From 0 to 11 months,Males,From 20 to 64 years,Percentage,Austria,2023,13.5,,
ESTAT:LFSA_EGAD(1.0),17/04/26 11:00:00,Annual,From 0 to 11 months,Males,From 20 to 64 years,Percentage,Austria,2024,13.0,,
ESTAT:LFSA_EGAD(1.0),17/04/26 11:00:00,Annual,From 0 to 11 months,Males,From 20 to 64 years,Percentage,Austria,2025,12.7,,
ESTAT:LFSA_EGAD(1.0),17/04/26 11:00:00,Annual,From 0 to 11 months,Males,From 20 to 64 years,Percentage,Bosnia and Herzegovina,2021,6.3,b,
ESTAT:LFSA_EGAD(1.0),17/04/26 11:00:00,Annual,From 0 to 11 months,Males,From 20 to 64 years,Percentage,Bosnia and Herzegovina,2022,4.5,,
ESTAT:LFSA_EGAD(1.0),17/04/26 11:00:00,Annual,From 0 to 11 months,Males,From 20 to 64 years,Percentage,Bosnia and Herzegovina,2023,3.5,,
ESTAT:LFSA_EGAD(1.0),17/04/26 11:00:00,Annual,From 0 to 11 months,Males,From 20 to 64 years,Percentage,Bosnia and Herzegovina,2024,4.2,,
ESTAT:LFSA_EGAD(1.0),17/04/26 11:00:00,Annual,From 0 to 11 months,Males,From 20 to 64 years,Percentage,Bosnia and Herzegovina,2025,3.7,,
ESTAT:LFSA_EGAD(1.0),17/04/26 11:00:00,Annual,From 0 to 11 months,Males,From 20 to 64 years,Percentage,Belgium,2016,11.1,,
ESTAT:LFSA_EGAD(1.0),17/04/26 11:00:00,Annual,From 0 to 11 months,Males,From 20 to 64 years,Percentage,Belgium,2017,11.5,b,
ESTAT:LFSA_EGAD(1.0),17/04/26 11:00:00,Annual,From 0 to 11 months,Males,From 20 to 64 years,Percentage,Belgium,2018,10.9,,
ESTAT:LFSA_EGAD(1.0),17/04/26 11:00:00,Annual,From 0 to 11 months,Males,From 20 to 64 years,Percentage,Belgium,2019,11.2,,
ESTAT:LFSA_EGAD(1.0),17/04/26 11:00:00,Annual,From 0 to 11 months,Males,From 20 to 64 years,Percentage,Belgium,2020,10.4,,
ESTAT:LFSA_EGAD(1.0),17/04/26 11:00:00,Annual,From 0 to 11 months,Males,From 20 to 64 years,Percentage,Belgium,2021,11.7,b,
ESTAT:LFSA_EGAD(1.0),17/04/26 11:00:00,Annual,From 0 to 11 months,Males,From 20 to 64 years,Percentage,Belgium,2022,11.9,,
ESTAT:LFSA_EGAD(1.0),17/04/26 11:00:00,Annual,From 0 to 11 months,Males,From 20 to 64 years,Percentage,Belgium,2023,11.1,,
ESTAT:LFSA_EGAD(1.0),17/04/26 11:00:00,Annual,From 0 to 11 months,Males,From 20 to 64 years,Percentage,Belgium,2024,10.8,,
ESTAT:LFSA_EGAD(1.0),17/04/26 11:00:00,Annual,From 0 to 11 months,Males,From 20 to 64 years,Percentage,Belgium,2025,12.1,,
ESTAT:LFSA_EGAD(1.0),17/04/26 11:00:00,Annual,From 0 to 11 months,Males,From 20 to 64 years,Percentage,Bulgaria,2016,9.8,,
ESTAT:LFSA_EGAD(1.0),17/04/26 11:00:00,Annual,From 0 to 11 months,Males,From 20 to 64 years,Percentage,Bulgaria,2017,10.2,,
ESTAT:LFSA_EGAD(1.0),17/04/26 11:00:00,Annual,From 0 to 11 months,Males,From 20 to 64 years,Percentage,Bulgaria,2018,8.5,,
ESTAT:LFSA_EGAD(1.0),17/04/26 11:00:00,Annual,From 0 to 11 months,Males,From 20 to 64 years,Percentage,Bulgaria,2019,8.3,b,
ESTAT:LFSA_EGAD(1.0),17/04/26 11:00:00,Annual,From 0 to 11 months,Males,From 20 to 64 years,Percentage,Bulgaria,2020,6.7,,
ESTAT:LFSA_EGAD(1.0),17/04/26 11:00:00,Annual,From 0 to 11 months,Males,From 20 to 64 years,Percentage,Bulgaria,2021,7.3,b,
ESTAT:LFSA_EGAD(1.0),17/04/26 11:00:00,Annual,From 0 to 11 months,Males,From 20 to 64 years,Percentage,Bulgaria,2022,7.5,,
ESTAT:LFSA_EGAD(1.0),17/04/26 11:00:00,Annual,From 0 to 11 months,Males,From 20 to 64 years,Percentage,Bulgaria,2023,6.9,,
ESTAT:LFSA_EGAD(1.0),17/04/26 11:00:00,Annual,From 0 to 11 months,Males,From 20 to 64 years,Percentage,Bulgaria,2024,5.9,b,
ESTAT:LFSA_EGAD(1.0),17/04/26 11:00:00,Annual,From 0 to 11 months,Males,From 20 to 64 years,Percentage,Bulgaria,2025,6.2,,
ESTAT:LFSA_EGAD(1.0),17/04/26 11:00:00,Annual,From 0 to 11 months,Males,From 20 to 64 years,Percentage,Switzerland,2016,14.2,,
ESTAT:LFSA_EGAD(1.0),17/04/26 11:00:00,Annual,From 0 to 11 months,Males,From 20 to 64 years,Percentage,Switzerland,2017,14.8,,
ESTAT:LFSA_EGAD(1.0),17/04/26 11:00:00,Annual,From 0 to 11 months,Males,From 20 to 64 years,Percentage,Switzerland,2018,15.7,,
ESTAT:LFSA_EGAD(1.0),17/04/26 11:00:00,Annual,From 0 to 11 months,Males,From 20 to 64 years,Percentage,Switzerland,2019,15.6,,
ESTAT:LFSA_EGAD(1.0),17/04/26 11:00:00,Annual,From 0 to 11 months,Males,From 20 to 64 years,Percentage,Switzerland,2020,15.1,,
ESTAT:LFSA_EGAD(1.0),17/04/26 11:00:00,Annual,From 0 to 11 months,Males,From 20 to 64 years,Percentage,Switzerland,2021,14.5,b,
ESTAT:LFSA_EGAD(1.0),17/04/26 11:00:00,Annual,From 0 to 11 months,Males,From 20 to 64 years,Percentage,Switzerland,2022,15.1,,
ESTAT:LFSA_EGAD(1.0),17/04/26 11:00:00,Annual,From 0 to 11 months,Males,From 20 to 64 years,Percentage,Switzerland,2023,15.6,,
ESTAT:LFSA_EGAD(1.0),17/04/26 11:00:00,Annual,From 0 to 11 months,Males,From 20 to 64 years,Percentage,Switzerland,2024,15.0,,
ESTAT:LFSA_EGAD(1.0),17/04/26 11:00:00,Annual,From 0 to 11 months,Males,From 20 to 64 years,Percentage,Switzerland,2025,14.2,,
ESTAT:LFSA_EGAD(1.0),17/04/26 11:00:00,Annual,From 0 to 11 months,Males,From 20 to 64 years,Percentage,Cyprus,2016,18.5,,
ESTAT:LFSA_EGAD(1.0),17/04/26 11:00:00,Annual,From 0 to 11 months,Males,From 20 to 64 years,Percentage,Cyprus,2017,18.9,,
ESTAT:LFSA_EGAD(1.0),17/04/26 11:00:00,Annual,From 0 to 11 months,Males,From 20 to 64 years,Percentage,Cyprus,2018,18.5,,
ESTAT:LFSA_EGAD(1.0),17/04/26 11:00:00,Annual,From 0 to 11 months,Males,From 20 to 64 years,Percentage,Cyprus,2019,17.1,,
ESTAT:LFSA_EGAD(1.0),17/04/26 11:00:00,Annual,From 0 to 11 months,Males,From 20 to 64 years,Percentage,Cyprus,2020,15.9,,
ESTAT:LFSA_EGAD(1.0),17/04/26 11:00:00,Annual,From 0 to 11 months,Males,From 20 to 64 years,Percentage,Cyprus,2021,16.2,b,
ESTAT:LFSA_EGAD(1.0),17/04/26 11:00:00,Annual,From 0 to 11 months,Males,From 20 to 64 years,Percentage,Cyprus,2022,16.1,,
ESTAT:LFSA_EGAD(1.0),17/04/26 11:00:00,Annual,From 0 to 11 months,Males,From 20 to 64 years,Percentage,Cyprus,2023,15.8,,
ESTAT:LFSA_EGAD(1.0),17/04/26 11:00:00,Annual,From 0 to 11 months,Males,From 20 to 64 years,Percentage,Cyprus,2024,15.6,,
ESTAT:LFSA_EGAD(1.0),17/04/26 11:00:00,Annual,From 0 to 11 months,Males,From 20 to 64 years,Percentage,Cyprus,2025,14.8,,
ESTAT:LFSA_EGAD(1.0),17/04/26 11:00:00,Annual,From 0 to 11 months,Males,From 20 to 64 years,Percentage,Czechia,2016,8.5,,
ESTAT:LFSA_EGAD(1.0),17/04/26 11:00:00,Annual,From 0 to 11 months,Males,From 20 to 64 years,Percentage,Czechia,2017,8.6,,
ESTAT:LFSA_EGAD(1.0),17/04/26 11:00:00,Annual,From 0 to 11 months,Males,From 20 to 64 years,Percentage,Czechia,2018,8.1,,
ESTAT:LFSA_EGAD(1.0),17/04/26 11:00:00,Annual,From 0 to 11 months,Males,From 20 to 64 years,Percentage,Czechia,2019,7.6,,
ESTAT:LFSA_EGAD(1.0),17/04/26 11:00:00,Annual,From 0 to 11 months,Males,From 20 to 64 years,Percentage,Czechia,2020,7.2,,
ESTAT:LFSA_EGAD(1.0),17/04/26 11:00:00,Annual,From 0 to 11 months,Males,From 20 to 64 years,Percentage,Czechia,2021,6.9,b,
ESTAT:LFSA_EGAD(1.0),17/04/26 11:00:00,Annual,From 0 to 11 months,Males,From 20 to 64 years,Percentage,Czechia,2022,7.4,,
ESTAT:LFSA_EGAD(1.0),17/04/26 11:00:00,Annual,From 0 to 11 months,Males,From 20 to 64 years,Percentage,Czechia,2023,6.9,,
ESTAT:LFSA_EGAD(1.0),17/04/26 11:00:00,Annual,From 0 to 11 months,Males,From 20 to 64 years,Percentage,Czechia,2024,6.7,,
ESTAT:LFSA_EGAD(1.0),17/04/26 11:00:00,Annual,From 0 to 11 months,Males,From 20 to 64 years,Percentage,Czechia,2025,7.1,,
ESTAT:LFSA_EGAD(1.0),17/04/26 11:00:00,Annual,From 0 to 11 months,Males,From 20 to 64 years,Percentage,Germany,2016,12.0,,
ESTAT:LFSA_EGAD(1.0),17/04/26 11:00:00,Annual,From 0 to 11 months,Males,From 20 to 64 years,Percentage,Germany,2017,12.1,,
ESTAT:LFSA_EGAD(1.0),17/04/26 11:00:00,Annual,From 0 to 11 months,Males,From 20 to 64 years,Percentage,Germany,2018,12.5,,
ESTAT:LFSA_EGAD(1.0),17/04/26 11:00:00,Annual,From 0 to 11 months,Males,From 20 to 64 years,Percentage,Germany,2019,12.2,,
ESTAT:LFSA_EGAD(1.0),17/04/26 11:00:00,Annual,From 0 to 11 months,Males,From 20 to 64 years,Percentage,Germany,2020,11.2,b,
ESTAT:LFSA_EGAD(1.0),17/04/26 11:00:00,Annual,From 0 to 11 months,Males,From 20 to 64 years,Percentage,Germany,2021,12.1,b,
ESTAT:LFSA_EGAD(1.0),17/04/26 11:00:00,Annual,From 0 to 11 months,Males,From 20 to 64 years,Percentage,Germany,2022,14.0,,
ESTAT:LFSA_EGAD(1.0),17/04/26 11:00:00,Annual,From 0 to 11 months,Males,From 20 to 64 years,Percentage,Germany,2023,13.7,,
ESTAT:LFSA_EGAD(1.0),17/04/26 11:00:00,Annual,From 0 to 11 months,Males,From 20 to 64 years,Percentage,Germany,2024,13.0,,
ESTAT:LFSA_EGAD(1.0),17/04/26 11:00:00,Annual,From 0 to 11 months,Males,From 20 to 64 years,Percentage,Germany,2025,12.7,,
ESTAT:LFSA_EGAD(1.0),17/04/26 11:00:00,Annual,From 0 to 11 months,Males,From 20 to 64 years,Percentage,Denmark,2016,19.9,b,
ESTAT:LFSA_EGAD(1.0),17/04/26 11:00:00,Annual,From 0 to 11 months,Males,From 20 to 64 years,Percentage,Denmark,2017,20.2,b,
ESTAT:LFSA_EGAD(1.0),17/04/26 11:00:00,Annual,From 0 to 11 months,Males,From 20 to 64 years,Percentage,Denmark,2018,17.6,,
ESTAT:LFSA_EGAD(1.0),17/04/26 11:00:00,Annual,From 0 to 11 months,Males,From 20 to 64 years,Percentage,Denmark,2019,17.7,,
ESTAT:LFSA_EGAD(1.0),17/04/26 11:00:00,Annual,From 0 to 11 months,Males,From 20 to 64 years,Percentage,Denmark,2020,16.6,,
ESTAT:LFSA_EGAD(1.0),17/04/26 11:00:00,Annual,From 0 to 11 months,Males,From 20 to 64 years,Percentage,Denmark,2021,18.1,b,
ESTAT:LFSA_EGAD(1.0),17/04/26 11:00:00,Annual,From 0 to 11 months,Males,From 20 to 64 years,Percentage,Denmark,2022,19.5,,
ESTAT:LFSA_EGAD(1.0),17/04/26 11:00:00,Annual,From 0 to 11 months,Males,From 20 to 64 years,Percentage,Denmark,2023,18.8,b,
ESTAT:LFSA_EGAD(1.0),17/04/26 11:00:00,Annual,From 0 to 11 months,Males,From 20 to 64 years,Percentage,Denmark,2024,18.7,,
ESTAT:LFSA_EGAD(1.0),17/04/26 11:00:00,Annual,From 0 to 11 months,Males,From 20 to 64 years,Percentage,Denmark,2025,18.2,,
ESTAT:LFSA_EGAD(1.0),17/04/26 11:00:00,Annual,From 0 to 11 months,Males,From 20 to 64 years,Percentage,Euro area – 21 countries (from 2026),2016,12.5,,
ESTAT:LFSA_EGAD(1.0),17/04/26 11:00:00,Annual,From 0 to 11 months,Males,From 20 to 64 years,Percentage,Euro area – 21 countries (from 2026),2017,12.9,,
ESTAT:LFSA_EGAD(1.0),17/04/26 11:00:00,Annual,From 0 to 11 months,Males,From 20 to 64 years,Percentage,Euro area – 21 countries (from 2026),2018,13.1,,
ESTAT:LFSA_EGAD(1.0),17/04/26 11:00:00,Annual,From 0 to 11 months,Males,From 20 to 64 years,Percentage,Euro area – 21 countries (from 2026),2019,13.1,,
ESTAT:LFSA_EGAD(1.0),17/04/26 11:00:00,Annual,From 0 to 11 months,Males,From 20 to 64 years,Percentage,Euro area – 21 countries (from 2026),2020,11.5,,
ESTAT:LFSA_EGAD(1.0),17/04/26 11:00:00,Annual,From 0 to 11 months,Males,From 20 to 64 years,Percentage,Euro area – 21 countries (from 2026),2021,12.5,b,
ESTAT:LFSA_EGAD(1.0),17/04/26 11:00:00,Annual,From 0 to 11 months,Males,From 20 to 64 years,Percentage,Euro area – 21 countries (from 2026),2022,13.7,,
ESTAT:LFSA_EGAD(1.0),17/04/26 11:00:00,Annual,From 0 to 11 months,Males,From 20 to 64 years,Percentage,Euro area – 21 countries (from 2026),2023,13.3,,
ESTAT:LFSA_EGAD(1.0),17/04/26 11:00:00,Annual,From 0 to 11 months,Males,From 20 to 64 years,Percentage,Euro area – 21 countries (from 2026),2024,12.4,,
ESTAT:LFSA_EGAD(1.0),17/04/26 11:00:00,Annual,From 0 to 11 months,Males,From 20 to 64 years,Percentage,Euro area – 21 countries (from 2026),2025,11.8,,
ESTAT:LFSA_EGAD(1.0),17/04/26 11:00:00,Annual,From 0 to 11 months,Males,From 20 to 64 years,Percentage,Estonia,2016,15.2,,
ESTAT:LFSA_EGAD(1.0),17/04/26 11:00:00,Annual,From 0 to 11 months,Males,From 20 to 64 years,Percentage,Estonia,2017,15.7,,
ESTAT:LFSA_EGAD(1.0),17/04/26 11:00:00,Annual,From 0 to 11 months,Males,From 20 to 64 years,Percentage,Estonia,2018,16.7,,
ESTAT:LFSA_EGAD(1.0),17/04/26 11:00:00,Annual,From 0 to 11 months,Males,From 20 to 64 years,Percentage,Estonia,2019,15.4,,
ESTAT:LFSA_EGAD(1.0),17/04/26 11:00:00,Annual,From 0 to 11 months,Males,From 20 to 64 years,Percentage,Estonia,2020,14.3,,
ESTAT:LFSA_EGAD(1.0),17/04/26 11:00:00,Annual,From 0 to 11 months,Males,From 20 to 64 years,Percentage,Estonia,2021,14.8,b,
ESTAT:LFSA_EGAD(1.0),17/04/26 11:00:00,Annual,From 0 to 11 months,Males,From 20 to 64 years,Percentage,Estonia,2022,16.4,,
ESTAT:LFSA_EGAD(1.0),17/04/26 11:00:00,Annual,From 0 to 11 months,Males,From 20 to 64 years,Percentage,Estonia,2023,14.5,,
ESTAT:LFSA_EGAD(1.0),17/04/26 11:00:00,Annual,From 0 to 11 months,Males,From 20 to 64 years,Percentage,Estonia,2024,14.9,,
ESTAT:LFSA_EGAD(1.0),17/04/26 11:00:00,Annual,From 0 to 11 months,Males,From 20 to 64 years,Percentage,Estonia,2025,15.7,,
ESTAT:LFSA_EGAD(1.0),17/04/26 11:00:00,Annual,From 0 to 11 months,Males,From 20 to 64 years,Percentage,Greece,2016,9.0,,
ESTAT:LFSA_EGAD(1.0),17/04/26 11:00:00,Annual,From 0 to 11 months,Males,From 20 to 64 years,Percentage,Greece,2017,8.9,,
ESTAT:LFSA_EGAD(1.0),17/04/26 11:00:00,Annual,From 0 to 11 months,Males,From 20 to 64 years,Percentage,Greece,2018,8.9,,
ESTAT:LFSA_EGAD(1.0),17/04/26 11:00:00,Annual,From 0 to 11 months,Males,From 20 to 64 years,Percentage,Greece,2019,9.8,,
ESTAT:LFSA_EGAD(1.0),17/04/26 11:00:00,Annual,From 0 to 11 months,Males,From 20 to 64 years,Percentage,Greece,2020,8.1,,
ESTAT:LFSA_EGAD(1.0),17/04/26 11:00:00,Annual,From 0 to 11 months,Males,From 20 to 64 years,Percentage,Greece,2021,8.8,b,
ESTAT:LFSA_EGAD(1.0),17/04/26 11:00:00,Annual,From 0 to 11 months,Males,From 20 to 64 years,Percentage,Greece,2022,8.5,,
ESTAT:LFSA_EGAD(1.0),17/04/26 11:00:00,Annual,From 0 to 11 months,Males,From 20 to 64 years,Percentage,Greece,2023,8.2,,
ESTAT:LFSA_EGAD(1.0),17/04/26 11:00:00,Annual,From 0 to 11 months,Males,From 20 to 64 years,Percentage,Greece,2024,7.6,,
ESTAT:LFSA_EGAD(1.0),17/04/26 11:00:00,Annual,From 0 to 11 months,Males,From 20 to 64 years,Percentage,Greece,2025,7.4,,
ESTAT:LFSA_EGAD(1.0),17/04/26 11:00:00,Annual,From 0 to 11 months,Males,From 20 to 64 years,Percentage,Spain,2016,16.8,,
ESTAT:LFSA_EGAD(1.0),17/04/26 11:00:00,Annual,From 0 to 11 months,Males,From 20 to 64 years,Percentage,Spain,2017,16.9,,
ESTAT:LFSA_EGAD(1.0),17/04/26 11:00:00,Annual,From 0 to 11 months,Males,From 20 to 64 years,Percentage,Spain,2018,17.2,,
ESTAT:LFSA_EGAD(1.0),17/04/26 11:00:00,Annual,From 0 to 11 months,Males,From 20 to 64 years,Percentage,Spain,2019,16.8,,
ESTAT:LFSA_EGAD(1.0),17/04/26 11:00:00,Annual,From 0 to 11 months,Males,From 20 to 64 years,Percentage,Spain,2020,14.1,,
ESTAT:LFSA_EGAD(1.0),17/04/26 11:00:00,Annual,From 0 to 11 months,Males,From 20 to 64 years,Percentage,Spain,2021,15.4,bd,
ESTAT:LFSA_EGAD(1.0),17/04/26 11:00:00,Annual,From 0 to 11 months,Males,From 20 to 64 years,Percentage,Spain,2022,16.7,d,
ESTAT:LFSA_EGAD(1.0),17/04/26 11:00:00,Annual,From 0 to 11 months,Males,From 20 to 64 years,Percentage,Spain,2023,16.5,d,
ESTAT:LFSA_EGAD(1.0),17/04/26 11:00:00,Annual,From 0 to 11 months,Males,From 20 to 64 years,Percentage,Spain,2024,15.9,d,
ESTAT:LFSA_EGAD(1.0),17/04/26 11:00:00,Annual,From 0 to 11 months,Males,From 20 to 64 years,Percentage,Spain,2025,15.9,d,
ESTAT:LFSA_EGAD(1.0),17/04/26 11:00:00,Annual,From 0 to 11 months,Males,From 20 to 64 years,Percentage,European Union - 27 countries (from 2020),2016,12.2,,
ESTAT:LFSA_EGAD(1.0),17/04/26 11:00:00,Annual,From 0 to 11 months,Males,From 20 to 64 years,Percentage,European Union - 27 countries (from 2020),2017,12.5,,
ESTAT:LFSA_EGAD(1.0),17/04/26 11:00:00,Annual,From 0 to 11 months,Males,From 20 to 64 years,Percentage,European Union - 27 countries (from 2020),2018,12.6,,
ESTAT:LFSA_EGAD(1.0),17/04/26 11:00:00,Annual,From 0 to 11 months,Males,From 20 to 64 years,Percentage,European Union - 27 countries (from 2020),2019,12.5,,
ESTAT:LFSA_EGAD(1.0),17/04/26 11:00:00,Annual,From 0 to 11 months,Males,From 20 to 64 years,Percentage,European Union - 27 countries (from 2020),2020,11.0,,
ESTAT:LFSA_EGAD(1.0),17/04/26 11:00:00,Annual,From 0 to 11 months,Males,From 20 to 64 years,Percentage,European Union - 27 countries (from 2020),2021,11.8,b,
ESTAT:LFSA_EGAD(1.0),17/04/26 11:00:00,Annual,From 0 to 11 months,Males,From 20 to 64 years,Percentage,European Union - 27 countries (from 2020),2022,12.9,,
ESTAT:LFSA_EGAD(1.0),17/04/26 11:00:00,Annual,From 0 to 11 months,Males,From 20 to 64 years,Percentage,European Union - 27 countries (from 2020),2023,12.5,,
ESTAT:LFSA_EGAD(1.0),17/04/26 11:00:00,Annual,From 0 to 11 months,Males,From 20 to 64 years,Percentage,European Union - 27 countries (from 2020),2024,11.7,,
ESTAT:LFSA_EGAD(1.0),17/04/26 11:00:00,Annual,From 0 to 11 months,Males,From 20 to 64 years,Percentage,European Union - 27 countries (from 2020),2025,11.3,,
ESTAT:LFSA_EGAD(1.0),17/04/26 11:00:00,Annual,From 0 to 11 months,Males,From 20 to 64 years,Percentage,Finland,2016,16.8,,
ESTAT:LFSA_EGAD(1.0),17/04/26 11:00:00,Annual,From 0 to 11 months,Males,From 20 to 64 years,Percentage,Finland,2017,17.7,,
ESTAT:LFSA_EGAD(1.0),17/04/26 11:00:00,Annual,From 0 to 11 months,Males,From 20 to 64 years,Percentage,Finland,2018,18.5,,
ESTAT:LFSA_EGAD(1.0),17/04/26 11:00:00,Annual,From 0 to 11 months,Males,From 20 to 64 years,Percentage,Finland,2019,18.0,,
ESTAT:LFSA_EGAD(1.0),17/04/26 11:00:00,Annual,From 0 to 11 months,Males,From 20 to 64 years,Percentage,Finland,2020,16.0,,
ESTAT:LFSA_EGAD(1.0),17/04/26 11:00:00,Annual,From 0 to 11 months,Males,From 20 to 64 years,Percentage,Finland,2021,17.0,b,
ESTAT:LFSA_EGAD(1.0),17/04/26 11:00:00,Annual,From 0 to 11 months,Males,From 20 to 64 years,Percentage,Finland,2022,17.9,,
ESTAT:LFSA_EGAD(1.0),17/04/26 11:00:00,Annual,From 0 to 11 months,Males,From 20 to 64 years,Percentage,Finland,2023,16.7,,
ESTAT:LFSA_EGAD(1.0),17/04/26 11:00:00,Annual,From 0 to 11 months,Males,From 20 to 64 years,Percentage,Finland,2024,15.3,,
ESTAT:LFSA_EGAD(1.0),17/04/26 11:00:00,Annual,From 0 to 11 months,Males,From 20 to 64 years,Percentage,Finland,2025,14.6,,
ESTAT:LFSA_EGAD(1.0),17/04/26 11:00:00,Annual,From 0 to 11 months,Males,From 20 to 64 years,Percentage,France,2016,12.6,,
ESTAT:LFSA_EGAD(1.0),17/04/26 11:00:00,Annual,From 0 to 11 months,Males,From 20 to 64 years,Percentage,France,2017,13.1,,
ESTAT:LFSA_EGAD(1.0),17/04/26 11:00:00,Annual,From 0 to 11 months,Males,From 20 to 64 years,Percentage,France,2018,13.8,,
ESTAT:LFSA_EGAD(1.0),17/04/26 11:00:00,Annual,From 0 to 11 months,Males,From 20 to 64 years,Percentage,France,2019,14.0,,
ESTAT:LFSA_EGAD(1.0),17/04/26 11:00:00,Annual,From 0 to 11 months,Males,From 20 to 64 years,Percentage,France,2020,12.5,,
ESTAT:LFSA_EGAD(1.0),17/04/26 11:00:00,Annual,From 0 to 11 months,Males,From 20 to 64 years,Percentage,France,2021,13.9,bd,
ESTAT:LFSA_EGAD(1.0),17/04/26 11:00:00,Annual,From 0 to 11 months,Males,From 20 to 64 years,Percentage,France,2022,15.1,d,
ESTAT:LFSA_EGAD(1.0),17/04/26 11:00:00,Annual,From 0 to 11 months,Males,From 20 to 64 years,Percentage,France,2023,14.4,d,
ESTAT:LFSA_EGAD(1.0),17/04/26 11:00:00,Annual,From 0 to 11 months,Males,From 20 to 64 years,Percentage,France,2024,13.6,d,
ESTAT:LFSA_EGAD(1.0),17/04/26 11:00:00,Annual,From 0 to 11 months,Males,From 20 to 64 years,Percentage,France,2025,13.0,d,
ESTAT:LFSA_EGAD(1.0),17/04/26 11:00:00,Annual,From 0 to 11 months,Males,From 20 to 64 years,Percentage,Croatia,2016,14.1,,
ESTAT:LFSA_EGAD(1.0),17/04/26 11:00:00,Annual,From 0 to 11 months,Males,From 20 to 64 years,Percentage,Croatia,2017,13.6,,
ESTAT:LFSA_EGAD(1.0),17/04/26 11:00:00,Annual,From 0 to 11 months,Males,From 20 to 64 years,Percentage,Croatia,2018,13.4,,
ESTAT:LFSA_EGAD(1.0),17/04/26 11:00:00,Annual,From 0 to 11 months,Males,From 20 to 64 years,Percentage,Croatia,2019,10.8,,
ESTAT:LFSA_EGAD(1.0),17/04/26 11:00:00,Annual,From 0 to 11 months,Males,From 20 to 64 years,Percentage,Croatia,2020,8.3,,
ESTAT:LFSA_EGAD(1.0),17/04/26 11:00:00,Annual,From 0 to 11 months,Males,From 20 to 64 years,Percentage,Croatia,2021,9.7,b,
ESTAT:LFSA_EGAD(1.0),17/04/26 11:00:00,Annual,From 0 to 11 months,Males,From 20 to 64 years,Percentage,Croatia,2022,10.7,,
ESTAT:LFSA_EGAD(1.0),17/04/26 11:00:00,Annual,From 0 to 11 months,Males,From 20 to 64 years,Percentage,Croatia,2023,8.6,,
ESTAT:LFSA_EGAD(1.0),17/04/26 11:00:00,Annual,From 0 to 11 months,Males,From 20 to 64 years,Percentage,Croatia,2024,8.3,,
ESTAT:LFSA_EGAD(1.0),17/04/26 11:00:00,Annual,From 0 to 11 months,Males,From 20 to 64 years,Percentage,Croatia,2025,8.3,,
ESTAT:LFSA_EGAD(1.0),17/04/26 11:00:00,Annual,From 0 to 11 months,Males,From 20 to 64 years,Percentage,Hungary,2016,13.1,,
ESTAT:LFSA_EGAD(1.0),17/04/26 11:00:00,Annual,From 0 to 11 months,Males,From 20 to 64 years,Percentage,Hungary,2017,12.7,,
ESTAT:LFSA_EGAD(1.0),17/04/26 11:00:00,Annual,From 0 to 11 months,Males,From 20 to 64 years,Percentage,Hungary,2018,12.1,b,
ESTAT:LFSA_EGAD(1.0),17/04/26 11:00:00,Annual,From 0 to 11 months,Males,From 20 to 64 years,Percentage,Hungary,2019,12.8,,
ESTAT:LFSA_EGAD(1.0),17/04/26 11:00:00,Annual,From 0 to 11 months,Males,From 20 to 64 years,Percentage,Hungary,2020,12.3,,
ESTAT:LFSA_EGAD(1.0),17/04/26 11:00:00,Annual,From 0 to 11 months,Males,From 20 to 64 years,Percentage,Hungary,2021,12.7,b,
ESTAT:LFSA_EGAD(1.0),17/04/26 11:00:00,Annual,From 0 to 11 months,Males,From 20 to 64 years,Percentage,Hungary,2022,12.7,,
ESTAT:LFSA_EGAD(1.0),17/04/26 11:00:00,Annual,From 0 to 11 months,Males,From 20 to 64 years,Percentage,Hungary,2023,11.6,,
ESTAT:LFSA_EGAD(1.0),17/04/26 11:00:00,Annual,From 0 to 11 months,Males,From 20 to 64 years,Percentage,Hungary,2024,11.5,,
ESTAT:LFSA_EGAD(1.0),17/04/26 11:00:00,Annual,From 0 to 11 months,Males,From 20 to 64 years,Percentage,Hungary,2025,11.2,,
ESTAT:LFSA_EGAD(1.0),17/04/26 11:00:00,Annual,From 0 to 11 months,Males,From 20 to 64 years,Percentage,Ireland,2016,15.0,,
ESTAT:LFSA_EGAD(1.0),17/04/26 11:00:00,Annual,From 0 to 11 months,Males,From 20 to 64 years,Percentage,Ireland,2017,14.6,b,
ESTAT:LFSA_EGAD(1.0),17/04/26 11:00:00,Annual,From 0 to 11 months,Males,From 20 to 64 years,Percentage,Ireland,2018,15.1,,
ESTAT:LFSA_EGAD(1.0),17/04/26 11:00:00,Annual,From 0 to 11 months,Males,From 20 to 64 years,Percentage,Ireland,2019,14.8,,
ESTAT:LFSA_EGAD(1.0),17/04/26 11:00:00,Annual,From 0 to 11 months,Males,From 20 to 64 years,Percentage,Ireland,2020,13.1,,
ESTAT:LFSA_EGAD(1.0),17/04/26 11:00:00,Annual,From 0 to 11 months,Males,From 20 to 64 years,Percentage,Ireland,2021,13.4,b,
ESTAT:LFSA_EGAD(1.0),17/04/26 11:00:00,Annual,From 0 to 11 months,Males,From 20 to 64 years,Percentage,Ireland,2022,15.3,,
ESTAT:LFSA_EGAD(1.0),17/04/26 11:00:00,Annual,From 0 to 11 months,Males,From 20 to 64 years,Percentage,Ireland,2023,14.2,,
ESTAT:LFSA_EGAD(1.0),17/04/26 11:00:00,Annual,From 0 to 11 months,Males,From 20 to 64 years,Percentage,Ireland,2024,13.8,,
ESTAT:LFSA_EGAD(1.0),17/04/26 11:00:00,Annual,From 0 to 11 months,Males,From 20 to 64 years,Percentage,Ireland,2025,13.8,,
ESTAT:LFSA_EGAD(1.0),17/04/26 11:00:00,Annual,From 0 to 11 months,Males,From 20 to 64 years,Percentage,Iceland,2016,16.9,,
ESTAT:LFSA_EGAD(1.0),17/04/26 11:00:00,Annual,From 0 to 11 months,Males,From 20 to 64 years,Percentage,Iceland,2017,17.5,,
ESTAT:LFSA_EGAD(1.0),17/04/26 11:00:00,Annual,From 0 to 11 months,Males,From 20 to 64 years,Percentage,Iceland,2018,16.9,,
ESTAT:LFSA_EGAD(1.0),17/04/26 11:00:00,Annual,From 0 to 11 months,Males,From 20 to 64 years,Percentage,Iceland,2019,13.7,,
ESTAT:LFSA_EGAD(1.0),17/04/26 11:00:00,Annual,From 0 to 11 months,Males,From 20 to 64 years,Percentage,Iceland,2020,12.4,b,
ESTAT:LFSA_EGAD(1.0),17/04/26 11:00:00,Annual,From 0 to 11 months,Males,From 20 to 64 years,Percentage,Iceland,2021,15.3,b,
ESTAT:LFSA_EGAD(1.0),17/04/26 11:00:00,Annual,From 0 to 11 months,Males,From 20 to 64 years,Percentage,Iceland,2022,17.8,,
ESTAT:LFSA_EGAD(1.0),17/04/26 11:00:00,Annual,From 0 to 11 months,Males,From 20 to 64 years,Percentage,Iceland,2023,16.7,,
ESTAT:LFSA_EGAD(1.0),17/04/26 11:00:00,Annual,From 0 to 11 months,Males,From 20 to 64 years,Percentage,Iceland,2024,17.4,,
ESTAT:LFSA_EGAD(1.0),17/04/26 11:00:00,Annual,From 0 to 11 months,Males,From 20 to 64 years,Percentage,Italy,2016,9.4,,
ESTAT:LFSA_EGAD(1.0),17/04/26 11:00:00,Annual,From 0 to 11 months,Males,From 20 to 64 years,Percentage,Italy,2017,10.0,,
ESTAT:LFSA_EGAD(1.0),17/04/26 11:00:00,Annual,From 0 to 11 months,Males,From 20 to 64 years,Percentage,Italy,2018,9.9,b,
ESTAT:LFSA_EGAD(1.0),17/04/26 11:00:00,Annual,From 0 to 11 months,Males,From 20 to 64 years,Percentage,Italy,2019,10.3,,
ESTAT:LFSA_EGAD(1.0),17/04/26 11:00:00,Annual,From 0 to 11 months,Males,From 20 to 64 years,Percentage,Italy,2020,9.2,,
ESTAT:LFSA_EGAD(1.0),17/04/26 11:00:00,Annual,From 0 to 11 months,Males,From 20 to 64 years,Percentage,Italy,2021,10.1,b,
ESTAT:LFSA_EGAD(1.0),17/04/26 11:00:00,Annual,From 0 to 11 months,Males,From 20 to 64 years,Percentage,Italy,2022,10.9,,
ESTAT:LFSA_EGAD(1.0),17/04/26 11:00:00,Annual,From 0 to 11 months,Males,From 20 to 64 years,Percentage,Italy,2023,10.1,,
ESTAT:LFSA_EGAD(1.0),17/04/26 11:00:00,Annual,From 0 to 11 months,Males,From 20 to 64 years,Percentage,Italy,2024,8.1,,
ESTAT:LFSA_EGAD(1.0),17/04/26 11:00:00,Annual,From 0 to 11 months,Males,From 20 to 64 years,Percentage,Italy,2025,6.0,,
ESTAT:LFSA_EGAD(1.0),17/04/26 11:00:00,Annual,From 0 to 11 months,Males,From 20 to 64 years,Percentage,Lithuania,2016,20.3,,
ESTAT:LFSA_EGAD(1.0),17/04/26 11:00:00,Annual,From 0 to 11 months,Males,From 20 to 64 years,Percentage,Lithuania,2017,19.6,,
ESTAT:LFSA_EGAD(1.0),17/04/26 11:00:00,Annual,From 0 to 11 months,Males,From 20 to 64 years,Percentage,Lithuania,2018,20.8,,
ESTAT:LFSA_EGAD(1.0),17/04/26 11:00:00,Annual,From 0 to 11 months,Males,From 20 to 64 years,Percentage,Lithuania,2019,21.2,,
ESTAT:LFSA_EGAD(1.0),17/04/26 11:00:00,Annual,From 0 to 11 months,Males,From 20 to 64 years,Percentage,Lithuania,2020,20.3,,
ESTAT:LFSA_EGAD(1.0),17/04/26 11:00:00,Annual,From 0 to 11 months,Males,From 20 to 64 years,Percentage,Lithuania,2021,10.0,b,
ESTAT:LFSA_EGAD(1.0),17/04/26 11:00:00,Annual,From 0 to 11 months,Males,From 20 to 64 years,Percentage,Lithuania,2022,13.5,,
ESTAT:LFSA_EGAD(1.0),17/04/26 11:00:00,Annual,From 0 to 11 months,Males,From 20 to 64 years,Percentage,Lithuania,2023,12.1,,
ESTAT:LFSA_EGAD(1.0),17/04/26 11:00:00,Annual,From 0 to 11 months,Males,From 20 to 64 years,Percentage,Lithuania,2024,13.5,,
ESTAT:LFSA_EGAD(1.0),17/04/26 11:00:00,Annual,From 0 to 11 months,Males,From 20 to 64 years,Percentage,Lithuania,2025,12.7,,
ESTAT:LFSA_EGAD(1.0),17/04/26 11:00:00,Annual,From 0 to 11 months,Males,From 20 to 64 years,Percentage,Luxembourg,2016,10.8,b,
ESTAT:LFSA_EGAD(1.0),17/04/26 11:00:00,Annual,From 0 to 11 months,Males,From 20 to 64 years,Percentage,Luxembourg,2017,12.6,,
ESTAT:LFSA_EGAD(1.0),17/04/26 11:00:00,Annual,From 0 to 11 months,Males,From 20 to 64 years,Percentage,Luxembourg,2018,12.9,,
ESTAT:LFSA_EGAD(1.0),17/04/26 11:00:00,Annual,From 0 to 11 months,Males,From 20 to 64 years,Percentage,Luxembourg,2019,12.8,,
ESTAT:LFSA_EGAD(1.0),17/04/26 11:00:00,Annual,From 0 to 11 months,Males,From 20 to 64 years,Percentage,Luxembourg,2020,11.3,,
ESTAT:LFSA_EGAD(1.0),17/04/26 11:00:00,Annual,From 0 to 11 months,Males,From 20 to 64 years,Percentage,Luxembourg,2021,11.3,b,
ESTAT:LFSA_EGAD(1.0),17/04/26 11:00:00,Annual,From 0 to 11 months,Males,From 20 to 64 years,Percentage,Luxembourg,2022,12.0,,
ESTAT:LFSA_EGAD(1.0),17/04/26 11:00:00,Annual,From 0 to 11 months,Males,From 20 to 64 years,Percentage,Luxembourg,2023,11.0,,
ESTAT:LFSA_EGAD(1.0),17/04/26 11:00:00,Annual,From 0 to 11 months,Males,From 20 to 64 years,Percentage,Luxembourg,2024,12.5,,
ESTAT:LFSA_EGAD(1.0),17/04/26 11:00:00,Annual,From 0 to 11 months,Males,From 20 to 64 years,Percentage,Luxembourg,2025,12.2,,
ESTAT:LFSA_EGAD(1.0),17/04/26 11:00:00,Annual,From 0 to 11 months,Males,From 20 to 64 years,Percentage,Latvia,2016,14.7,,
ESTAT:LFSA_EGAD(1.0),17/04/26 11:00:00,Annual,From 0 to 11 months,Males,From 20 to 64 years,Percentage,Latvia,2017,15.6,,
ESTAT:LFSA_EGAD(1.0),17/04/26 11:00:00,Annual,From 0 to 11 months,Males,From 20 to 64 years,Percentage,Latvia,2018,15.7,,
ESTAT:LFSA_EGAD(1.0),17/04/26 11:00:00,Annual,From 0 to 11 months,Males,From 20 to 64 years,Percentage,Latvia,2019,15.6,,
ESTAT:LFSA_EGAD(1.0),17/04/26 11:00:00,Annual,From 0 to 11 months,Males,From 20 to 64 years,Percentage,Latvia,2020,13.5,,
ESTAT:LFSA_EGAD(1.0),17/04/26 11:00:00,Annual,From 0 to 11 months,Males,From 20 to 64 years,Percentage,Latvia,2021,13.2,b,
ESTAT:LFSA_EGAD(1.0),17/04/26 11:00:00,Annual,From 0 to 11 months,Males,From 20 to 64 years,Percentage,Latvia,2022,11.3,,
ESTAT:LFSA_EGAD(1.0),17/04/26 11:00:00,Annual,From 0 to 11 months,Males,From 20 to 64 years,Percentage,Latvia,2023,11.0,,
ESTAT:LFSA_EGAD(1.0),17/04/26 11:00:00,Annual,From 0 to 11 months,Males,From 20 to 64 years,Percentage,Latvia,2024,10.8,,
ESTAT:LFSA_EGAD(1.0),17/04/26 11:00:00,Annual,From 0 to 11 months,Males,From 20 to 64 years,Percentage,Latvia,2025,12.0,,
ESTAT:LFSA_EGAD(1.0),17/04/26 11:00:00,Annual,From 0 to 11 months,Males,From 20 to 64 years,Percentage,Montenegro,2016,14.2,,
ESTAT:LFSA_EGAD(1.0),17/04/26 11:00:00,Annual,From 0 to 11 months,Males,From 20 to 64 years,Percentage,Montenegro,2017,12.9,,
ESTAT:LFSA_EGAD(1.0),17/04/26 11:00:00,Annual,From 0 to 11 months,Males,From 20 to 64 years,Percentage,Montenegro,2018,13.7,,
ESTAT:LFSA_EGAD(1.0),17/04/26 11:00:00,Annual,From 0 to 11 months,Males,From 20 to 64 years,Percentage,Montenegro,2019,13.1,,
ESTAT:LFSA_EGAD(1.0),17/04/26 11:00:00,Annual,From 0 to 11 months,Males,From 20 to 64 years,Percentage,Montenegro,2020,9.6,,
ESTAT:LFSA_EGAD(1.0),17/04/26 11:00:00,Annual,From 0 to 11 months,Males,From 20 to 64 years,Percentage,North Macedonia,2016,11.8,,
ESTAT:LFSA_EGAD(1.0),17/04/26 11:00:00,Annual,From 0 to 11 months,Males,From 20 to 64 years,Percentage,North Macedonia,2017,10.3,,
ESTAT:LFSA_EGAD(1.0),17/04/26 11:00:00,Annual,From 0 to 11 months,Males,From 20 to 64 years,Percentage,North Macedonia,2018,12.1,,
ESTAT:LFSA_EGAD(1.0),17/04/26 11:00:00,Annual,From 0 to 11 months,Males,From 20 to 64 years,Percentage,North Macedonia,2019,12.0,,
ESTAT:LFSA_EGAD(1.0),17/04/26 11:00:00,Annual,From 0 to 11 months,Males,From 20 to 64 years,Percentage,North Macedonia,2020,10.4,,
ESTAT:LFSA_EGAD(1.0),17/04/26 11:00:00,Annual,From 0 to 11 months,Males,From 20 to 64 years,Percentage,North Macedonia,2021,9.7,b,
ESTAT:LFSA_EGAD(1.0),17/04/26 11:00:00,Annual,From 0 to 11 months,Males,From 20 to 64 years,Percentage,North Macedonia,2022,10.5,,
ESTAT:LFSA_EGAD(1.0),17/04/26 11:00:00,Annual,From 0 to 11 months,Males,From 20 to 64 years,Percentage,North Macedonia,2023,11.5,,
ESTAT:LFSA_EGAD(1.0),17/04/26 11:00:00,Annual,From 0 to 11 months,Males,From 20 to 64 years,Percentage,North Macedonia,2024,10.5,,
ESTAT:LFSA_EGAD(1.0),17/04/26 11:00:00,Annual,From 0 to 11 months,Males,From 20 to 64 years,Percentage,North Macedonia,2025,9.1,,
ESTAT:LFSA_EGAD(1.0),17/04/26 11:00:00,Annual,From 0 to 11 months,Males,From 20 to 64 years,Percentage,Malta,2016,11.2,,
ESTAT:LFSA_EGAD(1.0),17/04/26 11:00:00,Annual,From 0 to 11 months,Males,From 20 to 64 years,Percentage,Malta,2017,12.7,,
ESTAT:LFSA_EGAD(1.0),17/04/26 11:00:00,Annual,From 0 to 11 months,Males,From 20 to 64 years,Percentage,Malta,2018,13.5,,
ESTAT:LFSA_EGAD(1.0),17/04/26 11:00:00,Annual,From 0 to 11 months,Males,From 20 to 64 years,Percentage,Malta,2019,11.8,,
ESTAT:LFSA_EGAD(1.0),17/04/26 11:00:00,Annual,From 0 to 11 months,Males,From 20 to 64 years,Percentage,Malta,2020,9.8,,
ESTAT:LFSA_EGAD(1.0),17/04/26 11:00:00,Annual,From 0 to 11 months,Males,From 20 to 64 years,Percentage,Malta,2021,11.5,b,
ESTAT:LFSA_EGAD(1.0),17/04/26 11:00:00,Annual,From 0 to 11 months,Males,From 20 to 64 years,Percentage,Malta,2022,12.7,,
ESTAT:LFSA_EGAD(1.0),17/04/26 11:00:00,Annual,From 0 to 11 months,Males,From 20 to 64 years,Percentage,Malta,2023,13.6,,
ESTAT:LFSA_EGAD(1.0),17/04/26 11:00:00,Annual,From 0 to 11 months,Males,From 20 to 64 years,Percentage,Malta,2024,11.9,,
ESTAT:LFSA_EGAD(1.0),17/04/26 11:00:00,Annual,From 0 to 11 months,Males,From 20 to 64 years,Percentage,Malta,2025,10.8,,
ESTAT:LFSA_EGAD(1.0),17/04/26 11:00:00,Annual,From 0 to 11 months,Males,From 20 to 64 years,Percentage,Netherlands,2016,13.2,,
ESTAT:LFSA_EGAD(1.0),17/04/26 11:00:00,Annual,From 0 to 11 months,Males,From 20 to 64 years,Percentage,Netherlands,2017,13.9,,
ESTAT:LFSA_EGAD(1.0),17/04/26 11:00:00,Annual,From 0 to 11 months,Males,From 20 to 64 years,Percentage,Netherlands,2018,14.3,,
ESTAT:LFSA_EGAD(1.0),17/04/26 11:00:00,Annual,From 0 to 11 months,Males,From 20 to 64 years,Percentage,Netherlands,2019,14.1,,
ESTAT:LFSA_EGAD(1.0),17/04/26 11:00:00,Annual,From 0 to 11 months,Males,From 20 to 64 years,Percentage,Netherlands,2020,12.3,,
ESTAT:LFSA_EGAD(1.0),17/04/26 11:00:00,Annual,From 0 to 11 months,Males,From 20 to 64 years,Percentage,Netherlands,2021,14.7,b,
ESTAT:LFSA_EGAD(1.0),17/04/26 11:00:00,Annual,From 0 to 11 months,Males,From 20 to 64 years,Percentage,Netherlands,2022,16.9,,
ESTAT:LFSA_EGAD(1.0),17/04/26 11:00:00,Annual,From 0 to 11 months,Males,From 20 to 64 years,Percentage,Netherlands,2023,16.5,,
ESTAT:LFSA_EGAD(1.0),17/04/26 11:00:00,Annual,From 0 to 11 months,Males,From 20 to 64 years,Percentage,Netherlands,2024,15.2,,
ESTAT:LFSA_EGAD(1.0),17/04/26 11:00:00,Annual,From 0 to 11 months,Males,From 20 to 64 years,Percentage,Netherlands,2025,14.8,,
ESTAT:LFSA_EGAD(1.0),17/04/26 11:00:00,Annual,From 0 to 11 months,Males,From 20 to 64 years,Percentage,Norway,2016,12.3,,
ESTAT:LFSA_EGAD(1.0),17/04/26 11:00:00,Annual,From 0 to 11 months,Males,From 20 to 64 years,Percentage,Norway,2017,12.8,,
ESTAT:LFSA_EGAD(1.0),17/04/26 11:00:00,Annual,From 0 to 11 months,Males,From 20 to 64 years,Percentage,Norway,2018,13.8,,
ESTAT:LFSA_EGAD(1.0),17/04/26 11:00:00,Annual,From 0 to 11 months,Males,From 20 to 64 years,Percentage,Norway,2019,13.3,,
ESTAT:LFSA_EGAD(1.0),17/04/26 11:00:00,Annual,From 0 to 11 months,Males,From 20 to 64 years,Percentage,Norway,2020,13.2,,
ESTAT:LFSA_EGAD(1.0),17/04/26 11:00:00,Annual,From 0 to 11 months,Males,From 20 to 64 years,Percentage,Norway,2021,10.4,b,
ESTAT:LFSA_EGAD(1.0),17/04/26 11:00:00,Annual,From 0 to 11 months,Males,From 20 to 64 years,Percentage,Norway,2022,16.9,,
ESTAT:LFSA_EGAD(1.0),17/04/26 11:00:00,Annual,From 0 to 11 months,Males,From 20 to 64 years,Percentage,Norway,2023,16.8,,
ESTAT:LFSA_EGAD(1.0),17/04/26 11:00:00,Annual,From 0 to 11 months,Males,From 20 to 64 years,Percentage,Norway,2024,11.3,,
ESTAT:LFSA_EGAD(1.0),17/04/26 11:00:00,Annual,From 0 to 11 months,Males,From 20 to 64 years,Percentage,Norway,2025,10.6,,
ESTAT:LFSA_EGAD(1.0),17/04/26 11:00:00,Annual,From 0 to 11 months,Males,From 20 to 64 years,Percentage,Poland,2016,11.2,,
ESTAT:LFSA_EGAD(1.0),17/04/26 11:00:00,Annual,From 0 to 11 months,Males,From 20 to 64 years,Percentage,Poland,2017,11.1,,
ESTAT:LFSA_EGAD(1.0),17/04/26 11:00:00,Annual,From 0 to 11 months,Males,From 20 to 64 years,Percentage,Poland,2018,10.9,,
ESTAT:LFSA_EGAD(1.0),17/04/26 11:00:00,Annual,From 0 to 11 months,Males,From 20 to 64 years,Percentage,Poland,2019,10.1,b,
ESTAT:LFSA_EGAD(1.0),17/04/26 11:00:00,Annual,From 0 to 11 months,Males,From 20 to 64 years,Percentage,Poland,2020,8.1,,
ESTAT:LFSA_EGAD(1.0),17/04/26 11:00:00,Annual,From 0 to 11 months,Males,From 20 to 64 years,Percentage,Poland,2021,8.2,b,
ESTAT:LFSA_EGAD(1.0),17/04/26 11:00:00,Annual,From 0 to 11 months,Males,From 20 to 64 years,Percentage,Poland,2022,8.3,,
ESTAT:LFSA_EGAD(1.0),17/04/26 11:00:00,Annual,From 0 to 11 months,Males,From 20 to 64 years,Percentage,Poland,2023,7.9,,
ESTAT:LFSA_EGAD(1.0),17/04/26 11:00:00,Annual,From 0 to 11 months,Males,From 20 to 64 years,Percentage,Poland,2024,8.2,,
ESTAT:LFSA_EGAD(1.0),17/04/26 11:00:00,Annual,From 0 to 11 months,Males,From 20 to 64 years,Percentage,Poland,2025,8.2,,
ESTAT:LFSA_EGAD(1.0),17/04/26 11:00:00,Annual,From 0 to 11 months,Males,From 20 to 64 years,Percentage,Portugal,2016,14.7,,
ESTAT:LFSA_EGAD(1.0),17/04/26 11:00:00,Annual,From 0 to 11 months,Males,From 20 to 64 years,Percentage,Portugal,2017,14.8,,
ESTAT:LFSA_EGAD(1.0),17/04/26 11:00:00,Annual,From 0 to 11 months,Males,From 20 to 64 years,Percentage,Portugal,2018,15.5,,
ESTAT:LFSA_EGAD(1.0),17/04/26 11:00:00,Annual,From 0 to 11 months,Males,From 20 to 64 years,Percentage,Portugal,2019,15.1,,
ESTAT:LFSA_EGAD(1.0),17/04/26 11:00:00,Annual,From 0 to 11 months,Males,From 20 to 64 years,Percentage,Portugal,2020,12.5,,
ESTAT:LFSA_EGAD(1.0),17/04/26 11:00:00,Annual,From 0 to 11 months,Males,From 20 to 64 years,Percentage,Portugal,2021,11.8,b,
ESTAT:LFSA_EGAD(1.0),17/04/26 11:00:00,Annual,From 0 to 11 months,Males,From 20 to 64 years,Percentage,Portugal,2022,13.0,,
ESTAT:LFSA_EGAD(1.0),17/04/26 11:00:00,Annual,From 0 to 11 months,Males,From 20 to 64 years,Percentage,Portugal,2023,14.1,,
ESTAT:LFSA_EGAD(1.0),17/04/26 11:00:00,Annual,From 0 to 11 months,Males,From 20 to 64 years,Percentage,Portugal,2024,13.0,,
ESTAT:LFSA_EGAD(1.0),17/04/26 11:00:00,Annual,From 0 to 11 months,Males,From 20 to 64 years,Percentage,Portugal,2025,12.7,,
ESTAT:LFSA_EGAD(1.0),17/04/26 11:00:00,Annual,From 0 to 11 months,Males,From 20 to 64 years,Percentage,Romania,2016,5.5,,
ESTAT:LFSA_EGAD(1.0),17/04/26 11:00:00,Annual,From 0 to 11 months,Males,From 20 to 64 years,Percentage,Romania,2017,6.1,,
ESTAT:LFSA_EGAD(1.0),17/04/26 11:00:00,Annual,From 0 to 11 months,Males,From 20 to 64 years,Percentage,Romania,2018,5.3,,
ESTAT:LFSA_EGAD(1.0),17/04/26 11:00:00,Annual,From 0 to 11 months,Males,From 20 to 64 years,Percentage,Romania,2019,5.2,,
ESTAT:LFSA_EGAD(1.0),17/04/26 11:00:00,Annual,From 0 to 11 months,Males,From 20 to 64 years,Percentage,Romania,2020,4.9,,
ESTAT:LFSA_EGAD(1.0),17/04/26 11:00:00,Annual,From 0 to 11 months,Males,From 20 to 64 years,Percentage,Romania,2021,6.6,b,
ESTAT:LFSA_EGAD(1.0),17/04/26 11:00:00,Annual,From 0 to 11 months,Males,From 20 to 64 years,Percentage,Romania,2022,5.9,,
ESTAT:LFSA_EGAD(1.0),17/04/26 11:00:00,Annual,From 0 to 11 months,Males,From 20 to 64 years,Percentage,Romania,2023,6.5,,
ESTAT:LFSA_EGAD(1.0),17/04/26 11:00:00,Annual,From 0 to 11 months,Males,From 20 to 64 years,Percentage,Romania,2024,5.9,,
ESTAT:LFSA_EGAD(1.0),17/04/26 11:00:00,Annual,From 0 to 11 months,Males,From 20 to 64 years,Percentage,Romania,2025,4.9,,
ESTAT:LFSA_EGAD(1.0),17/04/26 11:00:00,Annual,From 0 to 11 months,Males,From 20 to 64 years,Percentage,Serbia,2016,13.9,,
ESTAT:LFSA_EGAD(1.0),17/04/26 11:00:00,Annual,From 0 to 11 months,Males,From 20 to 64 years,Percentage,Serbia,2017,15.5,,
ESTAT:LFSA_EGAD(1.0),17/04/26 11:00:00,Annual,From 0 to 11 months,Males,From 20 to 64 years,Percentage,Serbia,2018,15.5,,
ESTAT:LFSA_EGAD(1.0),17/04/26 11:00:00,Annual,From 0 to 11 months,Males,From 20 to 64 years,Percentage,Serbia,2019,14.6,,
ESTAT:LFSA_EGAD(1.0),17/04/26 11:00:00,Annual,From 0 to 11 months,Males,From 20 to 64 years,Percentage,Serbia,2020,13.0,,
ESTAT:LFSA_EGAD(1.0),17/04/26 11:00:00,Annual,From 0 to 11 months,Males,From 20 to 64 years,Percentage,Serbia,2021,13.5,b,
ESTAT:LFSA_EGAD(1.0),17/04/26 11:00:00,Annual,From 0 to 11 months,Males,From 20 to 64 years,Percentage,Serbia,2022,13.8,,
ESTAT:LFSA_EGAD(1.0),17/04/26 11:00:00,Annual,From 0 to 11 months,Males,From 20 to 64 years,Percentage,Serbia,2023,13.7,,
ESTAT:LFSA_EGAD(1.0),17/04/26 11:00:00,Annual,From 0 to 11 months,Males,From 20 to 64 years,Percentage,Serbia,2024,12.7,,
ESTAT:LFSA_EGAD(1.0),17/04/26 11:00:00,Annual,From 0 to 11 months,Males,From 20 to 64 years,Percentage,Serbia,2025,11.0,,
ESTAT:LFSA_EGAD(1.0),17/04/26 11:00:00,Annual,From 0 to 11 months,Males,From 20 to 64 years,Percentage,Sweden,2016,18.3,,
ESTAT:LFSA_EGAD(1.0),17/04/26 11:00:00,Annual,From 0 to 11 months,Males,From 20 to 64 years,Percentage,Sweden,2017,19.0,,
ESTAT:LFSA_EGAD(1.0),17/04/26 11:00:00,Annual,From 0 to 11 months,Males,From 20 to 64 years,Percentage,Sweden,2018,18.5,b,
ESTAT:LFSA_EGAD(1.0),17/04/26 11:00:00,Annual,From 0 to 11 months,Males,From 20 to 64 years,Percentage,Sweden,2019,18.6,,
ESTAT:LFSA_EGAD(1.0),17/04/26 11:00:00,Annual,From 0 to 11 months,Males,From 20 to 64 years,Percentage,Sweden,2020,16.1,,
ESTAT:LFSA_EGAD(1.0),17/04/26 11:00:00,Annual,From 0 to 11 months,Males,From 20 to 64 years,Percentage,Sweden,2021,14.8,b,
ESTAT:LFSA_EGAD(1.0),17/04/26 11:00:00,Annual,From 0 to 11 months,Males,From 20 to 64 years,Percentage,Sweden,2022,17.4,,
ESTAT:LFSA_EGAD(1.0),17/04/26 11:00:00,Annual,From 0 to 11 months,Males,From 20 to 64 years,Percentage,Sweden,2023,16.3,,
ESTAT:LFSA_EGAD(1.0),17/04/26 11:00:00,Annual,From 0 to 11 months,Males,From 20 to 64 years,Percentage,Sweden,2024,14.6,,
ESTAT:LFSA_EGAD(1.0),17/04/26 11:00:00,Annual,From 0 to 11 months,Males,From 20 to 64 years,Percentage,Sweden,2025,14.0,,
ESTAT:LFSA_EGAD(1.0),17/04/26 11:00:00,Annual,From 0 to 11 months,Males,From 20 to 64 years,Percentage,Slovenia,2016,10.3,,
ESTAT:LFSA_EGAD(1.0),17/04/26 11:00:00,Annual,From 0 to 11 months,Males,From 20 to 64 years,Percentage,Slovenia,2017,13.2,,
ESTAT:LFSA_EGAD(1.0),17/04/26 11:00:00,Annual,From 0 to 11 months,Males,From 20 to 64 years,Percentage,Slovenia,2018,10.8,,
ESTAT:LFSA_EGAD(1.0),17/04/26 11:00:00,Annual,From 0 to 11 months,Males,From 20 to 64 years,Percentage,Slovenia,2019,10.7,,
ESTAT:LFSA_EGAD(1.0),17/04/26 11:00:00,Annual,From 0 to 11 months,Males,From 20 to 64 years,Percentage,Slovenia,2020,10.2,,
ESTAT:LFSA_EGAD(1.0),17/04/26 11:00:00,Annual,From 0 to 11 months,Males,From 20 to 64 years,Percentage,Slovenia,2021,10.1,b,
ESTAT:LFSA_EGAD(1.0),17/04/26 11:00:00,Annual,From 0 to 11 months,Males,From 20 to 64 years,Percentage,Slovenia,2022,9.3,,
ESTAT:LFSA_EGAD(1.0),17/04/26 11:00:00,Annual,From 0 to 11 months,Males,From 20 to 64 years,Percentage,Slovenia,2023,8.9,,
ESTAT:LFSA_EGAD(1.0),17/04/26 11:00:00,Annual,From 0 to 11 months,Males,From 20 to 64 years,Percentage,Slovenia,2024,9.2,,
ESTAT:LFSA_EGAD(1.0),17/04/26 11:00:00,Annual,From 0 to 11 months,Males,From 20 to 64 years,Percentage,Slovenia,2025,8.4,,
ESTAT:LFSA_EGAD(1.0),17/04/26 11:00:00,Annual,From 0 to 11 months,Males,From 20 to 64 years,Percentage,Slovakia,2016,11.7,,
ESTAT:LFSA_EGAD(1.0),17/04/26 11:00:00,Annual,From 0 to 11 months,Males,From 20 to 64 years,Percentage,Slovakia,2017,11.8,,
ESTAT:LFSA_EGAD(1.0),17/04/26 11:00:00,Annual,From 0 to 11 months,Males,From 20 to 64 years,Percentage,Slovakia,2018,10.3,,
ESTAT:LFSA_EGAD(1.0),17/04/26 11:00:00,Annual,From 0 to 11 months,Males,From 20 to 64 years,Percentage,Slovakia,2019,9.0,,
ESTAT:LFSA_EGAD(1.0),17/04/26 11:00:00,Annual,From 0 to 11 months,Males,From 20 to 64 years,Percentage,Slovakia,2020,8.2,,
ESTAT:LFSA_EGAD(1.0),17/04/26 11:00:00,Annual,From 0 to 11 months,Males,From 20 to 64 years,Percentage,Slovakia,2021,7.2,b,
ESTAT:LFSA_EGAD(1.0),17/04/26 11:00:00,Annual,From 0 to 11 months,Males,From 20 to 64 years,Percentage,Slovakia,2022,7.1,,
ESTAT:LFSA_EGAD(1.0),17/04/26 11:00:00,Annual,From 0 to 11 months,Males,From 20 to 64 years,Percentage,Slovakia,2023,6.6,,
ESTAT:LFSA_EGAD(1.0),17/04/26 11:00:00,Annual,From 0 to 11 months,Males,From 20 to 64 years,Percentage,Slovakia,2024,6.6,,
ESTAT:LFSA_EGAD(1.0),17/04/26 11:00:00,Annual,From 0 to 11 months,Males,From 20 to 64 years,Percentage,Slovakia,2025,6.0,,
ESTAT:LFSA_EGAD(1.0),17/04/26 11:00:00,Annual,From 0 to 11 months,Males,From 20 to 64 years,Percentage,Türkiye,2016,24.9,,
ESTAT:LFSA_EGAD(1.0),17/04/26 11:00:00,Annual,From 0 to 11 months,Males,From 20 to 64 years,Percentage,Türkiye,2017,24.9,,
ESTAT:LFSA_EGAD(1.0),17/04/26 11:00:00,Annual,From 0 to 11 months,Males,From 20 to 64 years,Percentage,Türkiye,2018,26.0,,
ESTAT:LFSA_EGAD(1.0),17/04/26 11:00:00,Annual,From 0 to 11 months,Males,From 20 to 64 years,Percentage,Türkiye,2019,23.5,,
ESTAT:LFSA_EGAD(1.0),17/04/26 11:00:00,Annual,From 0 to 11 months,Males,From 20 to 64 years,Percentage,Türkiye,2020,22.2,,
ESTAT:LFSA_EGAD(1.0),17/04/26 11:00:00,Annual,From 0 to 11 months,Males,From 20 to 64 years,Percentage,Türkiye,2021,24.2,b,
ESTAT:LFSA_EGAD(1.0),17/04/26 11:00:00,Annual,From 0 to 11 months,Males,From 20 to 64 years,Percentage,Türkiye,2022,25.0,,
ESTAT:LFSA_EGAD(1.0),17/04/26 11:00:00,Annual,From 0 to 11 months,Males,From 20 to 64 years,Percentage,Türkiye,2023,25.2,,
ESTAT:LFSA_EGAD(1.0),17/04/26 11:00:00,Annual,From 0 to 11 months,Males,From 20 to 64 years,Percentage,Türkiye,2024,25.6,,
ESTAT:LFSA_EGAD(1.0),17/04/26 11:00:00,Annual,From 0 to 11 months,Males,From 20 to 64 years,Percentage,Türkiye,2025,24.7,,
ESTAT:LFSA_EGAD(1.0),17/04/26 11:00:00,Annual,From 0 to 11 months,Males,From 20 to 64 years,Percentage,United Kingdom,2016,14.3,,
ESTAT:LFSA_EGAD(1.0),17/04/26 11:00:00,Annual,From 0 to 11 months,Males,From 20 to 64 years,Percentage,United Kingdom,2017,14.3,,
ESTAT:LFSA_EGAD(1.0),17/04/26 11:00:00,Annual,From 0 to 11 months,Males,From 20 to 64 years,Percentage,United Kingdom,2018,14.0,,
ESTAT:LFSA_EGAD(1.0),17/04/26 11:00:00,Annual,From 0 to 11 months,Males,From 20 to 64 years,Percentage,United Kingdom,2019,13.7,,
ESTAT:LFSA_EGAD(1.0),17/04/26 11:00:00,Annual,From 12 to 23 months,Females,From 20 to 64 years,Percentage,Austria,2016,10.2,,
ESTAT:LFSA_EGAD(1.0),17/04/26 11:00:00,Annual,From 12 to 23 months,Females,From 20 to 64 years,Percentage,Austria,2017,10.3,,
ESTAT:LFSA_EGAD(1.0),17/04/26 11:00:00,Annual,From 12 to 23 months,Females,From 20 to 64 years,Percentage,Austria,2018,10.4,,
ESTAT:LFSA_EGAD(1.0),17/04/26 11:00:00,Annual,From 12 to 23 months,Females,From 20 to 64 years,Percentage,Austria,2019,10.7,,
ESTAT:LFSA_EGAD(1.0),17/04/26 11:00:00,Annual,From 12 to 23 months,Females,From 20 to 64 years,Percentage,Austria,2020,10.8,,
ESTAT:LFSA_EGAD(1.0),17/04/26 11:00:00,Annual,From 12 to 23 months,Females,From 20 to 64 years,Percentage,Austria,2021,10.0,b,
ESTAT:LFSA_EGAD(1.0),17/04/26 11:00:00,Annual,From 12 to 23 months,Females,From 20 to 64 years,Percentage,Austria,2022,9.6,,
ESTAT:LFSA_EGAD(1.0),17/04/26 11:00:00,Annual,From 12 to 23 months,Females,From 20 to 64 years,Percentage,Austria,2023,11.0,,
ESTAT:LFSA_EGAD(1.0),17/04/26 11:00:00,Annual,From 12 to 23 months,Females,From 20 to 64 years,Percentage,Austria,2024,11.2,,
ESTAT:LFSA_EGAD(1.0),17/04/26 11:00:00,Annual,From 12 to 23 months,Females,From 20 to 64 years,Percentage,Austria,2025,10.0,,
ESTAT:LFSA_EGAD(1.0),17/04/26 11:00:00,Annual,From 12 to 23 months,Females,From 20 to 64 years,Percentage,Bosnia and Herzegovina,2021,7.8,b,
ESTAT:LFSA_EGAD(1.0),17/04/26 11:00:00,Annual,From 12 to 23 months,Females,From 20 to 64 years,Percentage,Bosnia and Herzegovina,2022,8.1,,
ESTAT:LFSA_EGAD(1.0),17/04/26 11:00:00,Annual,From 12 to 23 months,Females,From 20 to 64 years,Percentage,Bosnia and Herzegovina,2023,8.8,,
ESTAT:LFSA_EGAD(1.0),17/04/26 11:00:00,Annual,From 12 to 23 months,Females,From 20 to 64 years,Percentage,Bosnia and Herzegovina,2024,7.6,,
ESTAT:LFSA_EGAD(1.0),17/04/26 11:00:00,Annual,From 12 to 23 months,Females,From 20 to 64 years,Percentage,Bosnia and Herzegovina,2025,8.5,,
ESTAT:LFSA_EGAD(1.0),17/04/26 11:00:00,Annual,From 12 to 23 months,Females,From 20 to 64 years,Percentage,Belgium,2016,8.0,,
ESTAT:LFSA_EGAD(1.0),17/04/26 11:00:00,Annual,From 12 to 23 months,Females,From 20 to 64 years,Percentage,Belgium,2017,8.5,b,
ESTAT:LFSA_EGAD(1.0),17/04/26 11:00:00,Annual,From 12 to 23 months,Females,From 20 to 64 years,Percentage,Belgium,2018,8.7,,
ESTAT:LFSA_EGAD(1.0),17/04/26 11:00:00,Annual,From 12 to 23 months,Females,From 20 to 64 years,Percentage,Belgium,2019,9.0,,
ESTAT:LFSA_EGAD(1.0),17/04/26 11:00:00,Annual,From 12 to 23 months,Females,From 20 to 64 years,Percentage,Belgium,2020,9.2,,
ESTAT:LFSA_EGAD(1.0),17/04/26 11:00:00,Annual,From 12 to 23 months,Females,From 20 to 64 years,Percentage,Belgium,2021,8.3,b,
ESTAT:LFSA_EGAD(1.0),17/04/26 11:00:00,Annual,From 12 to 23 months,Females,From 20 to 64 years,Percentage,Belgium,2022,8.2,,
ESTAT:LFSA_EGAD(1.0),17/04/26 11:00:00,Annual,From 12 to 23 months,Females,From 20 to 64 years,Percentage,Belgium,2023,8.9,,
ESTAT:LFSA_EGAD(1.0),17/04/26 11:00:00,Annual,From 12 to 23 months,Females,From 20 to 64 years,Percentage,Belgium,2024,9.2,,
ESTAT:LFSA_EGAD(1.0),17/04/26 11:00:00,Annual,From 12 to 23 months,Females,From 20 to 64 years,Percentage,Belgium,2025,9.2,,
ESTAT:LFSA_EGAD(1.0),17/04/26 11:00:00,Annual,From 12 to 23 months,Females,From 20 to 64 years,Percentage,Bulgaria,2016,7.1,,
ESTAT:LFSA_EGAD(1.0),17/04/26 11:00:00,Annual,From 12 to 23 months,Females,From 20 to 64 years,Percentage,Bulgaria,2017,7.2,,
ESTAT:LFSA_EGAD(1.0),17/04/26 11:00:00,Annual,From 12 to 23 months,Females,From 20 to 64 years,Percentage,Bulgaria,2018,7.5,,
ESTAT:LFSA_EGAD(1.0),17/04/26 11:00:00,Annual,From 12 to 23 months,Females,From 20 to 64 years,Percentage,Bulgaria,2019,6.2,b,
ESTAT:LFSA_EGAD(1.0),17/04/26 11:00:00,Annual,From 12 to 23 months,Females,From 20 to 64 years,Percentage,Bulgaria,2020,6.1,,
ESTAT:LFSA_EGAD(1.0),17/04/26 11:00:00,Annual,From 12 to 23 months,Females,From 20 to 64 years,Percentage,Bulgaria,2021,4.9,b,
ESTAT:LFSA_EGAD(1.0),17/04/26 11:00:00,Annual,From 12 to 23 months,Females,From 20 to 64 years,Percentage,Bulgaria,2022,4.9,,
ESTAT:LFSA_EGAD(1.0),17/04/26 11:00:00,Annual,From 12 to 23 months,Females,From 20 to 64 years,Percentage,Bulgaria,2023,5.6,,
ESTAT:LFSA_EGAD(1.0),17/04/26 11:00:00,Annual,From 12 to 23 months,Females,From 20 to 64 years,Percentage,Bulgaria,2024,5.9,b,
ESTAT:LFSA_EGAD(1.0),17/04/26 11:00:00,Annual,From 12 to 23 months,Females,From 20 to 64 years,Percentage,Bulgaria,2025,5.9,,
ESTAT:LFSA_EGAD(1.0),17/04/26 11:00:00,Annual,From 12 to 23 months,Females,From 20 to 64 years,Percentage,Switzerland,2016,12.3,,
ESTAT:LFSA_EGAD(1.0),17/04/26 11:00:00,Annual,From 12 to 23 months,Females,From 20 to 64 years,Percentage,Switzerland,2017,11.7,,
ESTAT:LFSA_EGAD(1.0),17/04/26 11:00:00,Annual,From 12 to 23 months,Females,From 20 to 64 years,Percentage,Switzerland,2018,12.1,,
ESTAT:LFSA_EGAD(1.0),17/04/26 11:00:00,Annual,From 12 to 23 months,Females,From 20 to 64 years,Percentage,Switzerland,2019,12.2,,
ESTAT:LFSA_EGAD(1.0),17/04/26 11:00:00,Annual,From 12 to 23 months,Females,From 20 to 64 years,Percentage,Switzerland,2020,12.3,,
ESTAT:LFSA_EGAD(1.0),17/04/26 11:00:00,Annual,From 12 to 23 months,Females,From 20 to 64 years,Percentage,Switzerland,2021,11.9,b,
ESTAT:LFSA_EGAD(1.0),17/04/26 11:00:00,Annual,From 12 to 23 months,Females,From 20 to 64 years,Percentage,Switzerland,2022,11.6,,
ESTAT:LFSA_EGAD(1.0),17/04/26 11:00:00,Annual,From 12 to 23 months,Females,From 20 to 64 years,Percentage,Switzerland,2023,13.0,,
ESTAT:LFSA_EGAD(1.0),17/04/26 11:00:00,Annual,From 12 to 23 months,Females,From 20 to 64 years,Percentage,Switzerland,2024,13.4,,
ESTAT:LFSA_EGAD(1.0),17/04/26 11:00:00,Annual,From 12 to 23 months,Females,From 20 to 64 years,Percentage,Switzerland,2025,12.4,,
ESTAT:LFSA_EGAD(1.0),17/04/26 11:00:00,Annual,From 12 to 23 months,Females,From 20 to 64 years,Percentage,Cyprus,2016,10.1,,
ESTAT:LFSA_EGAD(1.0),17/04/26 11:00:00,Annual,From 12 to 23 months,Females,From 20 to 64 years,Percentage,Cyprus,2017,10.8,,
ESTAT:LFSA_EGAD(1.0),17/04/26 11:00:00,Annual,From 12 to 23 months,Females,From 20 to 64 years,Percentage,Cyprus,2018,11.6,,
ESTAT:LFSA_EGAD(1.0),17/04/26 11:00:00,Annual,From 12 to 23 months,Females,From 20 to 64 years,Percentage,Cyprus,2019,12.2,,
ESTAT:LFSA_EGAD(1.0),17/04/26 11:00:00,Annual,From 12 to 23 months,Females,From 20 to 64 years,Percentage,Cyprus,2020,11.9,,
ESTAT:LFSA_EGAD(1.0),17/04/26 11:00:00,Annual,From 12 to 23 months,Females,From 20 to 64 years,Percentage,Cyprus,2021,11.6,b,
ESTAT:LFSA_EGAD(1.0),17/04/26 11:00:00,Annual,From 12 to 23 months,Females,From 20 to 64 years,Percentage,Cyprus,2022,9.4,,
ESTAT:LFSA_EGAD(1.0),17/04/26 11:00:00,Annual,From 12 to 23 months,Females,From 20 to 64 years,Percentage,Cyprus,2023,11.8,,
ESTAT:LFSA_EGAD(1.0),17/04/26 11:00:00,Annual,From 12 to 23 months,Females,From 20 to 64 years,Percentage,Cyprus,2024,12.0,,
ESTAT:LFSA_EGAD(1.0),17/04/26 11:00:00,Annual,From 12 to 23 months,Females,From 20 to 64 years,Percentage,Cyprus,2025,11.2,,
ESTAT:LFSA_EGAD(1.0),17/04/26 11:00:00,Annual,From 12 to 23 months,Females,From 20 to 64 years,Percentage,Czechia,2016,9.6,,
ESTAT:LFSA_EGAD(1.0),17/04/26 11:00:00,Annual,From 12 to 23 months,Females,From 20 to 64 years,Percentage,Czechia,2017,9.2,,
ESTAT:LFSA_EGAD(1.0),17/04/26 11:00:00,Annual,From 12 to 23 months,Females,From 20 to 64 years,Percentage,Czechia,2018,10.0,,
ESTAT:LFSA_EGAD(1.0),17/04/26 11:00:00,Annual,From 12 to 23 months,Females,From 20 to 64 years,Percentage,Czechia,2019,9.8,,
ESTAT:LFSA_EGAD(1.0),17/04/26 11:00:00,Annual,From 12 to 23 months,Females,From 20 to 64 years,Percentage,Czechia,2020,8.8,,
ESTAT:LFSA_EGAD(1.0),17/04/26 11:00:00,Annual,From 12 to 23 months,Females,From 20 to 64 years,Percentage,Czechia,2021,8.2,b,
ESTAT:LFSA_EGAD(1.0),17/04/26 11:00:00,Annual,From 12 to 23 months,Females,From 20 to 64 years,Percentage,Czechia,2022,7.2,,
ESTAT:LFSA_EGAD(1.0),17/04/26 11:00:00,Annual,From 12 to 23 months,Females,From 20 to 64 years,Percentage,Czechia,2023,8.9,,
ESTAT:LFSA_EGAD(1.0),17/04/26 11:00:00,Annual,From 12 to 23 months,Females,From 20 to 64 years,Percentage,Czechia,2024,8.1,,
ESTAT:LFSA_EGAD(1.0),17/04/26 11:00:00,Annual,From 12 to 23 months,Females,From 20 to 64 years,Percentage,Czechia,2025,7.8,,
ESTAT:LFSA_EGAD(1.0),17/04/26 11:00:00,Annual,From 12 to 23 months,Females,From 20 to 64 years,Percentage,Germany,2016,9.3,,
ESTAT:LFSA_EGAD(1.0),17/04/26 11:00:00,Annual,From 12 to 23 months,Females,From 20 to 64 years,Percentage,Germany,2017,9.9,,
ESTAT:LFSA_EGAD(1.0),17/04/26 11:00:00,Annual,From 12 to 23 months,Females,From 20 to 64 years,Percentage,Germany,2018,9.9,,
ESTAT:LFSA_EGAD(1.0),17/04/26 11:00:00,Annual,From 12 to 23 months,Females,From 20 to 64 years,Percentage,Germany,2019,9.9,,
ESTAT:LFSA_EGAD(1.0),17/04/26 11:00:00,Annual,From 12 to 23 months,Females,From 20 to 64 years,Percentage,Germany,2020,10.0,b,
ESTAT:LFSA_EGAD(1.0),17/04/26 11:00:00,Annual,From 12 to 23 months,Females,From 20 to 64 years,Percentage,Germany,2021,9.6,b,
ESTAT:LFSA_EGAD(1.0),17/04/26 11:00:00,Annual,From 12 to 23 months,Females,From 20 to 64 years,Percentage,Germany,2022,9.2,,
ESTAT:LFSA_EGAD(1.0),17/04/26 11:00:00,Annual,From 12 to 23 months,Females,From 20 to 64 years,Percentage,Germany,2023,10.5,,
ESTAT:LFSA_EGAD(1.0),17/04/26 11:00:00,Annual,From 12 to 23 months,Females,From 20 to 64 years,Percentage,Germany,2024,10.9,,
ESTAT:LFSA_EGAD(1.0),17/04/26 11:00:00,Annual,From 12 to 23 months,Females,From 20 to 64 years,Percentage,Germany,2025,10.7,,
ESTAT:LFSA_EGAD(1.0),17/04/26 11:00:00,Annual,From 12 to 23 months,Females,From 20 to 64 years,Percentage,Denmark,2016,11.8,b,
ESTAT:LFSA_EGAD(1.0),17/04/26 11:00:00,Annual,From 12 to 23 months,Females,From 20 to 64 years,Percentage,Denmark,2017,13.0,b,
ESTAT:LFSA_EGAD(1.0),17/04/26 11:00:00,Annual,From 12 to 23 months,Females,From 20 to 64 years,Percentage,Denmark,2018,14.0,,
ESTAT:LFSA_EGAD(1.0),17/04/26 11:00:00,Annual,From 12 to 23 months,Females,From 20 to 64 years,Percentage,Denmark,2019,13.9,,
ESTAT:LFSA_EGAD(1.0),17/04/26 11:00:00,Annual,From 12 to 23 months,Females,From 20 to 64 years,Percentage,Denmark,2020,13.5,,
ESTAT:LFSA_EGAD(1.0),17/04/26 11:00:00,Annual,From 12 to 23 months,Females,From 20 to 64 years,Percentage,Denmark,2021,13.4,b,
ESTAT:LFSA_EGAD(1.0),17/04/26 11:00:00,Annual,From 12 to 23 months,Females,From 20 to 64 years,Percentage,Denmark,2022,13.2,,
ESTAT:LFSA_EGAD(1.0),17/04/26 11:00:00,Annual,From 12 to 23 months,Females,From 20 to 64 years,Percentage,Denmark,2023,15.3,b,
ESTAT:LFSA_EGAD(1.0),17/04/26 11:00:00,Annual,From 12 to 23 months,Females,From 20 to 64 years,Percentage,Denmark,2024,13.3,,
ESTAT:LFSA_EGAD(1.0),17/04/26 11:00:00,Annual,From 12 to 23 months,Females,From 20 to 64 years,Percentage,Denmark,2025,13.9,,
ESTAT:LFSA_EGAD(1.0),17/04/26 11:00:00,Annual,From 12 to 23 months,Females,From 20 to 64 years,Percentage,Euro area – 21 countries (from 2026),2016,8.4,,
ESTAT:LFSA_EGAD(1.0),17/04/26 11:00:00,Annual,From 12 to 23 months,Females,From 20 to 64 years,Percentage,Euro area – 21 countries (from 2026),2017,8.9,,
ESTAT:LFSA_EGAD(1.0),17/04/26 11:00:00,Annual,From 12 to 23 months,Females,From 20 to 64 years,Percentage,Euro area – 21 countries (from 2026),2018,9.1,,
ESTAT:LFSA_EGAD(1.0),17/04/26 11:00:00,Annual,From 12 to 23 months,Females,From 20 to 64 years,Percentage,Euro area – 21 countries (from 2026),2019,9.2,,
ESTAT:LFSA_EGAD(1.0),17/04/26 11:00:00,Annual,From 12 to 23 months,Females,From 20 to 64 years,Percentage,Euro area – 21 countries (from 2026),2020,9.3,,
ESTAT:LFSA_EGAD(1.0),17/04/26 11:00:00,Annual,From 12 to 23 months,Females,From 20 to 64 years,Percentage,Euro area – 21 countries (from 2026),2021,8.7,b,
ESTAT:LFSA_EGAD(1.0),17/04/26 11:00:00,Annual,From 12 to 23 months,Females,From 20 to 64 years,Percentage,Euro area – 21 countries (from 2026),2022,8.7,,
ESTAT:LFSA_EGAD(1.0),17/04/26 11:00:00,Annual,From 12 to 23 months,Females,From 20 to 64 years,Percentage,Euro area – 21 countries (from 2026),2023,10.1,,
ESTAT:LFSA_EGAD(1.0),17/04/26 11:00:00,Annual,From 12 to 23 months,Females,From 20 to 64 years,Percentage,Euro area – 21 countries (from 2026),2024,10.3,,
ESTAT:LFSA_EGAD(1.0),17/04/26 11:00:00,Annual,From 12 to 23 months,Females,From 20 to 64 years,Percentage,Euro area – 21 countries (from 2026),2025,10.0,,
ESTAT:LFSA_EGAD(1.0),17/04/26 11:00:00,Annual,From 12 to 23 months,Females,From 20 to 64 years,Percentage,Estonia,2016,11.2,,
ESTAT:LFSA_EGAD(1.0),17/04/26 11:00:00,Annual,From 12 to 23 months,Females,From 20 to 64 years,Percentage,Estonia,2017,11.2,,
ESTAT:LFSA_EGAD(1.0),17/04/26 11:00:00,Annual,From 12 to 23 months,Females,From 20 to 64 years,Percentage,Estonia,2018,12.6,,
ESTAT:LFSA_EGAD(1.0),17/04/26 11:00:00,Annual,From 12 to 23 months,Females,From 20 to 64 years,Percentage,Estonia,2019,13.0,,
ESTAT:LFSA_EGAD(1.0),17/04/26 11:00:00,Annual,From 12 to 23 months,Females,From 20 to 64 years,Percentage,Estonia,2020,13.1,,
ESTAT:LFSA_EGAD(1.0),17/04/26 11:00:00,Annual,From 12 to 23 months,Females,From 20 to 64 years,Percentage,Estonia,2021,11.1,b,
ESTAT:LFSA_EGAD(1.0),17/04/26 11:00:00,Annual,From 12 to 23 months,Females,From 20 to 64 years,Percentage,Estonia,2022,11.3,,
ESTAT:LFSA_EGAD(1.0),17/04/26 11:00:00,Annual,From 12 to 23 months,Females,From 20 to 64 years,Percentage,Estonia,2023,13.4,,
ESTAT:LFSA_EGAD(1.0),17/04/26 11:00:00,Annual,From 12 to 23 months,Females,From 20 to 64 years,Percentage,Estonia,2024,11.7,,
ESTAT:LFSA_EGAD(1.0),17/04/26 11:00:00,Annual,From 12 to 23 months,Females,From 20 to 64 years,Percentage,Estonia,2025,11.0,,
ESTAT:LFSA_EGAD(1.0),17/04/26 11:00:00,Annual,From 12 to 23 months,Females,From 20 to 64 years,Percentage,Greece,2016,7.3,,
ESTAT:LFSA_EGAD(1.0),17/04/26 11:00:00,Annual,From 12 to 23 months,Females,From 20 to 64 years,Percentage,Greece,2017,7.4,,
ESTAT:LFSA_EGAD(1.0),17/04/26 11:00:00,Annual,From 12 to 23 months,Females,From 20 to 64 years,Percentage,Greece,2018,7.5,,
ESTAT:LFSA_EGAD(1.0),17/04/26 11:00:00,Annual,From 12 to 23 months,Females,From 20 to 64 years,Percentage,Greece,2019,8.2,,
ESTAT:LFSA_EGAD(1.0),17/04/26 11:00:00,Annual,From 12 to 23 months,Females,From 20 to 64 years,Percentage,Greece,2020,8.2,,
ESTAT:LFSA_EGAD(1.0),17/04/26 11:00:00,Annual,From 12 to 23 months,Females,From 20 to 64 years,Percentage,Greece,2021,7.7,b,
ESTAT:LFSA_EGAD(1.0),17/04/26 11:00:00,Annual,From 12 to 23 months,Females,From 20 to 64 years,Percentage,Greece,2022,7.8,,
ESTAT:LFSA_EGAD(1.0),17/04/26 11:00:00,Annual,From 12 to 23 months,Females,From 20 to 64 years,Percentage,Greece,2023,9.4,,
ESTAT:LFSA_EGAD(1.0),17/04/26 11:00:00,Annual,From 12 to 23 months,Females,From 20 to 64 years,Percentage,Greece,2024,8.5,,
ESTAT:LFSA_EGAD(1.0),17/04/26 11:00:00,Annual,From 12 to 23 months,Females,From 20 to 64 years,Percentage,Greece,2025,8.4,,
ESTAT:LFSA_EGAD(1.0),17/04/26 11:00:00,Annual,From 12 to 23 months,Females,From 20 to 64 years,Percentage,Spain,2016,8.4,,
ESTAT:LFSA_EGAD(1.0),17/04/26 11:00:00,Annual,From 12 to 23 months,Females,From 20 to 64 years,Percentage,Spain,2017,8.7,,
ESTAT:LFSA_EGAD(1.0),17/04/26 11:00:00,Annual,From 12 to 23 months,Females,From 20 to 64 years,Percentage,Spain,2018,9.4,,
ESTAT:LFSA_EGAD(1.0),17/04/26 11:00:00,Annual,From 12 to 23 months,Females,From 20 to 64 years,Percentage,Spain,2019,9.2,,
ESTAT:LFSA_EGAD(1.0),17/04/26 11:00:00,Annual,From 12 to 23 months,Females,From 20 to 64 years,Percentage,Spain,2020,9.2,,
ESTAT:LFSA_EGAD(1.0),17/04/26 11:00:00,Annual,From 12 to 23 months,Females,From 20 to 64 years,Percentage,Spain,2021,8.4,bd,
ESTAT:LFSA_EGAD(1.0),17/04/26 11:00:00,Annual,From 12 to 23 months,Females,From 20 to 64 years,Percentage,Spain,2022,8.3,d,
ESTAT:LFSA_EGAD(1.0),17/04/26 11:00:00,Annual,From 12 to 23 months,Females,From 20 to 64 years,Percentage,Spain,2023,10.1,d,
ESTAT:LFSA_EGAD(1.0),17/04/26 11:00:00,Annual,From 12 to 23 months,Females,From 20 to 64 years,Percentage,Spain,2024,10.5,d,
ESTAT:LFSA_EGAD(1.0),17/04/26 11:00:00,Annual,From 12 to 23 months,Females,From 20 to 64 years,Percentage,Spain,2025,10.3,d,
ESTAT:LFSA_EGAD(1.0),17/04/26 11:00:00,Annual,From 12 to 23 months,Females,From 20 to 64 years,Percentage,European Union - 27 countries (from 2020),2016,8.6,,
ESTAT:LFSA_EGAD(1.0),17/04/26 11:00:00,Annual,From 12 to 23 months,Females,From 20 to 64 years,Percentage,European Union - 27 countries (from 2020),2017,9.1,,
ESTAT:LFSA_EGAD(1.0),17/04/26 11:00:00,Annual,From 12 to 23 months,Females,From 20 to 64 years,Percentage,European Union - 27 countries (from 2020),2018,9.3,,
ESTAT:LFSA_EGAD(1.0),17/04/26 11:00:00,Annual,From 12 to 23 months,Females,From 20 to 64 years,Percentage,European Union - 27 countries (from 2020),2019,9.4,,
ESTAT:LFSA_EGAD(1.0),17/04/26 11:00:00,Annual,From 12 to 23 months,Females,From 20 to 64 years,Percentage,European Union - 27 countries (from 2020),2020,9.4,,
ESTAT:LFSA_EGAD(1.0),17/04/26 11:00:00,Annual,From 12 to 23 months,Females,From 20 to 64 years,Percentage,European Union - 27 countries (from 2020),2021,8.7,b,
ESTAT:LFSA_EGAD(1.0),17/04/26 11:00:00,Annual,From 12 to 23 months,Females,From 20 to 64 years,Percentage,European Union - 27 countries (from 2020),2022,8.6,,
ESTAT:LFSA_EGAD(1.0),17/04/26 11:00:00,Annual,From 12 to 23 months,Females,From 20 to 64 years,Percentage,European Union - 27 countries (from 2020),2023,10.0,,
ESTAT:LFSA_EGAD(1.0),17/04/26 11:00:00,Annual,From 12 to 23 months,Females,From 20 to 64 years,Percentage,European Union - 27 countries (from 2020),2024,10.0,,
ESTAT:LFSA_EGAD(1.0),17/04/26 11:00:00,Annual,From 12 to 23 months,Females,From 20 to 64 years,Percentage,European Union - 27 countries (from 2020),2025,9.7,,
ESTAT:LFSA_EGAD(1.0),17/04/26 11:00:00,Annual,From 12 to 23 months,Females,From 20 to 64 years,Percentage,Finland,2016,8.8,,
ESTAT:LFSA_EGAD(1.0),17/04/26 11:00:00,Annual,From 12 to 23 months,Females,From 20 to 64 years,Percentage,Finland,2017,9.2,,
ESTAT:LFSA_EGAD(1.0),17/04/26 11:00:00,Annual,From 12 to 23 months,Females,From 20 to 64 years,Percentage,Finland,2018,10.0,,
ESTAT:LFSA_EGAD(1.0),17/04/26 11:00:00,Annual,From 12 to 23 months,Females,From 20 to 64 years,Percentage,Finland,2019,11.0,,
ESTAT:LFSA_EGAD(1.0),17/04/26 11:00:00,Annual,From 12 to 23 months,Females,From 20 to 64 years,Percentage,Finland,2020,11.0,,
ESTAT:LFSA_EGAD(1.0),17/04/26 11:00:00,Annual,From 12 to 23 months,Females,From 20 to 64 years,Percentage,Finland,2021,10.8,b,
ESTAT:LFSA_EGAD(1.0),17/04/26 11:00:00,Annual,From 12 to 23 months,Females,From 20 to 64 years,Percentage,Finland,2022,10.4,,
ESTAT:LFSA_EGAD(1.0),17/04/26 11:00:00,Annual,From 12 to 23 months,Females,From 20 to 64 years,Percentage,Finland,2023,12.1,,
ESTAT:LFSA_EGAD(1.0),17/04/26 11:00:00,Annual,From 12 to 23 months,Females,From 20 to 64 years,Percentage,Finland,2024,12.7,,
ESTAT:LFSA_EGAD(1.0),17/04/26 11:00:00,Annual,From 12 to 23 months,Females,From 20 to 64 years,Percentage,Finland,2025,10.3,,
ESTAT:LFSA_EGAD(1.0),17/04/26 11:00:00,Annual,From 12 to 23 months,Females,From 20 to 64 years,Percentage,France,2016,7.7,,
ESTAT:LFSA_EGAD(1.0),17/04/26 11:00:00,Annual,From 12 to 23 months,Females,From 20 to 64 years,Percentage,France,2017,8.3,,
ESTAT:LFSA_EGAD(1.0),17/04/26 11:00:00,Annual,From 12 to 23 months,Females,From 20 to 64 years,Percentage,France,2018,8.7,,
ESTAT:LFSA_EGAD(1.0),17/04/26 11:00:00,Annual,From 12 to 23 months,Females,From 20 to 64 years,Percentage,France,2019,8.8,,
ESTAT:LFSA_EGAD(1.0),17/04/26 11:00:00,Annual,From 12 to 23 months,Females,From 20 to 64 years,Percentage,France,2020,9.0,,
ESTAT:LFSA_EGAD(1.0),17/04/26 11:00:00,Annual,From 12 to 23 months,Females,From 20 to 64 years,Percentage,France,2021,9.0,bd,
ESTAT:LFSA_EGAD(1.0),17/04/26 11:00:00,Annual,From 12 to 23 months,Females,From 20 to 64 years,Percentage,France,2022,9.2,d,
ESTAT:LFSA_EGAD(1.0),17/04/26 11:00:00,Annual,From 12 to 23 months,Females,From 20 to 64 years,Percentage,France,2023,10.5,d,
ESTAT:LFSA_EGAD(1.0),17/04/26 11:00:00,Annual,From 12 to 23 months,Females,From 20 to 64 years,Percentage,France,2024,10.6,d,
ESTAT:LFSA_EGAD(1.0),17/04/26 11:00:00,Annual,From 12 to 23 months,Females,From 20 to 64 years,Percentage,France,2025,10.1,d,
ESTAT:LFSA_EGAD(1.0),17/04/26 11:00:00,Annual,From 12 to 23 months,Females,From 20 to 64 years,Percentage,Croatia,2016,8.5,,
ESTAT:LFSA_EGAD(1.0),17/04/26 11:00:00,Annual,From 12 to 23 months,Females,From 20 to 64 years,Percentage,Croatia,2017,8.2,,
ESTAT:LFSA_EGAD(1.0),17/04/26 11:00:00,Annual,From 12 to 23 months,Females,From 20 to 64 years,Percentage,Croatia,2018,9.9,,
ESTAT:LFSA_EGAD(1.0),17/04/26 11:00:00,Annual,From 12 to 23 months,Females,From 20 to 64 years,Percentage,Croatia,2019,10.5,,
ESTAT:LFSA_EGAD(1.0),17/04/26 11:00:00,Annual,From 12 to 23 months,Females,From 20 to 64 years,Percentage,Croatia,2020,9.4,,
ESTAT:LFSA_EGAD(1.0),17/04/26 11:00:00,Annual,From 12 to 23 months,Females,From 20 to 64 years,Percentage,Croatia,2021,8.5,b,
ESTAT:LFSA_EGAD(1.0),17/04/26 11:00:00,Annual,From 12 to 23 months,Females,From 20 to 64 years,Percentage,Croatia,2022,8.3,,
ESTAT:LFSA_EGAD(1.0),17/04/26 11:00:00,Annual,From 12 to 23 months,Females,From 20 to 64 years,Percentage,Croatia,2023,9.1,,
ESTAT:LFSA_EGAD(1.0),17/04/26 11:00:00,Annual,From 12 to 23 months,Females,From 20 to 64 years,Percentage,Croatia,2024,7.8,,
ESTAT:LFSA_EGAD(1.0),17/04/26 11:00:00,Annual,From 12 to 23 months,Females,From 20 to 64 years,Percentage,Croatia,2025,9.4,,
ESTAT:LFSA_EGAD(1.0),17/04/26 11:00:00,Annual,From 12 to 23 months,Females,From 20 to 64 years,Percentage,Hungary,2016,9.8,,
ESTAT:LFSA_EGAD(1.0),17/04/26 11:00:00,Annual,From 12 to 23 months,Females,From 20 to 64 years,Percentage,Hungary,2017,10.6,,
ESTAT:LFSA_EGAD(1.0),17/04/26 11:00:00,Annual,From 12 to 23 months,Females,From 20 to 64 years,Percentage,Hungary,2018,10.3,b,
ESTAT:LFSA_EGAD(1.0),17/04/26 11:00:00,Annual,From 12 to 23 months,Females,From 20 to 64 years,Percentage,Hungary,2019,10.8,,
ESTAT:LFSA_EGAD(1.0),17/04/26 11:00:00,Annual,From 12 to 23 months,Females,From 20 to 64 years,Percentage,Hungary,2020,10.9,,
ESTAT:LFSA_EGAD(1.0),17/04/26 11:00:00,Annual,From 12 to 23 months,Females,From 20 to 64 years,Percentage,Hungary,2021,9.7,b,
ESTAT:LFSA_EGAD(1.0),17/04/26 11:00:00,Annual,From 12 to 23 months,Females,From 20 to 64 years,Percentage,Hungary,2022,10.2,,
ESTAT:LFSA_EGAD(1.0),17/04/26 11:00:00,Annual,From 12 to 23 months,Females,From 20 to 64 years,Percentage,Hungary,2023,10.3,,
ESTAT:LFSA_EGAD(1.0),17/04/26 11:00:00,Annual,From 12 to 23 months,Females,From 20 to 64 years,Percentage,Hungary,2024,11.0,,
ESTAT:LFSA_EGAD(1.0),17/04/26 11:00:00,Annual,From 12 to 23 months,Females,From 20 to 64 years,Percentage,Hungary,2025,10.0,,
ESTAT:LFSA_EGAD(1.0),17/04/26 11:00:00,Annual,From 12 to 23 months,Females,From 20 to 64 years,Percentage,Ireland,2016,9.8,,
ESTAT:LFSA_EGAD(1.0),17/04/26 11:00:00,Annual,From 12 to 23 months,Females,From 20 to 64 years,Percentage,Ireland,2017,10.3,b,
ESTAT:LFSA_EGAD(1.0),17/04/26 11:00:00,Annual,From 12 to 23 months,Females,From 20 to 64 years,Percentage,Ireland,2018,10.3,,
ESTAT:LFSA_EGAD(1.0),17/04/26 11:00:00,Annual,From 12 to 23 months,Females,From 20 to 64 years,Percentage,Ireland,2019,10.1,,
ESTAT:LFSA_EGAD(1.0),17/04/26 11:00:00,Annual,From 12 to 23 months,Females,From 20 to 64 years,Percentage,Ireland,2020,10.6,,
ESTAT:LFSA_EGAD(1.0),17/04/26 11:00:00,Annual,From 12 to 23 months,Females,From 20 to 64 years,Percentage,Ireland,2021,9.1,b,
ESTAT:LFSA_EGAD(1.0),17/04/26 11:00:00,Annual,From 12 to 23 months,Females,From 20 to 64 years,Percentage,Ireland,2022,9.1,,
ESTAT:LFSA_EGAD(1.0),17/04/26 11:00:00,Annual,From 12 to 23 months,Females,From 20 to 64 years,Percentage,Ireland,2023,11.3,,
ESTAT:LFSA_EGAD(1.0),17/04/26 11:00:00,Annual,From 12 to 23 months,Females,From 20 to 64 years,Percentage,Ireland,2024,11.2,,
ESTAT:LFSA_EGAD(1.0),17/04/26 11:00:00,Annual,From 12 to 23 months,Females,From 20 to 64 years,Percentage,Ireland,2025,10.8,,
ESTAT:LFSA_EGAD(1.0),17/04/26 11:00:00,Annual,From 12 to 23 months,Females,From 20 to 64 years,Percentage,Iceland,2016,11.9,,
ESTAT:LFSA_EGAD(1.0),17/04/26 11:00:00,Annual,From 12 to 23 months,Females,From 20 to 64 years,Percentage,Iceland,2017,12.8,,
ESTAT:LFSA_EGAD(1.0),17/04/26 11:00:00,Annual,From 12 to 23 months,Females,From 20 to 64 years,Percentage,Iceland,2018,13.6,,
ESTAT:LFSA_EGAD(1.0),17/04/26 11:00:00,Annual,From 12 to 23 months,Females,From 20 to 64 years,Percentage,Iceland,2019,13.5,,
ESTAT:LFSA_EGAD(1.0),17/04/26 11:00:00,Annual,From 12 to 23 months,Females,From 20 to 64 years,Percentage,Iceland,2020,12.0,b,
ESTAT:LFSA_EGAD(1.0),17/04/26 11:00:00,Annual,From 12 to 23 months,Females,From 20 to 64 years,Percentage,Iceland,2021,10.9,b,
ESTAT:LFSA_EGAD(1.0),17/04/26 11:00:00,Annual,From 12 to 23 months,Females,From 20 to 64 years,Percentage,Iceland,2022,11.4,,
ESTAT:LFSA_EGAD(1.0),17/04/26 11:00:00,Annual,From 12 to 23 months,Females,From 20 to 64 years,Percentage,Iceland,2023,14.3,,
ESTAT:LFSA_EGAD(1.0),17/04/26 11:00:00,Annual,From 12 to 23 months,Females,From 20 to 64 years,Percentage,Iceland,2024,14.7,,
ESTAT:LFSA_EGAD(1.0),17/04/26 11:00:00,Annual,From 12 to 23 months,Females,From 20 to 64 years,Percentage,Italy,2016,7.3,,
ESTAT:LFSA_EGAD(1.0),17/04/26 11:00:00,Annual,From 12 to 23 months,Females,From 20 to 64 years,Percentage,Italy,2017,7.6,,
ESTAT:LFSA_EGAD(1.0),17/04/26 11:00:00,Annual,From 12 to 23 months,Females,From 20 to 64 years,Percentage,Italy,2018,7.5,b,
ESTAT:LFSA_EGAD(1.0),17/04/26 11:00:00,Annual,From 12 to 23 months,Females,From 20 to 64 years,Percentage,Italy,2019,7.5,,
ESTAT:LFSA_EGAD(1.0),17/04/26 11:00:00,Annual,From 12 to 23 months,Females,From 20 to 64 years,Percentage,Italy,2020,7.6,,
ESTAT:LFSA_EGAD(1.0),17/04/26 11:00:00,Annual,From 12 to 23 months,Females,From 20 to 64 years,Percentage,Italy,2021,6.7,b,
ESTAT:LFSA_EGAD(1.0),17/04/26 11:00:00,Annual,From 12 to 23 months,Females,From 20 to 64 years,Percentage,Italy,2022,7.8,,
ESTAT:LFSA_EGAD(1.0),17/04/26 11:00:00,Annual,From 12 to 23 months,Females,From 20 to 64 years,Percentage,Italy,2023,8.7,,
ESTAT:LFSA_EGAD(1.0),17/04/26 11:00:00,Annual,From 12 to 23 months,Females,From 20 to 64 years,Percentage,Italy,2024,9.0,,
ESTAT:LFSA_EGAD(1.0),17/04/26 11:00:00,Annual,From 12 to 23 months,Females,From 20 to 64 years,Percentage,Italy,2025,8.7,,
ESTAT:LFSA_EGAD(1.0),17/04/26 11:00:00,Annual,From 12 to 23 months,Females,From 20 to 64 years,Percentage,Lithuania,2016,10.2,,
ESTAT:LFSA_EGAD(1.0),17/04/26 11:00:00,Annual,From 12 to 23 months,Females,From 20 to 64 years,Percentage,Lithuania,2017,12.4,,
ESTAT:LFSA_EGAD(1.0),17/04/26 11:00:00,Annual,From 12 to 23 months,Females,From 20 to 64 years,Percentage,Lithuania,2018,10.4,,
ESTAT:LFSA_EGAD(1.0),17/04/26 11:00:00,Annual,From 12 to 23 months,Females,From 20 to 64 years,Percentage,Lithuania,2019,12.5,,
ESTAT:LFSA_EGAD(1.0),17/04/26 11:00:00,Annual,From 12 to 23 months,Females,From 20 to 64 years,Percentage,Lithuania,2020,11.9,,
ESTAT:LFSA_EGAD(1.0),17/04/26 11:00:00,Annual,From 12 to 23 months,Females,From 20 to 64 years,Percentage,Lithuania,2021,10.2,b,
ESTAT:LFSA_EGAD(1.0),17/04/26 11:00:00,Annual,From 12 to 23 months,Females,From 20 to 64 years,Percentage,Lithuania,2022,9.2,,
ESTAT:LFSA_EGAD(1.0),17/04/26 11:00:00,Annual,From 12 to 23 months,Females,From 20 to 64 years,Percentage,Lithuania,2023,10.0,,
ESTAT:LFSA_EGAD(1.0),17/04/26 11:00:00,Annual,From 12 to 23 months,Females,From 20 to 64 years,Percentage,Lithuania,2024,10.7,,
ESTAT:LFSA_EGAD(1.0),17/04/26 11:00:00,Annual,From 12 to 23 months,Females,From 20 to 64 years,Percentage,Lithuania,2025,11.2,,
ESTAT:LFSA_EGAD(1.0),17/04/26 11:00:00,Annual,From 12 to 23 months,Females,From 20 to 64 years,Percentage,Luxembourg,2016,10.1,b,
ESTAT:LFSA_EGAD(1.0),17/04/26 11:00:00,Annual,From 12 to 23 months,Females,From 20 to 64 years,Percentage,Luxembourg,2017,10.9,,
ESTAT:LFSA_EGAD(1.0),17/04/26 11:00:00,Annual,From 12 to 23 months,Females,From 20 to 64 years,Percentage,Luxembourg,2018,12.0,,
ESTAT:LFSA_EGAD(1.0),17/04/26 11:00:00,Annual,From 12 to 23 months,Females,From 20 to 64 years,Percentage,Luxembourg,2019,11.5,,
ESTAT:LFSA_EGAD(1.0),17/04/26 11:00:00,Annual,From 12 to 23 months,Females,From 20 to 64 years,Percentage,Luxembourg,2020,12.4,,
ESTAT:LFSA_EGAD(1.0),17/04/26 11:00:00,Annual,From 12 to 23 months,Females,From 20 to 64 years,Percentage,Luxembourg,2021,8.0,b,
ESTAT:LFSA_EGAD(1.0),17/04/26 11:00:00,Annual,From 12 to 23 months,Females,From 20 to 64 years,Percentage,Luxembourg,2022,7.9,,
ESTAT:LFSA_EGAD(1.0),17/04/26 11:00:00,Annual,From 12 to 23 months,Females,From 20 to 64 years,Percentage,Luxembourg,2023,10.3,,
ESTAT:LFSA_EGAD(1.0),17/04/26 11:00:00,Annual,From 12 to 23 months,Females,From 20 to 64 years,Percentage,Luxembourg,2024,10.0,,
ESTAT:LFSA_EGAD(1.0),17/04/26 11:00:00,Annual,From 12 to 23 months,Females,From 20 to 64 years,Percentage,Luxembourg,2025,9.7,,
ESTAT:LFSA_EGAD(1.0),17/04/26 11:00:00,Annual,From 12 to 23 months,Females,From 20 to 64 years,Percentage,Latvia,2016,10.7,,
ESTAT:LFSA_EGAD(1.0),17/04/26 11:00:00,Annual,From 12 to 23 months,Females,From 20 to 64 years,Percentage,Latvia,2017,10.1,,
ESTAT:LFSA_EGAD(1.0),17/04/26 11:00:00,Annual,From 12 to 23 months,Females,From 20 to 64 years,Percentage,Latvia,2018,9.9,,
ESTAT:LFSA_EGAD(1.0),17/04/26 11:00:00,Annual,From 12 to 23 months,Females,From 20 to 64 years,Percentage,Latvia,2019,9.1,,
ESTAT:LFSA_EGAD(1.0),17/04/26 11:00:00,Annual,From 12 to 23 months,Females,From 20 to 64 years,Percentage,Latvia,2020,10.5,,
ESTAT:LFSA_EGAD(1.0),17/04/26 11:00:00,Annual,From 12 to 23 months,Females,From 20 to 64 years,Percentage,Latvia,2021,9.9,b,
ESTAT:LFSA_EGAD(1.0),17/04/26 11:00:00,Annual,From 12 to 23 months,Females,From 20 to 64 years,Percentage,Latvia,2022,10.8,,
ESTAT:LFSA_EGAD(1.0),17/04/26 11:00:00,Annual,From 12 to 23 months,Females,From 20 to 64 years,Percentage,Latvia,2023,11.1,,
ESTAT:LFSA_EGAD(1.0),17/04/26 11:00:00,Annual,From 12 to 23 months,Females,From 20 to 64 years,Percentage,Latvia,2024,10.3,,
ESTAT:LFSA_EGAD(1.0),17/04/26 11:00:00,Annual,From 12 to 23 months,Females,From 20 to 64 years,Percentage,Latvia,2025,9.8,,
ESTAT:LFSA_EGAD(1.0),17/04/26 11:00:00,Annual,From 12 to 23 months,Females,From 20 to 64 years,Percentage,Montenegro,2016,8.5,,
ESTAT:LFSA_EGAD(1.0),17/04/26 11:00:00,Annual,From 12 to 23 months,Females,From 20 to 64 years,Percentage,Montenegro,2017,9.2,,
ESTAT:LFSA_EGAD(1.0),17/04/26 11:00:00,Annual,From 12 to 23 months,Females,From 20 to 64 years,Percentage,Montenegro,2018,6.9,,
ESTAT:LFSA_EGAD(1.0),17/04/26 11:00:00,Annual,From 12 to 23 months,Females,From 20 to 64 years,Percentage,Montenegro,2019,10.1,,
ESTAT:LFSA_EGAD(1.0),17/04/26 11:00:00,Annual,From 12 to 23 months,Females,From 20 to 64 years,Percentage,Montenegro,2020,10.0,,
ESTAT:LFSA_EGAD(1.0),17/04/26 11:00:00,Annual,From 12 to 23 months,Females,From 20 to 64 years,Percentage,North Macedonia,2016,9.1,,
ESTAT:LFSA_EGAD(1.0),17/04/26 11:00:00,Annual,From 12 to 23 months,Females,From 20 to 64 years,Percentage,North Macedonia,2017,8.7,,
ESTAT:LFSA_EGAD(1.0),17/04/26 11:00:00,Annual,From 12 to 23 months,Females,From 20 to 64 years,Percentage,North Macedonia,2018,11.6,,
ESTAT:LFSA_EGAD(1.0),17/04/26 11:00:00,Annual,From 12 to 23 months,Females,From 20 to 64 years,Percentage,North Macedonia,2019,11.2,,
ESTAT:LFSA_EGAD(1.0),17/04/26 11:00:00,Annual,From 12 to 23 months,Females,From 20 to 64 years,Percentage,North Macedonia,2020,10.9,,
ESTAT:LFSA_EGAD(1.0),17/04/26 11:00:00,Annual,From 12 to 23 months,Females,From 20 to 64 years,Percentage,North Macedonia,2021,9.4,b,
ESTAT:LFSA_EGAD(1.0),17/04/26 11:00:00,Annual,From 12 to 23 months,Females,From 20 to 64 years,Percentage,North Macedonia,2022,8.8,,
ESTAT:LFSA_EGAD(1.0),17/04/26 11:00:00,Annual,From 12 to 23 months,Females,From 20 to 64 years,Percentage,North Macedonia,2023,9.6,,
ESTAT:LFSA_EGAD(1.0),17/04/26 11:00:00,Annual,From 12 to 23 months,Females,From 20 to 64 years,Percentage,North Macedonia,2024,8.4,,
ESTAT:LFSA_EGAD(1.0),17/04/26 11:00:00,Annual,From 12 to 23 months,Females,From 20 to 64 years,Percentage,North Macedonia,2025,7.5,,
ESTAT:LFSA_EGAD(1.0),17/04/26 11:00:00,Annual,From 12 to 23 months,Females,From 20 to 64 years,Percentage,Malta,2016,13.7,,
ESTAT:LFSA_EGAD(1.0),17/04/26 11:00:00,Annual,From 12 to 23 months,Females,From 20 to 64 years,Percentage,Malta,2017,12.7,,
ESTAT:LFSA_EGAD(1.0),17/04/26 11:00:00,Annual,From 12 to 23 months,Females,From 20 to 64 years,Percentage,Malta,2018,15.0,,
ESTAT:LFSA_EGAD(1.0),17/04/26 11:00:00,Annual,From 12 to 23 months,Females,From 20 to 64 years,Percentage,Malta,2019,14.8,,
ESTAT:LFSA_EGAD(1.0),17/04/26 11:00:00,Annual,From 12 to 23 months,Females,From 20 to 64 years,Percentage,Malta,2020,14.5,,
ESTAT:LFSA_EGAD(1.0),17/04/26 11:00:00,Annual,From 12 to 23 months,Females,From 20 to 64 years,Percentage,Malta,2021,11.5,b,
ESTAT:LFSA_EGAD(1.0),17/04/26 11:00:00,Annual,From 12 to 23 months,Females,From 20 to 64 years,Percentage,Malta,2022,11.8,,
ESTAT:LFSA_EGAD(1.0),17/04/26 11:00:00,Annual,From 12 to 23 months,Females,From 20 to 64 years,Percentage,Malta,2023,14.0,,
ESTAT:LFSA_EGAD(1.0),17/04/26 11:00:00,Annual,From 12 to 23 months,Females,From 20 to 64 years,Percentage,Malta,2024,13.7,,
ESTAT:LFSA_EGAD(1.0),17/04/26 11:00:00,Annual,From 12 to 23 months,Females,From 20 to 64 years,Percentage,Malta,2025,14.5,,
ESTAT:LFSA_EGAD(1.0),17/04/26 11:00:00,Annual,From 12 to 23 months,Females,From 20 to 64 years,Percentage,Netherlands,2016,8.7,,
ESTAT:LFSA_EGAD(1.0),17/04/26 11:00:00,Annual,From 12 to 23 months,Females,From 20 to 64 years,Percentage,Netherlands,2017,9.7,,
ESTAT:LFSA_EGAD(1.0),17/04/26 11:00:00,Annual,From 12 to 23 months,Females,From 20 to 64 years,Percentage,Netherlands,2018,10.0,,
ESTAT:LFSA_EGAD(1.0),17/04/26 11:00:00,Annual,From 12 to 23 months,Females,From 20 to 64 years,Percentage,Netherlands,2019,10.9,,
ESTAT:LFSA_EGAD(1.0),17/04/26 11:00:00,Annual,From 12 to 23 months,Females,From 20 to 64 years,Percentage,Netherlands,2020,11.4,,
ESTAT:LFSA_EGAD(1.0),17/04/26 11:00:00,Annual,From 12 to 23 months,Females,From 20 to 64 years,Percentage,Netherlands,2021,10.8,b,
ESTAT:LFSA_EGAD(1.0),17/04/26 11:00:00,Annual,From 12 to 23 months,Females,From 20 to 64 years,Percentage,Netherlands,2022,10.7,,
ESTAT:LFSA_EGAD(1.0),17/04/26 11:00:00,Annual,From 12 to 23 months,Females,From 20 to 64 years,Percentage,Netherlands,2023,12.7,,
ESTAT:LFSA_EGAD(1.0),17/04/26 11:00:00,Annual,From 12 to 23 months,Females,From 20 to 64 years,Percentage,Netherlands,2024,12.9,,
ESTAT:LFSA_EGAD(1.0),17/04/26 11:00:00,Annual,From 12 to 23 months,Females,From 20 to 64 years,Percentage,Netherlands,2025,11.8,,
ESTAT:LFSA_EGAD(1.0),17/04/26 11:00:00,Annual,From 12 to 23 months,Females,From 20 to 64 years,Percentage,Norway,2016,7.9,,
ESTAT:LFSA_EGAD(1.0),17/04/26 11:00:00,Annual,From 12 to 23 months,Females,From 20 to 64 years,Percentage,Norway,2017,8.0,,
ESTAT:LFSA_EGAD(1.0),17/04/26 11:00:00,Annual,From 12 to 23 months,Females,From 20 to 64 years,Percentage,Norway,2018,8.6,,
ESTAT:LFSA_EGAD(1.0),17/04/26 11:00:00,Annual,From 12 to 23 months,Females,From 20 to 64 years,Percentage,Norway,2019,8.9,,
ESTAT:LFSA_EGAD(1.0),17/04/26 11:00:00,Annual,From 12 to 23 months,Females,From 20 to 64 years,Percentage,Norway,2020,8.5,,
ESTAT:LFSA_EGAD(1.0),17/04/26 11:00:00,Annual,From 12 to 23 months,Females,From 20 to 64 years,Percentage,Norway,2021,11.6,b,
ESTAT:LFSA_EGAD(1.0),17/04/26 11:00:00,Annual,From 12 to 23 months,Females,From 20 to 64 years,Percentage,Norway,2022,10.2,,
ESTAT:LFSA_EGAD(1.0),17/04/26 11:00:00,Annual,From 12 to 23 months,Females,From 20 to 64 years,Percentage,Norway,2023,11.8,,
ESTAT:LFSA_EGAD(1.0),17/04/26 11:00:00,Annual,From 12 to 23 months,Females,From 20 to 64 years,Percentage,Norway,2024,13.5,,
ESTAT:LFSA_EGAD(1.0),17/04/26 11:00:00,Annual,From 12 to 23 months,Females,From 20 to 64 years,Percentage,Norway,2025,12.5,,
ESTAT:LFSA_EGAD(1.0),17/04/26 11:00:00,Annual,From 12 to 23 months,Females,From 20 to 64 years,Percentage,Poland,2016,9.9,,
ESTAT:LFSA_EGAD(1.0),17/04/26 11:00:00,Annual,From 12 to 23 months,Females,From 20 to 64 years,Percentage,Poland,2017,10.1,,
ESTAT:LFSA_EGAD(1.0),17/04/26 11:00:00,Annual,From 12 to 23 months,Females,From 20 to 64 years,Percentage,Poland,2018,10.1,,
ESTAT:LFSA_EGAD(1.0),17/04/26 11:00:00,Annual,From 12 to 23 months,Females,From 20 to 64 years,Percentage,Poland,2019,10.8,b,
ESTAT:LFSA_EGAD(1.0),17/04/26 11:00:00,Annual,From 12 to 23 months,Females,From 20 to 64 years,Percentage,Poland,2020,10.3,,
ESTAT:LFSA_EGAD(1.0),17/04/26 11:00:00,Annual,From 12 to 23 months,Females,From 20 to 64 years,Percentage,Poland,2021,8.7,b,
ESTAT:LFSA_EGAD(1.0),17/04/26 11:00:00,Annual,From 12 to 23 months,Females,From 20 to 64 years,Percentage,Poland,2022,8.0,,
ESTAT:LFSA_EGAD(1.0),17/04/26 11:00:00,Annual,From 12 to 23 months,Females,From 20 to 64 years,Percentage,Poland,2023,9.3,,
ESTAT:LFSA_EGAD(1.0),17/04/26 11:00:00,Annual,From 12 to 23 months,Females,From 20 to 64 years,Percentage,Poland,2024,8.6,,
ESTAT:LFSA_EGAD(1.0),17/04/26 11:00:00,Annual,From 12 to 23 months,Females,From 20 to 64 years,Percentage,Poland,2025,8.4,,
ESTAT:LFSA_EGAD(1.0),17/04/26 11:00:00,Annual,From 12 to 23 months,Females,From 20 to 64 years,Percentage,Portugal,2016,7.5,,
ESTAT:LFSA_EGAD(1.0),17/04/26 11:00:00,Annual,From 12 to 23 months,Females,From 20 to 64 years,Percentage,Portugal,2017,7.4,,
ESTAT:LFSA_EGAD(1.0),17/04/26 11:00:00,Annual,From 12 to 23 months,Females,From 20 to 64 years,Percentage,Portugal,2018,7.9,,
ESTAT:LFSA_EGAD(1.0),17/04/26 11:00:00,Annual,From 12 to 23 months,Females,From 20 to 64 years,Percentage,Portugal,2019,8.4,,
ESTAT:LFSA_EGAD(1.0),17/04/26 11:00:00,Annual,From 12 to 23 months,Females,From 20 to 64 years,Percentage,Portugal,2020,8.1,,
ESTAT:LFSA_EGAD(1.0),17/04/26 11:00:00,Annual,From 12 to 23 months,Females,From 20 to 64 years,Percentage,Portugal,2021,7.1,b,
ESTAT:LFSA_EGAD(1.0),17/04/26 11:00:00,Annual,From 12 to 23 months,Females,From 20 to 64 years,Percentage,Portugal,2022,6.9,,
ESTAT:LFSA_EGAD(1.0),17/04/26 11:00:00,Annual,From 12 to 23 months,Females,From 20 to 64 years,Percentage,Portugal,2023,8.2,,
ESTAT:LFSA_EGAD(1.0),17/04/26 11:00:00,Annual,From 12 to 23 months,Females,From 20 to 64 years,Percentage,Portugal,2024,8.8,,
ESTAT:LFSA_EGAD(1.0),17/04/26 11:00:00,Annual,From 12 to 23 months,Females,From 20 to 64 years,Percentage,Portugal,2025,8.6,,
ESTAT:LFSA_EGAD(1.0),17/04/26 11:00:00,Annual,From 12 to 23 months,Females,From 20 to 64 years,Percentage,Romania,2016,6.1,,
ESTAT:LFSA_EGAD(1.0),17/04/26 11:00:00,Annual,From 12 to 23 months,Females,From 20 to 64 years,Percentage,Romania,2017,6.9,,
ESTAT:LFSA_EGAD(1.0),17/04/26 11:00:00,Annual,From 12 to 23 months,Females,From 20 to 64 years,Percentage,Romania,2018,6.8,,
ESTAT:LFSA_EGAD(1.0),17/04/26 11:00:00,Annual,From 12 to 23 months,Females,From 20 to 64 years,Percentage,Romania,2019,6.2,,
ESTAT:LFSA_EGAD(1.0),17/04/26 11:00:00,Annual,From 12 to 23 months,Females,From 20 to 64 years,Percentage,Romania,2020,5.6,,
ESTAT:LFSA_EGAD(1.0),17/04/26 11:00:00,Annual,From 12 to 23 months,Females,From 20 to 64 years,Percentage,Romania,2021,4.7,b,
ESTAT:LFSA_EGAD(1.0),17/04/26 11:00:00,Annual,From 12 to 23 months,Females,From 20 to 64 years,Percentage,Romania,2022,4.3,,
ESTAT:LFSA_EGAD(1.0),17/04/26 11:00:00,Annual,From 12 to 23 months,Females,From 20 to 64 years,Percentage,Romania,2023,4.7,,
ESTAT:LFSA_EGAD(1.0),17/04/26 11:00:00,Annual,From 12 to 23 months,Females,From 20 to 64 years,Percentage,Romania,2024,4.4,,
ESTAT:LFSA_EGAD(1.0),17/04/26 11:00:00,Annual,From 12 to 23 months,Females,From 20 to 64 years,Percentage,Romania,2025,4.7,,
ESTAT:LFSA_EGAD(1.0),17/04/26 11:00:00,Annual,From 12 to 23 months,Females,From 20 to 64 years,Percentage,Serbia,2016,7.0,,
ESTAT:LFSA_EGAD(1.0),17/04/26 11:00:00,Annual,From 12 to 23 months,Females,From 20 to 64 years,Percentage,Serbia,2017,8.2,,
ESTAT:LFSA_EGAD(1.0),17/04/26 11:00:00,Annual,From 12 to 23 months,Females,From 20 to 64 years,Percentage,Serbia,2018,9.1,,
ESTAT:LFSA_EGAD(1.0),17/04/26 11:00:00,Annual,From 12 to 23 months,Females,From 20 to 64 years,Percentage,Serbia,2019,9.1,,
ESTAT:LFSA_EGAD(1.0),17/04/26 11:00:00,Annual,From 12 to 23 months,Females,From 20 to 64 years,Percentage,Serbia,2020,9.3,,
ESTAT:LFSA_EGAD(1.0),17/04/26 11:00:00,Annual,From 12 to 23 months,Females,From 20 to 64 years,Percentage,Serbia,2021,8.6,b,
ESTAT:LFSA_EGAD(1.0),17/04/26 11:00:00,Annual,From 12 to 23 months,Females,From 20 to 64 years,Percentage,Serbia,2022,8.4,,
ESTAT:LFSA_EGAD(1.0),17/04/26 11:00:00,Annual,From 12 to 23 months,Females,From 20 to 64 years,Percentage,Serbia,2023,9.1,,
ESTAT:LFSA_EGAD(1.0),17/04/26 11:00:00,Annual,From 12 to 23 months,Females,From 20 to 64 years,Percentage,Serbia,2024,8.9,,
ESTAT:LFSA_EGAD(1.0),17/04/26 11:00:00,Annual,From 12 to 23 months,Females,From 20 to 64 years,Percentage,Serbia,2025,8.4,,
ESTAT:LFSA_EGAD(1.0),17/04/26 11:00:00,Annual,From 12 to 23 months,Females,From 20 to 64 years,Percentage,Sweden,2016,10.8,,
ESTAT:LFSA_EGAD(1.0),17/04/26 11:00:00,Annual,From 12 to 23 months,Females,From 20 to 64 years,Percentage,Sweden,2017,11.7,,
ESTAT:LFSA_EGAD(1.0),17/04/26 11:00:00,Annual,From 12 to 23 months,Females,From 20 to 64 years,Percentage,Sweden,2018,12.5,b,
ESTAT:LFSA_EGAD(1.0),17/04/26 11:00:00,Annual,From 12 to 23 months,Females,From 20 to 64 years,Percentage,Sweden,2019,12.1,,
ESTAT:LFSA_EGAD(1.0),17/04/26 11:00:00,Annual,From 12 to 23 months,Females,From 20 to 64 years,Percentage,Sweden,2020,11.8,,
ESTAT:LFSA_EGAD(1.0),17/04/26 11:00:00,Annual,From 12 to 23 months,Females,From 20 to 64 years,Percentage,Sweden,2021,10.4,b,
ESTAT:LFSA_EGAD(1.0),17/04/26 11:00:00,Annual,From 12 to 23 months,Females,From 20 to 64 years,Percentage,Sweden,2022,10.0,,
ESTAT:LFSA_EGAD(1.0),17/04/26 11:00:00,Annual,From 12 to 23 months,Females,From 20 to 64 years,Percentage,Sweden,2023,13.0,,
ESTAT:LFSA_EGAD(1.0),17/04/26 11:00:00,Annual,From 12 to 23 months,Females,From 20 to 64 years,Percentage,Sweden,2024,12.2,,
ESTAT:LFSA_EGAD(1.0),17/04/26 11:00:00,Annual,From 12 to 23 months,Females,From 20 to 64 years,Percentage,Sweden,2025,10.1,,
ESTAT:LFSA_EGAD(1.0),17/04/26 11:00:00,Annual,From 12 to 23 months,Females,From 20 to 64 years,Percentage,Slovenia,2016,8.3,,
ESTAT:LFSA_EGAD(1.0),17/04/26 11:00:00,Annual,From 12 to 23 months,Females,From 20 to 64 years,Percentage,Slovenia,2017,7.8,,
ESTAT:LFSA_EGAD(1.0),17/04/26 11:00:00,Annual,From 12 to 23 months,Females,From 20 to 64 years,Percentage,Slovenia,2018,8.9,,
ESTAT:LFSA_EGAD(1.0),17/04/26 11:00:00,Annual,From 12 to 23 months,Females,From 20 to 64 years,Percentage,Slovenia,2019,9.5,,
ESTAT:LFSA_EGAD(1.0),17/04/26 11:00:00,Annual,From 12 to 23 months,Females,From 20 to 64 years,Percentage,Slovenia,2020,9.4,,
ESTAT:LFSA_EGAD(1.0),17/04/26 11:00:00,Annual,From 12 to 23 months,Females,From 20 to 64 years,Percentage,Slovenia,2021,6.7,b,
ESTAT:LFSA_EGAD(1.0),17/04/26 11:00:00,Annual,From 12 to 23 months,Females,From 20 to 64 years,Percentage,Slovenia,2022,7.9,,
ESTAT:LFSA_EGAD(1.0),17/04/26 11:00:00,Annual,From 12 to 23 months,Females,From 20 to 64 years,Percentage,Slovenia,2023,9.4,,
ESTAT:LFSA_EGAD(1.0),17/04/26 11:00:00,Annual,From 12 to 23 months,Females,From 20 to 64 years,Percentage,Slovenia,2024,8.8,,
ESTAT:LFSA_EGAD(1.0),17/04/26 11:00:00,Annual,From 12 to 23 months,Females,From 20 to 64 years,Percentage,Slovenia,2025,7.6,,
ESTAT:LFSA_EGAD(1.0),17/04/26 11:00:00,Annual,From 12 to 23 months,Females,From 20 to 64 years,Percentage,Slovakia,2016,8.7,,
ESTAT:LFSA_EGAD(1.0),17/04/26 11:00:00,Annual,From 12 to 23 months,Females,From 20 to 64 years,Percentage,Slovakia,2017,9.5,,
ESTAT:LFSA_EGAD(1.0),17/04/26 11:00:00,Annual,From 12 to 23 months,Females,From 20 to 64 years,Percentage,Slovakia,2018,9.3,,
ESTAT:LFSA_EGAD(1.0),17/04/26 11:00:00,Annual,From 12 to 23 months,Females,From 20 to 64 years,Percentage,Slovakia,2019,9.5,,
ESTAT:LFSA_EGAD(1.0),17/04/26 11:00:00,Annual,From 12 to 23 months,Females,From 20 to 64 years,Percentage,Slovakia,2020,8.7,,
ESTAT:LFSA_EGAD(1.0),17/04/26 11:00:00,Annual,From 12 to 23 months,Females,From 20 to 64 years,Percentage,Slovakia,2021,7.0,b,
ESTAT:LFSA_EGAD(1.0),17/04/26 11:00:00,Annual,From 12 to 23 months,Females,From 20 to 64 years,Percentage,Slovakia,2022,6.6,,
ESTAT:LFSA_EGAD(1.0),17/04/26 11:00:00,Annual,From 12 to 23 months,Females,From 20 to 64 years,Percentage,Slovakia,2023,7.0,,
ESTAT:LFSA_EGAD(1.0),17/04/26 11:00:00,Annual,From 12 to 23 months,Females,From 20 to 64 years,Percentage,Slovakia,2024,7.7,,
ESTAT:LFSA_EGAD(1.0),17/04/26 11:00:00,Annual,From 12 to 23 months,Females,From 20 to 64 years,Percentage,Slovakia,2025,7.8,,
ESTAT:LFSA_EGAD(1.0),17/04/26 11:00:00,Annual,From 12 to 23 months,Females,From 20 to 64 years,Percentage,Türkiye,2016,10.2,,
ESTAT:LFSA_EGAD(1.0),17/04/26 11:00:00,Annual,From 12 to 23 months,Females,From 20 to 64 years,Percentage,Türkiye,2017,9.3,,
ESTAT:LFSA_EGAD(1.0),17/04/26 11:00:00,Annual,From 12 to 23 months,Females,From 20 to 64 years,Percentage,Türkiye,2018,9.6,,
ESTAT:LFSA_EGAD(1.0),17/04/26 11:00:00,Annual,From 12 to 23 months,Females,From 20 to 64 years,Percentage,Türkiye,2019,10.8,,
ESTAT:LFSA_EGAD(1.0),17/04/26 11:00:00,Annual,From 12 to 23 months,Females,From 20 to 64 years,Percentage,Türkiye,2020,10.2,,
ESTAT:LFSA_EGAD(1.0),17/04/26 11:00:00,Annual,From 12 to 23 months,Females,From 20 to 64 years,Percentage,Türkiye,2021,10.3,b,
ESTAT:LFSA_EGAD(1.0),17/04/26 11:00:00,Annual,From 12 to 23 months,Females,From 20 to 64 years,Percentage,Türkiye,2022,10.0,,
ESTAT:LFSA_EGAD(1.0),17/04/26 11:00:00,Annual,From 12 to 23 months,Females,From 20 to 64 years,Percentage,Türkiye,2023,11.6,,
ESTAT:LFSA_EGAD(1.0),17/04/26 11:00:00,Annual,From 12 to 23 months,Females,From 20 to 64 years,Percentage,Türkiye,2024,11.9,,
ESTAT:LFSA_EGAD(1.0),17/04/26 11:00:00,Annual,From 12 to 23 months,Females,From 20 to 64 years,Percentage,Türkiye,2025,11.3,,
ESTAT:LFSA_EGAD(1.0),17/04/26 11:00:00,Annual,From 12 to 23 months,Females,From 20 to 64 years,Percentage,United Kingdom,2016,11.8,,
ESTAT:LFSA_EGAD(1.0),17/04/26 11:00:00,Annual,From 12 to 23 months,Females,From 20 to 64 years,Percentage,United Kingdom,2017,11.9,,
ESTAT:LFSA_EGAD(1.0),17/04/26 11:00:00,Annual,From 12 to 23 months,Females,From 20 to 64 years,Percentage,United Kingdom,2018,11.9,,
ESTAT:LFSA_EGAD(1.0),17/04/26 11:00:00,Annual,From 12 to 23 months,Females,From 20 to 64 years,Percentage,United Kingdom,2019,12.3,,
ESTAT:LFSA_EGAD(1.0),17/04/26 11:00:00,Annual,From 12 to 23 months,Males,From 20 to 64 years,Percentage,Austria,2016,8.9,,
ESTAT:LFSA_EGAD(1.0),17/04/26 11:00:00,Annual,From 12 to 23 months,Males,From 20 to 64 years,Percentage,Austria,2017,9.0,,
ESTAT:LFSA_EGAD(1.0),17/04/26 11:00:00,Annual,From 12 to 23 months,Males,From 20 to 64 years,Percentage,Austria,2018,9.3,,
ESTAT:LFSA_EGAD(1.0),17/04/26 11:00:00,Annual,From 12 to 23 months,Males,From 20 to 64 years,Percentage,Austria,2019,9.4,,
ESTAT:LFSA_EGAD(1.0),17/04/26 11:00:00,Annual,From 12 to 23 months,Males,From 20 to 64 years,Percentage,Austria,2020,9.5,,
ESTAT:LFSA_EGAD(1.0),17/04/26 11:00:00,Annual,From 12 to 23 months,Males,From 20 to 64 years,Percentage,Austria,2021,8.3,b,
ESTAT:LFSA_EGAD(1.0),17/04/26 11:00:00,Annual,From 12 to 23 months,Males,From 20 to 64 years,Percentage,Austria,2022,8.9,,
ESTAT:LFSA_EGAD(1.0),17/04/26 11:00:00,Annual,From 12 to 23 months,Males,From 20 to 64 years,Percentage,Austria,2023,9.7,,
ESTAT:LFSA_EGAD(1.0),17/04/26 11:00:00,Annual,From 12 to 23 months,Males,From 20 to 64 years,Percentage,Austria,2024,9.6,,
ESTAT:LFSA_EGAD(1.0),17/04/26 11:00:00,Annual,From 12 to 23 months,Males,From 20 to 64 years,Percentage,Austria,2025,8.9,,
ESTAT:LFSA_EGAD(1.0),17/04/26 11:00:00,Annual,From 12 to 23 months,Males,From 20 to 64 years,Percentage,Bosnia and Herzegovina,2021,6.9,b,
ESTAT:LFSA_EGAD(1.0),17/04/26 11:00:00,Annual,From 12 to 23 months,Males,From 20 to 64 years,Percentage,Bosnia and Herzegovina,2022,6.1,,
ESTAT:LFSA_EGAD(1.0),17/04/26 11:00:00,Annual,From 12 to 23 months,Males,From 20 to 64 years,Percentage,Bosnia and Herzegovina,2023,6.8,,
ESTAT:LFSA_EGAD(1.0),17/04/26 11:00:00,Annual,From 12 to 23 months,Males,From 20 to 64 years,Percentage,Bosnia and Herzegovina,2024,5.8,,
ESTAT:LFSA_EGAD(1.0),17/04/26 11:00:00,Annual,From 12 to 23 months,Males,From 20 to 64 years,Percentage,Bosnia and Herzegovina,2025,6.5,,
ESTAT:LFSA_EGAD(1.0),17/04/26 11:00:00,Annual,From 12 to 23 months,Males,From 20 to 64 years,Percentage,Belgium,2016,8.1,,
ESTAT:LFSA_EGAD(1.0),17/04/26 11:00:00,Annual,From 12 to 23 months,Males,From 20 to 64 years,Percentage,Belgium,2017,8.5,b,
ESTAT:LFSA_EGAD(1.0),17/04/26 11:00:00,Annual,From 12 to 23 months,Males,From 20 to 64 years,Percentage,Belgium,2018,8.9,,
ESTAT:LFSA_EGAD(1.0),17/04/26 11:00:00,Annual,From 12 to 23 months,Males,From 20 to 64 years,Percentage,Belgium,2019,9.6,,
ESTAT:LFSA_EGAD(1.0),17/04/26 11:00:00,Annual,From 12 to 23 months,Males,From 20 to 64 years,Percentage,Belgium,2020,9.3,,
ESTAT:LFSA_EGAD(1.0),17/04/26 11:00:00,Annual,From 12 to 23 months,Males,From 20 to 64 years,Percentage,Belgium,2021,8.3,b,
ESTAT:LFSA_EGAD(1.0),17/04/26 11:00:00,Annual,From 12 to 23 months,Males,From 20 to 64 years,Percentage,Belgium,2022,8.1,,
ESTAT:LFSA_EGAD(1.0),17/04/26 11:00:00,Annual,From 12 to 23 months,Males,From 20 to 64 years,Percentage,Belgium,2023,9.0,,
ESTAT:LFSA_EGAD(1.0),17/04/26 11:00:00,Annual,From 12 to 23 months,Males,From 20 to 64 years,Percentage,Belgium,2024,8.7,,
ESTAT:LFSA_EGAD(1.0),17/04/26 11:00:00,Annual,From 12 to 23 months,Males,From 20 to 64 years,Percentage,Belgium,2025,8.2,,
ESTAT:LFSA_EGAD(1.0),17/04/26 11:00:00,Annual,From 12 to 23 months,Males,From 20 to 64 years,Percentage,Bulgaria,2016,7.2,,
ESTAT:LFSA_EGAD(1.0),17/04/26 11:00:00,Annual,From 12 to 23 months,Males,From 20 to 64 years,Percentage,Bulgaria,2017,7.3,,
ESTAT:LFSA_EGAD(1.0),17/04/26 11:00:00,Annual,From 12 to 23 months,Males,From 20 to 64 years,Percentage,Bulgaria,2018,6.8,,
ESTAT:LFSA_EGAD(1.0),17/04/26 11:00:00,Annual,From 12 to 23 months,Males,From 20 to 64 years,Percentage,Bulgaria,2019,6.0,b,
ESTAT:LFSA_EGAD(1.0),17/04/26 11:00:00,Annual,From 12 to 23 months,Males,From 20 to 64 years,Percentage,Bulgaria,2020,5.9,,
ESTAT:LFSA_EGAD(1.0),17/04/26 11:00:00,Annual,From 12 to 23 months,Males,From 20 to 64 years,Percentage,Bulgaria,2021,4.8,b,
ESTAT:LFSA_EGAD(1.0),17/04/26 11:00:00,Annual,From 12 to 23 months,Males,From 20 to 64 years,Percentage,Bulgaria,2022,5.0,,
ESTAT:LFSA_EGAD(1.0),17/04/26 11:00:00,Annual,From 12 to 23 months,Males,From 20 to 64 years,Percentage,Bulgaria,2023,5.3,,
ESTAT:LFSA_EGAD(1.0),17/04/26 11:00:00,Annual,From 12 to 23 months,Males,From 20 to 64 years,Percentage,Bulgaria,2024,5.6,b,
ESTAT:LFSA_EGAD(1.0),17/04/26 11:00:00,Annual,From 12 to 23 months,Males,From 20 to 64 years,Percentage,Bulgaria,2025,5.5,,
ESTAT:LFSA_EGAD(1.0),17/04/26 11:00:00,Annual,From 12 to 23 months,Males,From 20 to 64 years,Percentage,Switzerland,2016,10.8,,
ESTAT:LFSA_EGAD(1.0),17/04/26 11:00:00,Annual,From 12 to 23 months,Males,From 20 to 64 years,Percentage,Switzerland,2017,10.8,,
ESTAT:LFSA_EGAD(1.0),17/04/26 11:00:00,Annual,From 12 to 23 months,Males,From 20 to 64 years,Percentage,Switzerland,2018,10.8,,
ESTAT:LFSA_EGAD(1.0),17/04/26 11:00:00,Annual,From 12 to 23 months,Males,From 20 to 64 years,Percentage,Switzerland,2019,11.4,,
ESTAT:LFSA_EGAD(1.0),17/04/26 11:00:00,Annual,From 12 to 23 months,Males,From 20 to 64 years,Percentage,Switzerland,2020,11.2,,
ESTAT:LFSA_EGAD(1.0),17/04/26 11:00:00,Annual,From 12 to 23 months,Males,From 20 to 64 years,Percentage,Switzerland,2021,11.4,b,
ESTAT:LFSA_EGAD(1.0),17/04/26 11:00:00,Annual,From 12 to 23 months,Males,From 20 to 64 years,Percentage,Switzerland,2022,10.6,,
ESTAT:LFSA_EGAD(1.0),17/04/26 11:00:00,Annual,From 12 to 23 months,Males,From 20 to 64 years,Percentage,Switzerland,2023,11.7,,
ESTAT:LFSA_EGAD(1.0),17/04/26 11:00:00,Annual,From 12 to 23 months,Males,From 20 to 64 years,Percentage,Switzerland,2024,12.1,,
ESTAT:LFSA_EGAD(1.0),17/04/26 11:00:00,Annual,From 12 to 23 months,Males,From 20 to 64 years,Percentage,Switzerland,2025,11.5,,
ESTAT:LFSA_EGAD(1.0),17/04/26 11:00:00,Annual,From 12 to 23 months,Males,From 20 to 64 years,Percentage,Cyprus,2016,9.4,,
ESTAT:LFSA_EGAD(1.0),17/04/26 11:00:00,Annual,From 12 to 23 months,Males,From 20 to 64 years,Percentage,Cyprus,2017,9.7,,
ESTAT:LFSA_EGAD(1.0),17/04/26 11:00:00,Annual,From 12 to 23 months,Males,From 20 to 64 years,Percentage,Cyprus,2018,11.0,,
ESTAT:LFSA_EGAD(1.0),17/04/26 11:00:00,Annual,From 12 to 23 months,Males,From 20 to 64 years,Percentage,Cyprus,2019,11.8,,
ESTAT:LFSA_EGAD(1.0),17/04/26 11:00:00,Annual,From 12 to 23 months,Males,From 20 to 64 years,Percentage,Cyprus,2020,12.5,,
ESTAT:LFSA_EGAD(1.0),17/04/26 11:00:00,Annual,From 12 to 23 months,Males,From 20 to 64 years,Percentage,Cyprus,2021,10.5,b,
ESTAT:LFSA_EGAD(1.0),17/04/26 11:00:00,Annual,From 12 to 23 months,Males,From 20 to 64 years,Percentage,Cyprus,2022,10.0,,
ESTAT:LFSA_EGAD(1.0),17/04/26 11:00:00,Annual,From 12 to 23 months,Males,From 20 to 64 years,Percentage,Cyprus,2023,11.0,,
ESTAT:LFSA_EGAD(1.0),17/04/26 11:00:00,Annual,From 12 to 23 months,Males,From 20 to 64 years,Percentage,Cyprus,2024,11.3,,
ESTAT:LFSA_EGAD(1.0),17/04/26 11:00:00,Annual,From 12 to 23 months,Males,From 20 to 64 years,Percentage,Cyprus,2025,10.9,,
ESTAT:LFSA_EGAD(1.0),17/04/26 11:00:00,Annual,From 12 to 23 months,Males,From 20 to 64 years,Percentage,Czechia,2016,7.6,,
ESTAT:LFSA_EGAD(1.0),17/04/26 11:00:00,Annual,From 12 to 23 months,Males,From 20 to 64 years,Percentage,Czechia,2017,7.3,,
ESTAT:LFSA_EGAD(1.0),17/04/26 11:00:00,Annual,From 12 to 23 months,Males,From 20 to 64 years,Percentage,Czechia,2018,7.5,,
ESTAT:LFSA_EGAD(1.0),17/04/26 11:00:00,Annual,From 12 to 23 months,Males,From 20 to 64 years,Percentage,Czechia,2019,7.2,,
ESTAT:LFSA_EGAD(1.0),17/04/26 11:00:00,Annual,From 12 to 23 months,Males,From 20 to 64 years,Percentage,Czechia,2020,6.8,,
ESTAT:LFSA_EGAD(1.0),17/04/26 11:00:00,Annual,From 12 to 23 months,Males,From 20 to 64 years,Percentage,Czechia,2021,6.4,b,
ESTAT:LFSA_EGAD(1.0),17/04/26 11:00:00,Annual,From 12 to 23 months,Males,From 20 to 64 years,Percentage,Czechia,2022,5.7,,
ESTAT:LFSA_EGAD(1.0),17/04/26 11:00:00,Annual,From 12 to 23 months,Males,From 20 to 64 years,Percentage,Czechia,2023,6.6,,
ESTAT:LFSA_EGAD(1.0),17/04/26 11:00:00,Annual,From 12 to 23 months,Males,From 20 to 64 years,Percentage,Czechia,2024,6.5,,
ESTAT:LFSA_EGAD(1.0),17/04/26 11:00:00,Annual,From 12 to 23 months,Males,From 20 to 64 years,Percentage,Czechia,2025,6.2,,
ESTAT:LFSA_EGAD(1.0),17/04/26 11:00:00,Annual,From 12 to 23 months,Males,From 20 to 64 years,Percentage,Germany,2016,8.7,,
ESTAT:LFSA_EGAD(1.0),17/04/26 11:00:00,Annual,From 12 to 23 months,Males,From 20 to 64 years,Percentage,Germany,2017,9.1,,
ESTAT:LFSA_EGAD(1.0),17/04/26 11:00:00,Annual,From 12 to 23 months,Males,From 20 to 64 years,Percentage,Germany,2018,9.2,,
ESTAT:LFSA_EGAD(1.0),17/04/26 11:00:00,Annual,From 12 to 23 months,Males,From 20 to 64 years,Percentage,Germany,2019,9.6,,
ESTAT:LFSA_EGAD(1.0),17/04/26 11:00:00,Annual,From 12 to 23 months,Males,From 20 to 64 years,Percentage,Germany,2020,9.2,b,
ESTAT:LFSA_EGAD(1.0),17/04/26 11:00:00,Annual,From 12 to 23 months,Males,From 20 to 64 years,Percentage,Germany,2021,8.8,b,
ESTAT:LFSA_EGAD(1.0),17/04/26 11:00:00,Annual,From 12 to 23 months,Males,From 20 to 64 years,Percentage,Germany,2022,8.4,,
ESTAT:LFSA_EGAD(1.0),17/04/26 11:00:00,Annual,From 12 to 23 months,Males,From 20 to 64 years,Percentage,Germany,2023,10.0,,
ESTAT:LFSA_EGAD(1.0),17/04/26 11:00:00,Annual,From 12 to 23 months,Males,From 20 to 64 years,Percentage,Germany,2024,10.1,,
ESTAT:LFSA_EGAD(1.0),17/04/26 11:00:00,Annual,From 12 to 23 months,Males,From 20 to 64 years,Percentage,Germany,2025,10.0,,
ESTAT:LFSA_EGAD(1.0),17/04/26 11:00:00,Annual,From 12 to 23 months,Males,From 20 to 64 years,Percentage,Denmark,2016,12.5,b,
ESTAT:LFSA_EGAD(1.0),17/04/26 11:00:00,Annual,From 12 to 23 months,Males,From 20 to 64 years,Percentage,Denmark,2017,12.9,b,
ESTAT:LFSA_EGAD(1.0),17/04/26 11:00:00,Annual,From 12 to 23 months,Males,From 20 to 64 years,Percentage,Denmark,2018,13.9,,
ESTAT:LFSA_EGAD(1.0),17/04/26 11:00:00,Annual,From 12 to 23 months,Males,From 20 to 64 years,Percentage,Denmark,2019,13.4,,
ESTAT:LFSA_EGAD(1.0),17/04/26 11:00:00,Annual,From 12 to 23 months,Males,From 20 to 64 years,Percentage,Denmark,2020,13.3,,
ESTAT:LFSA_EGAD(1.0),17/04/26 11:00:00,Annual,From 12 to 23 months,Males,From 20 to 64 years,Percentage,Denmark,2021,12.7,b,
ESTAT:LFSA_EGAD(1.0),17/04/26 11:00:00,Annual,From 12 to 23 months,Males,From 20 to 64 years,Percentage,Denmark,2022,13.1,,
ESTAT:LFSA_EGAD(1.0),17/04/26 11:00:00,Annual,From 12 to 23 months,Males,From 20 to 64 years,Percentage,Denmark,2023,13.5,b,
ESTAT:LFSA_EGAD(1.0),17/04/26 11:00:00,Annual,From 12 to 23 months,Males,From 20 to 64 years,Percentage,Denmark,2024,12.8,,
ESTAT:LFSA_EGAD(1.0),17/04/26 11:00:00,Annual,From 12 to 23 months,Males,From 20 to 64 years,Percentage,Denmark,2025,13.4,,
ESTAT:LFSA_EGAD(1.0),17/04/26 11:00:00,Annual,From 12 to 23 months,Males,From 20 to 64 years,Percentage,Euro area – 21 countries (from 2026),2016,8.1,,
ESTAT:LFSA_EGAD(1.0),17/04/26 11:00:00,Annual,From 12 to 23 months,Males,From 20 to 64 years,Percentage,Euro area – 21 countries (from 2026),2017,8.4,,
ESTAT:LFSA_EGAD(1.0),17/04/26 11:00:00,Annual,From 12 to 23 months,Males,From 20 to 64 years,Percentage,Euro area – 21 countries (from 2026),2018,8.6,,
ESTAT:LFSA_EGAD(1.0),17/04/26 11:00:00,Annual,From 12 to 23 months,Males,From 20 to 64 years,Percentage,Euro area – 21 countries (from 2026),2019,9.0,,
ESTAT:LFSA_EGAD(1.0),17/04/26 11:00:00,Annual,From 12 to 23 months,Males,From 20 to 64 years,Percentage,Euro area – 21 countries (from 2026),2020,8.9,,
ESTAT:LFSA_EGAD(1.0),17/04/26 11:00:00,Annual,From 12 to 23 months,Males,From 20 to 64 years,Percentage,Euro area – 21 countries (from 2026),2021,8.1,b,
ESTAT:LFSA_EGAD(1.0),17/04/26 11:00:00,Annual,From 12 to 23 months,Males,From 20 to 64 years,Percentage,Euro area – 21 countries (from 2026),2022,8.1,,
ESTAT:LFSA_EGAD(1.0),17/04/26 11:00:00,Annual,From 12 to 23 months,Males,From 20 to 64 years,Percentage,Euro area – 21 countries (from 2026),2023,9.3,,
ESTAT:LFSA_EGAD(1.0),17/04/26 11:00:00,Annual,From 12 to 23 months,Males,From 20 to 64 years,Percentage,Euro area – 21 countries (from 2026),2024,9.5,,
ESTAT:LFSA_EGAD(1.0),17/04/26 11:00:00,Annual,From 12 to 23 months,Males,From 20 to 64 years,Percentage,Euro area – 21 countries (from 2026),2025,9.1,,
ESTAT:LFSA_EGAD(1.0),17/04/26 11:00:00,Annual,From 12 to 23 months,Males,From 20 to 64 years,Percentage,Estonia,2016,11.6,,
ESTAT:LFSA_EGAD(1.0),17/04/26 11:00:00,Annual,From 12 to 23 months,Males,From 20 to 64 years,Percentage,Estonia,2017,11.6,,
ESTAT:LFSA_EGAD(1.0),17/04/26 11:00:00,Annual,From 12 to 23 months,Males,From 20 to 64 years,Percentage,Estonia,2018,12.6,,
ESTAT:LFSA_EGAD(1.0),17/04/26 11:00:00,Annual,From 12 to 23 months,Males,From 20 to 64 years,Percentage,Estonia,2019,12.6,,
ESTAT:LFSA_EGAD(1.0),17/04/26 11:00:00,Annual,From 12 to 23 months,Males,From 20 to 64 years,Percentage,Estonia,2020,11.3,,
ESTAT:LFSA_EGAD(1.0),17/04/26 11:00:00,Annual,From 12 to 23 months,Males,From 20 to 64 years,Percentage,Estonia,2021,10.5,b,
ESTAT:LFSA_EGAD(1.0),17/04/26 11:00:00,Annual,From 12 to 23 months,Males,From 20 to 64 years,Percentage,Estonia,2022,9.7,,
ESTAT:LFSA_EGAD(1.0),17/04/26 11:00:00,Annual,From 12 to 23 months,Males,From 20 to 64 years,Percentage,Estonia,2023,11.3,,
ESTAT:LFSA_EGAD(1.0),17/04/26 11:00:00,Annual,From 12 to 23 months,Males,From 20 to 64 years,Percentage,Estonia,2024,11.9,,
ESTAT:LFSA_EGAD(1.0),17/04/26 11:00:00,Annual,From 12 to 23 months,Males,From 20 to 64 years,Percentage,Estonia,2025,9.5,,
ESTAT:LFSA_EGAD(1.0),17/04/26 11:00:00,Annual,From 12 to 23 months,Males,From 20 to 64 years,Percentage,Greece,2016,7.0,,
ESTAT:LFSA_EGAD(1.0),17/04/26 11:00:00,Annual,From 12 to 23 months,Males,From 20 to 64 years,Percentage,Greece,2017,7.0,,
ESTAT:LFSA_EGAD(1.0),17/04/26 11:00:00,Annual,From 12 to 23 months,Males,From 20 to 64 years,Percentage,Greece,2018,6.6,,
ESTAT:LFSA_EGAD(1.0),17/04/26 11:00:00,Annual,From 12 to 23 months,Males,From 20 to 64 years,Percentage,Greece,2019,6.8,,
ESTAT:LFSA_EGAD(1.0),17/04/26 11:00:00,Annual,From 12 to 23 months,Males,From 20 to 64 years,Percentage,Greece,2020,6.7,,
ESTAT:LFSA_EGAD(1.0),17/04/26 11:00:00,Annual,From 12 to 23 months,Males,From 20 to 64 years,Percentage,Greece,2021,6.5,b,
ESTAT:LFSA_EGAD(1.0),17/04/26 11:00:00,Annual,From 12 to 23 months,Males,From 20 to 64 years,Percentage,Greece,2022,5.8,,
ESTAT:LFSA_EGAD(1.0),17/04/26 11:00:00,Annual,From 12 to 23 months,Males,From 20 to 64 years,Percentage,Greece,2023,6.9,,
ESTAT:LFSA_EGAD(1.0),17/04/26 11:00:00,Annual,From 12 to 23 months,Males,From 20 to 64 years,Percentage,Greece,2024,6.4,,
ESTAT:LFSA_EGAD(1.0),17/04/26 11:00:00,Annual,From 12 to 23 months,Males,From 20 to 64 years,Percentage,Greece,2025,6.2,,
ESTAT:LFSA_EGAD(1.0),17/04/26 11:00:00,Annual,From 12 to 23 months,Males,From 20 to 64 years,Percentage,Spain,2016,8.3,,
ESTAT:LFSA_EGAD(1.0),17/04/26 11:00:00,Annual,From 12 to 23 months,Males,From 20 to 64 years,Percentage,Spain,2017,8.7,,
ESTAT:LFSA_EGAD(1.0),17/04/26 11:00:00,Annual,From 12 to 23 months,Males,From 20 to 64 years,Percentage,Spain,2018,8.7,,
ESTAT:LFSA_EGAD(1.0),17/04/26 11:00:00,Annual,From 12 to 23 months,Males,From 20 to 64 years,Percentage,Spain,2019,9.0,,
ESTAT:LFSA_EGAD(1.0),17/04/26 11:00:00,Annual,From 12 to 23 months,Males,From 20 to 64 years,Percentage,Spain,2020,9.1,,
ESTAT:LFSA_EGAD(1.0),17/04/26 11:00:00,Annual,From 12 to 23 months,Males,From 20 to 64 years,Percentage,Spain,2021,7.8,bd,
ESTAT:LFSA_EGAD(1.0),17/04/26 11:00:00,Annual,From 12 to 23 months,Males,From 20 to 64 years,Percentage,Spain,2022,7.9,d,
ESTAT:LFSA_EGAD(1.0),17/04/26 11:00:00,Annual,From 12 to 23 months,Males,From 20 to 64 years,Percentage,Spain,2023,9.3,d,
ESTAT:LFSA_EGAD(1.0),17/04/26 11:00:00,Annual,From 12 to 23 months,Males,From 20 to 64 years,Percentage,Spain,2024,9.8,d,
ESTAT:LFSA_EGAD(1.0),17/04/26 11:00:00,Annual,From 12 to 23 months,Males,From 20 to 64 years,Percentage,Spain,2025,9.6,d,
ESTAT:LFSA_EGAD(1.0),17/04/26 11:00:00,Annual,From 12 to 23 months,Males,From 20 to 64 years,Percentage,European Union - 27 countries (from 2020),2016,8.3,,
ESTAT:LFSA_EGAD(1.0),17/04/26 11:00:00,Annual,From 12 to 23 months,Males,From 20 to 64 years,Percentage,European Union - 27 countries (from 2020),2017,8.6,,
ESTAT:LFSA_EGAD(1.0),17/04/26 11:00:00,Annual,From 12 to 23 months,Males,From 20 to 64 years,Percentage,European Union - 27 countries (from 2020),2018,8.8,,
ESTAT:LFSA_EGAD(1.0),17/04/26 11:00:00,Annual,From 12 to 23 months,Males,From 20 to 64 years,Percentage,European Union - 27 countries (from 2020),2019,9.1,,
ESTAT:LFSA_EGAD(1.0),17/04/26 11:00:00,Annual,From 12 to 23 months,Males,From 20 to 64 years,Percentage,European Union - 27 countries (from 2020),2020,8.9,,
ESTAT:LFSA_EGAD(1.0),17/04/26 11:00:00,Annual,From 12 to 23 months,Males,From 20 to 64 years,Percentage,European Union - 27 countries (from 2020),2021,8.0,b,
ESTAT:LFSA_EGAD(1.0),17/04/26 11:00:00,Annual,From 12 to 23 months,Males,From 20 to 64 years,Percentage,European Union - 27 countries (from 2020),2022,8.0,,
ESTAT:LFSA_EGAD(1.0),17/04/26 11:00:00,Annual,From 12 to 23 months,Males,From 20 to 64 years,Percentage,European Union - 27 countries (from 2020),2023,9.1,,
ESTAT:LFSA_EGAD(1.0),17/04/26 11:00:00,Annual,From 12 to 23 months,Males,From 20 to 64 years,Percentage,European Union - 27 countries (from 2020),2024,9.2,,
ESTAT:LFSA_EGAD(1.0),17/04/26 11:00:00,Annual,From 12 to 23 months,Males,From 20 to 64 years,Percentage,European Union - 27 countries (from 2020),2025,8.8,,
ESTAT:LFSA_EGAD(1.0),17/04/26 11:00:00,Annual,From 12 to 23 months,Males,From 20 to 64 years,Percentage,Finland,2016,8.4,,
ESTAT:LFSA_EGAD(1.0),17/04/26 11:00:00,Annual,From 12 to 23 months,Males,From 20 to 64 years,Percentage,Finland,2017,9.4,,
ESTAT:LFSA_EGAD(1.0),17/04/26 11:00:00,Annual,From 12 to 23 months,Males,From 20 to 64 years,Percentage,Finland,2018,10.2,,
ESTAT:LFSA_EGAD(1.0),17/04/26 11:00:00,Annual,From 12 to 23 months,Males,From 20 to 64 years,Percentage,Finland,2019,11.1,,
ESTAT:LFSA_EGAD(1.0),17/04/26 11:00:00,Annual,From 12 to 23 months,Males,From 20 to 64 years,Percentage,Finland,2020,10.9,,
ESTAT:LFSA_EGAD(1.0),17/04/26 11:00:00,Annual,From 12 to 23 months,Males,From 20 to 64 years,Percentage,Finland,2021,9.3,b,
ESTAT:LFSA_EGAD(1.0),17/04/26 11:00:00,Annual,From 12 to 23 months,Males,From 20 to 64 years,Percentage,Finland,2022,8.9,,
ESTAT:LFSA_EGAD(1.0),17/04/26 11:00:00,Annual,From 12 to 23 months,Males,From 20 to 64 years,Percentage,Finland,2023,11.0,,
ESTAT:LFSA_EGAD(1.0),17/04/26 11:00:00,Annual,From 12 to 23 months,Males,From 20 to 64 years,Percentage,Finland,2024,10.2,,
ESTAT:LFSA_EGAD(1.0),17/04/26 11:00:00,Annual,From 12 to 23 months,Males,From 20 to 64 years,Percentage,Finland,2025,9.8,,
ESTAT:LFSA_EGAD(1.0),17/04/26 11:00:00,Annual,From 12 to 23 months,Males,From 20 to 64 years,Percentage,France,2016,7.5,,
ESTAT:LFSA_EGAD(1.0),17/04/26 11:00:00,Annual,From 12 to 23 months,Males,From 20 to 64 years,Percentage,France,2017,8.2,,
ESTAT:LFSA_EGAD(1.0),17/04/26 11:00:00,Annual,From 12 to 23 months,Males,From 20 to 64 years,Percentage,France,2018,8.7,,
ESTAT:LFSA_EGAD(1.0),17/04/26 11:00:00,Annual,From 12 to 23 months,Males,From 20 to 64 years,Percentage,France,2019,9.3,,
ESTAT:LFSA_EGAD(1.0),17/04/26 11:00:00,Annual,From 12 to 23 months,Males,From 20 to 64 years,Percentage,France,2020,9.7,,
ESTAT:LFSA_EGAD(1.0),17/04/26 11:00:00,Annual,From 12 to 23 months,Males,From 20 to 64 years,Percentage,France,2021,8.7,bd,
ESTAT:LFSA_EGAD(1.0),17/04/26 11:00:00,Annual,From 12 to 23 months,Males,From 20 to 64 years,Percentage,France,2022,9.1,d,
ESTAT:LFSA_EGAD(1.0),17/04/26 11:00:00,Annual,From 12 to 23 months,Males,From 20 to 64 years,Percentage,France,2023,9.9,d,
ESTAT:LFSA_EGAD(1.0),17/04/26 11:00:00,Annual,From 12 to 23 months,Males,From 20 to 64 years,Percentage,France,2024,10.4,d,
ESTAT:LFSA_EGAD(1.0),17/04/26 11:00:00,Annual,From 12 to 23 months,Males,From 20 to 64 years,Percentage,France,2025,9.9,d,
ESTAT:LFSA_EGAD(1.0),17/04/26 11:00:00,Annual,From 12 to 23 months,Males,From 20 to 64 years,Percentage,Croatia,2016,8.8,,
ESTAT:LFSA_EGAD(1.0),17/04/26 11:00:00,Annual,From 12 to 23 months,Males,From 20 to 64 years,Percentage,Croatia,2017,9.6,,
ESTAT:LFSA_EGAD(1.0),17/04/26 11:00:00,Annual,From 12 to 23 months,Males,From 20 to 64 years,Percentage,Croatia,2018,9.0,,
ESTAT:LFSA_EGAD(1.0),17/04/26 11:00:00,Annual,From 12 to 23 months,Males,From 20 to 64 years,Percentage,Croatia,2019,9.9,,
ESTAT:LFSA_EGAD(1.0),17/04/26 11:00:00,Annual,From 12 to 23 months,Males,From 20 to 64 years,Percentage,Croatia,2020,10.4,,
ESTAT:LFSA_EGAD(1.0),17/04/26 11:00:00,Annual,From 12 to 23 months,Males,From 20 to 64 years,Percentage,Croatia,2021,6.4,b,
ESTAT:LFSA_EGAD(1.0),17/04/26 11:00:00,Annual,From 12 to 23 months,Males,From 20 to 64 years,Percentage,Croatia,2022,7.5,,
ESTAT:LFSA_EGAD(1.0),17/04/26 11:00:00,Annual,From 12 to 23 months,Males,From 20 to 64 years,Percentage,Croatia,2023,8.6,,
ESTAT:LFSA_EGAD(1.0),17/04/26 11:00:00,Annual,From 12 to 23 months,Males,From 20 to 64 years,Percentage,Croatia,2024,7.9,,
ESTAT:LFSA_EGAD(1.0),17/04/26 11:00:00,Annual,From 12 to 23 months,Males,From 20 to 64 years,Percentage,Croatia,2025,8.3,,
ESTAT:LFSA_EGAD(1.0),17/04/26 11:00:00,Annual,From 12 to 23 months,Males,From 20 to 64 years,Percentage,Hungary,2016,9.2,,
ESTAT:LFSA_EGAD(1.0),17/04/26 11:00:00,Annual,From 12 to 23 months,Males,From 20 to 64 years,Percentage,Hungary,2017,10.1,,
ESTAT:LFSA_EGAD(1.0),17/04/26 11:00:00,Annual,From 12 to 23 months,Males,From 20 to 64 years,Percentage,Hungary,2018,10.4,b,
ESTAT:LFSA_EGAD(1.0),17/04/26 11:00:00,Annual,From 12 to 23 months,Males,From 20 to 64 years,Percentage,Hungary,2019,9.9,,
ESTAT:LFSA_EGAD(1.0),17/04/26 11:00:00,Annual,From 12 to 23 months,Males,From 20 to 64 years,Percentage,Hungary,2020,10.4,,
ESTAT:LFSA_EGAD(1.0),17/04/26 11:00:00,Annual,From 12 to 23 months,Males,From 20 to 64 years,Percentage,Hungary,2021,9.4,b,
ESTAT:LFSA_EGAD(1.0),17/04/26 11:00:00,Annual,From 12 to 23 months,Males,From 20 to 64 years,Percentage,Hungary,2022,10.1,,
ESTAT:LFSA_EGAD(1.0),17/04/26 11:00:00,Annual,From 12 to 23 months,Males,From 20 to 64 years,Percentage,Hungary,2023,10.4,,
ESTAT:LFSA_EGAD(1.0),17/04/26 11:00:00,Annual,From 12 to 23 months,Males,From 20 to 64 years,Percentage,Hungary,2024,10.2,,
ESTAT:LFSA_EGAD(1.0),17/04/26 11:00:00,Annual,From 12 to 23 months,Males,From 20 to 64 years,Percentage,Hungary,2025,9.3,,
ESTAT:LFSA_EGAD(1.0),17/04/26 11:00:00,Annual,From 12 to 23 months,Males,From 20 to 64 years,Percentage,Ireland,2016,9.9,,
ESTAT:LFSA_EGAD(1.0),17/04/26 11:00:00,Annual,From 12 to 23 months,Males,From 20 to 64 years,Percentage,Ireland,2017,10.0,b,
ESTAT:LFSA_EGAD(1.0),17/04/26 11:00:00,Annual,From 12 to 23 months,Males,From 20 to 64 years,Percentage,Ireland,2018,9.6,,
ESTAT:LFSA_EGAD(1.0),17/04/26 11:00:00,Annual,From 12 to 23 months,Males,From 20 to 64 years,Percentage,Ireland,2019,10.5,,
ESTAT:LFSA_EGAD(1.0),17/04/26 11:00:00,Annual,From 12 to 23 months,Males,From 20 to 64 years,Percentage,Ireland,2020,9.9,,
ESTAT:LFSA_EGAD(1.0),17/04/26 11:00:00,Annual,From 12 to 23 months,Males,From 20 to 64 years,Percentage,Ireland,2021,8.7,b,
ESTAT:LFSA_EGAD(1.0),17/04/26 11:00:00,Annual,From 12 to 23 months,Males,From 20 to 64 years,Percentage,Ireland,2022,8.3,,
ESTAT:LFSA_EGAD(1.0),17/04/26 11:00:00,Annual,From 12 to 23 months,Males,From 20 to 64 years,Percentage,Ireland,2023,10.4,,
ESTAT:LFSA_EGAD(1.0),17/04/26 11:00:00,Annual,From 12 to 23 months,Males,From 20 to 64 years,Percentage,Ireland,2024,9.8,,
ESTAT:LFSA_EGAD(1.0),17/04/26 11:00:00,Annual,From 12 to 23 months,Males,From 20 to 64 years,Percentage,Ireland,2025,9.4,,
ESTAT:LFSA_EGAD(1.0),17/04/26 11:00:00,Annual,From 12 to 23 months,Males,From 20 to 64 years,Percentage,Iceland,2016,10.6,,
ESTAT:LFSA_EGAD(1.0),17/04/26 11:00:00,Annual,From 12 to 23 months,Males,From 20 to 64 years,Percentage,Iceland,2017,11.9,,
ESTAT:LFSA_EGAD(1.0),17/04/26 11:00:00,Annual,From 12 to 23 months,Males,From 20 to 64 years,Percentage,Iceland,2018,12.8,,
ESTAT:LFSA_EGAD(1.0),17/04/26 11:00:00,Annual,From 12 to 23 months,Males,From 20 to 64 years,Percentage,Iceland,2019,12.7,,
ESTAT:LFSA_EGAD(1.0),17/04/26 11:00:00,Annual,From 12 to 23 months,Males,From 20 to 64 years,Percentage,Iceland,2020,11.2,b,
ESTAT:LFSA_EGAD(1.0),17/04/26 11:00:00,Annual,From 12 to 23 months,Males,From 20 to 64 years,Percentage,Iceland,2021,9.7,b,
ESTAT:LFSA_EGAD(1.0),17/04/26 11:00:00,Annual,From 12 to 23 months,Males,From 20 to 64 years,Percentage,Iceland,2022,9.4,,
ESTAT:LFSA_EGAD(1.0),17/04/26 11:00:00,Annual,From 12 to 23 months,Males,From 20 to 64 years,Percentage,Iceland,2023,12.2,,
ESTAT:LFSA_EGAD(1.0),17/04/26 11:00:00,Annual,From 12 to 23 months,Males,From 20 to 64 years,Percentage,Iceland,2024,11.4,,
ESTAT:LFSA_EGAD(1.0),17/04/26 11:00:00,Annual,From 12 to 23 months,Males,From 20 to 64 years,Percentage,Italy,2016,6.8,,
ESTAT:LFSA_EGAD(1.0),17/04/26 11:00:00,Annual,From 12 to 23 months,Males,From 20 to 64 years,Percentage,Italy,2017,6.6,,
ESTAT:LFSA_EGAD(1.0),17/04/26 11:00:00,Annual,From 12 to 23 months,Males,From 20 to 64 years,Percentage,Italy,2018,6.8,b,
ESTAT:LFSA_EGAD(1.0),17/04/26 11:00:00,Annual,From 12 to 23 months,Males,From 20 to 64 years,Percentage,Italy,2019,7.1,,
ESTAT:LFSA_EGAD(1.0),17/04/26 11:00:00,Annual,From 12 to 23 months,Males,From 20 to 64 years,Percentage,Italy,2020,7.2,,
ESTAT:LFSA_EGAD(1.0),17/04/26 11:00:00,Annual,From 12 to 23 months,Males,From 20 to 64 years,Percentage,Italy,2021,6.2,b,
ESTAT:LFSA_EGAD(1.0),17/04/26 11:00:00,Annual,From 12 to 23 months,Males,From 20 to 64 years,Percentage,Italy,2022,6.9,,
ESTAT:LFSA_EGAD(1.0),17/04/26 11:00:00,Annual,From 12 to 23 months,Males,From 20 to 64 years,Percentage,Italy,2023,8.0,,
ESTAT:LFSA_EGAD(1.0),17/04/26 11:00:00,Annual,From 12 to 23 months,Males,From 20 to 64 years,Percentage,Italy,2024,8.0,,
ESTAT:LFSA_EGAD(1.0),17/04/26 11:00:00,Annual,From 12 to 23 months,Males,From 20 to 64 years,Percentage,Italy,2025,7.1,,
ESTAT:LFSA_EGAD(1.0),17/04/26 11:00:00,Annual,From 12 to 23 months,Males,From 20 to 64 years,Percentage,Lithuania,2016,11.8,,
ESTAT:LFSA_EGAD(1.0),17/04/26 11:00:00,Annual,From 12 to 23 months,Males,From 20 to 64 years,Percentage,Lithuania,2017,12.5,,
ESTAT:LFSA_EGAD(1.0),17/04/26 11:00:00,Annual,From 12 to 23 months,Males,From 20 to 64 years,Percentage,Lithuania,2018,11.9,,
ESTAT:LFSA_EGAD(1.0),17/04/26 11:00:00,Annual,From 12 to 23 months,Males,From 20 to 64 years,Percentage,Lithuania,2019,13.1,,
ESTAT:LFSA_EGAD(1.0),17/04/26 11:00:00,Annual,From 12 to 23 months,Males,From 20 to 64 years,Percentage,Lithuania,2020,13.4,,
ESTAT:LFSA_EGAD(1.0),17/04/26 11:00:00,Annual,From 12 to 23 months,Males,From 20 to 64 years,Percentage,Lithuania,2021,12.1,b,
ESTAT:LFSA_EGAD(1.0),17/04/26 11:00:00,Annual,From 12 to 23 months,Males,From 20 to 64 years,Percentage,Lithuania,2022,9.5,,
ESTAT:LFSA_EGAD(1.0),17/04/26 11:00:00,Annual,From 12 to 23 months,Males,From 20 to 64 years,Percentage,Lithuania,2023,9.6,,
ESTAT:LFSA_EGAD(1.0),17/04/26 11:00:00,Annual,From 12 to 23 months,Males,From 20 to 64 years,Percentage,Lithuania,2024,11.2,,
ESTAT:LFSA_EGAD(1.0),17/04/26 11:00:00,Annual,From 12 to 23 months,Males,From 20 to 64 years,Percentage,Lithuania,2025,11.3,,
ESTAT:LFSA_EGAD(1.0),17/04/26 11:00:00,Annual,From 12 to 23 months,Males,From 20 to 64 years,Percentage,Luxembourg,2016,10.0,b,
ESTAT:LFSA_EGAD(1.0),17/04/26 11:00:00,Annual,From 12 to 23 months,Males,From 20 to 64 years,Percentage,Luxembourg,2017,10.3,,
ESTAT:LFSA_EGAD(1.0),17/04/26 11:00:00,Annual,From 12 to 23 months,Males,From 20 to 64 years,Percentage,Luxembourg,2018,10.4,,
ESTAT:LFSA_EGAD(1.0),17/04/26 11:00:00,Annual,From 12 to 23 months,Males,From 20 to 64 years,Percentage,Luxembourg,2019,12.4,,
ESTAT:LFSA_EGAD(1.0),17/04/26 11:00:00,Annual,From 12 to 23 months,Males,From 20 to 64 years,Percentage,Luxembourg,2020,10.8,,
ESTAT:LFSA_EGAD(1.0),17/04/26 11:00:00,Annual,From 12 to 23 months,Males,From 20 to 64 years,Percentage,Luxembourg,2021,8.2,b,
ESTAT:LFSA_EGAD(1.0),17/04/26 11:00:00,Annual,From 12 to 23 months,Males,From 20 to 64 years,Percentage,Luxembourg,2022,7.7,,
ESTAT:LFSA_EGAD(1.0),17/04/26 11:00:00,Annual,From 12 to 23 months,Males,From 20 to 64 years,Percentage,Luxembourg,2023,8.5,,
ESTAT:LFSA_EGAD(1.0),17/04/26 11:00:00,Annual,From 12 to 23 months,Males,From 20 to 64 years,Percentage,Luxembourg,2024,10.6,,
ESTAT:LFSA_EGAD(1.0),17/04/26 11:00:00,Annual,From 12 to 23 months,Males,From 20 to 64 years,Percentage,Luxembourg,2025,9.7,,
ESTAT:LFSA_EGAD(1.0),17/04/26 11:00:00,Annual,From 12 to 23 months,Males,From 20 to 64 years,Percentage,Latvia,2016,9.7,,
ESTAT:LFSA_EGAD(1.0),17/04/26 11:00:00,Annual,From 12 to 23 months,Males,From 20 to 64 years,Percentage,Latvia,2017,9.8,,
ESTAT:LFSA_EGAD(1.0),17/04/26 11:00:00,Annual,From 12 to 23 months,Males,From 20 to 64 years,Percentage,Latvia,2018,10.6,,
ESTAT:LFSA_EGAD(1.0),17/04/26 11:00:00,Annual,From 12 to 23 months,Males,From 20 to 64 years,Percentage,Latvia,2019,10.8,,
ESTAT:LFSA_EGAD(1.0),17/04/26 11:00:00,Annual,From 12 to 23 months,Males,From 20 to 64 years,Percentage,Latvia,2020,9.9,,
ESTAT:LFSA_EGAD(1.0),17/04/26 11:00:00,Annual,From 12 to 23 months,Males,From 20 to 64 years,Percentage,Latvia,2021,9.9,b,
ESTAT:LFSA_EGAD(1.0),17/04/26 11:00:00,Annual,From 12 to 23 months,Males,From 20 to 64 years,Percentage,Latvia,2022,10.8,,
ESTAT:LFSA_EGAD(1.0),17/04/26 11:00:00,Annual,From 12 to 23 months,Males,From 20 to 64 years,Percentage,Latvia,2023,10.4,,
ESTAT:LFSA_EGAD(1.0),17/04/26 11:00:00,Annual,From 12 to 23 months,Males,From 20 to 64 years,Percentage,Latvia,2024,10.1,,
ESTAT:LFSA_EGAD(1.0),17/04/26 11:00:00,Annual,From 12 to 23 months,Males,From 20 to 64 years,Percentage,Latvia,2025,9.3,,
ESTAT:LFSA_EGAD(1.0),17/04/26 11:00:00,Annual,From 12 to 23 months,Males,From 20 to 64 years,Percentage,Montenegro,2016,8.0,,
ESTAT:LFSA_EGAD(1.0),17/04/26 11:00:00,Annual,From 12 to 23 months,Males,From 20 to 64 years,Percentage,Montenegro,2017,8.3,,
ESTAT:LFSA_EGAD(1.0),17/04/26 11:00:00,Annual,From 12 to 23 months,Males,From 20 to 64 years,Percentage,Montenegro,2018,7.7,,
ESTAT:LFSA_EGAD(1.0),17/04/26 11:00:00,Annual,From 12 to 23 months,Males,From 20 to 64 years,Percentage,Montenegro,2019,7.8,,
ESTAT:LFSA_EGAD(1.0),17/04/26 11:00:00,Annual,From 12 to 23 months,Males,From 20 to 64 years,Percentage,Montenegro,2020,8.6,,
ESTAT:LFSA_EGAD(1.0),17/04/26 11:00:00,Annual,From 12 to 23 months,Males,From 20 to 64 years,Percentage,North Macedonia,2016,7.6,,
ESTAT:LFSA_EGAD(1.0),17/04/26 11:00:00,Annual,From 12 to 23 months,Males,From 20 to 64 years,Percentage,North Macedonia,2017,8.2,,
ESTAT:LFSA_EGAD(1.0),17/04/26 11:00:00,Annual,From 12 to 23 months,Males,From 20 to 64 years,Percentage,North Macedonia,2018,10.2,,
ESTAT:LFSA_EGAD(1.0),17/04/26 11:00:00,Annual,From 12 to 23 months,Males,From 20 to 64 years,Percentage,North Macedonia,2019,9.7,,
ESTAT:LFSA_EGAD(1.0),17/04/26 11:00:00,Annual,From 12 to 23 months,Males,From 20 to 64 years,Percentage,North Macedonia,2020,9.8,,
ESTAT:LFSA_EGAD(1.0),17/04/26 11:00:00,Annual,From 12 to 23 months,Males,From 20 to 64 years,Percentage,North Macedonia,2021,9.0,b,
ESTAT:LFSA_EGAD(1.0),17/04/26 11:00:00,Annual,From 12 to 23 months,Males,From 20 to 64 years,Percentage,North Macedonia,2022,8.0,,
ESTAT:LFSA_EGAD(1.0),17/04/26 11:00:00,Annual,From 12 to 23 months,Males,From 20 to 64 years,Percentage,North Macedonia,2023,8.4,,
ESTAT:LFSA_EGAD(1.0),17/04/26 11:00:00,Annual,From 12 to 23 months,Males,From 20 to 64 years,Percentage,North Macedonia,2024,7.6,,
ESTAT:LFSA_EGAD(1.0),17/04/26 11:00:00,Annual,From 12 to 23 months,Males,From 20 to 64 years,Percentage,North Macedonia,2025,6.8,,
ESTAT:LFSA_EGAD(1.0),17/04/26 11:00:00,Annual,From 12 to 23 months,Males,From 20 to 64 years,Percentage,Malta,2016,10.2,,
ESTAT:LFSA_EGAD(1.0),17/04/26 11:00:00,Annual,From 12 to 23 months,Males,From 20 to 64 years,Percentage,Malta,2017,12.2,,
ESTAT:LFSA_EGAD(1.0),17/04/26 11:00:00,Annual,From 12 to 23 months,Males,From 20 to 64 years,Percentage,Malta,2018,13.7,,
ESTAT:LFSA_EGAD(1.0),17/04/26 11:00:00,Annual,From 12 to 23 months,Males,From 20 to 64 years,Percentage,Malta,2019,13.1,,
ESTAT:LFSA_EGAD(1.0),17/04/26 11:00:00,Annual,From 12 to 23 months,Males,From 20 to 64 years,Percentage,Malta,2020,11.8,,
ESTAT:LFSA_EGAD(1.0),17/04/26 11:00:00,Annual,From 12 to 23 months,Males,From 20 to 64 years,Percentage,Malta,2021,10.7,b,
ESTAT:LFSA_EGAD(1.0),17/04/26 11:00:00,Annual,From 12 to 23 months,Males,From 20 to 64 years,Percentage,Malta,2022,10.4,,
ESTAT:LFSA_EGAD(1.0),17/04/26 11:00:00,Annual,From 12 to 23 months,Males,From 20 to 64 years,Percentage,Malta,2023,12.5,,
ESTAT:LFSA_EGAD(1.0),17/04/26 11:00:00,Annual,From 12 to 23 months,Males,From 20 to 64 years,Percentage,Malta,2024,12.6,,
ESTAT:LFSA_EGAD(1.0),17/04/26 11:00:00,Annual,From 12 to 23 months,Males,From 20 to 64 years,Percentage,Malta,2025,13.2,,
ESTAT:LFSA_EGAD(1.0),17/04/26 11:00:00,Annual,From 12 to 23 months,Males,From 20 to 64 years,Percentage,Netherlands,2016,8.2,,
ESTAT:LFSA_EGAD(1.0),17/04/26 11:00:00,Annual,From 12 to 23 months,Males,From 20 to 64 years,Percentage,Netherlands,2017,8.8,,
ESTAT:LFSA_EGAD(1.0),17/04/26 11:00:00,Annual,From 12 to 23 months,Males,From 20 to 64 years,Percentage,Netherlands,2018,9.3,,
ESTAT:LFSA_EGAD(1.0),17/04/26 11:00:00,Annual,From 12 to 23 months,Males,From 20 to 64 years,Percentage,Netherlands,2019,9.8,,
ESTAT:LFSA_EGAD(1.0),17/04/26 11:00:00,Annual,From 12 to 23 months,Males,From 20 to 64 years,Percentage,Netherlands,2020,9.8,,
ESTAT:LFSA_EGAD(1.0),17/04/26 11:00:00,Annual,From 12 to 23 months,Males,From 20 to 64 years,Percentage,Netherlands,2021,9.9,b,
ESTAT:LFSA_EGAD(1.0),17/04/26 11:00:00,Annual,From 12 to 23 months,Males,From 20 to 64 years,Percentage,Netherlands,2022,9.3,,
ESTAT:LFSA_EGAD(1.0),17/04/26 11:00:00,Annual,From 12 to 23 months,Males,From 20 to 64 years,Percentage,Netherlands,2023,11.2,,
ESTAT:LFSA_EGAD(1.0),17/04/26 11:00:00,Annual,From 12 to 23 months,Males,From 20 to 64 years,Percentage,Netherlands,2024,11.1,,
ESTAT:LFSA_EGAD(1.0),17/04/26 11:00:00,Annual,From 12 to 23 months,Males,From 20 to 64 years,Percentage,Netherlands,2025,10.4,,
ESTAT:LFSA_EGAD(1.0),17/04/26 11:00:00,Annual,From 12 to 23 months,Males,From 20 to 64 years,Percentage,Norway,2016,7.4,,
ESTAT:LFSA_EGAD(1.0),17/04/26 11:00:00,Annual,From 12 to 23 months,Males,From 20 to 64 years,Percentage,Norway,2017,8.0,,
ESTAT:LFSA_EGAD(1.0),17/04/26 11:00:00,Annual,From 12 to 23 months,Males,From 20 to 64 years,Percentage,Norway,2018,8.6,,
ESTAT:LFSA_EGAD(1.0),17/04/26 11:00:00,Annual,From 12 to 23 months,Males,From 20 to 64 years,Percentage,Norway,2019,9.1,,
ESTAT:LFSA_EGAD(1.0),17/04/26 11:00:00,Annual,From 12 to 23 months,Males,From 20 to 64 years,Percentage,Norway,2020,8.6,,
ESTAT:LFSA_EGAD(1.0),17/04/26 11:00:00,Annual,From 12 to 23 months,Males,From 20 to 64 years,Percentage,Norway,2021,10.7,b,
ESTAT:LFSA_EGAD(1.0),17/04/26 11:00:00,Annual,From 12 to 23 months,Males,From 20 to 64 years,Percentage,Norway,2022,9.4,,
ESTAT:LFSA_EGAD(1.0),17/04/26 11:00:00,Annual,From 12 to 23 months,Males,From 20 to 64 years,Percentage,Norway,2023,11.4,,
ESTAT:LFSA_EGAD(1.0),17/04/26 11:00:00,Annual,From 12 to 23 months,Males,From 20 to 64 years,Percentage,Norway,2024,12.5,,
ESTAT:LFSA_EGAD(1.0),17/04/26 11:00:00,Annual,From 12 to 23 months,Males,From 20 to 64 years,Percentage,Norway,2025,12.2,,
ESTAT:LFSA_EGAD(1.0),17/04/26 11:00:00,Annual,From 12 to 23 months,Males,From 20 to 64 years,Percentage,Poland,2016,10.1,,
ESTAT:LFSA_EGAD(1.0),17/04/26 11:00:00,Annual,From 12 to 23 months,Males,From 20 to 64 years,Percentage,Poland,2017,10.0,,
ESTAT:LFSA_EGAD(1.0),17/04/26 11:00:00,Annual,From 12 to 23 months,Males,From 20 to 64 years,Percentage,Poland,2018,9.9,,
ESTAT:LFSA_EGAD(1.0),17/04/26 11:00:00,Annual,From 12 to 23 months,Males,From 20 to 64 years,Percentage,Poland,2019,10.5,b,
ESTAT:LFSA_EGAD(1.0),17/04/26 11:00:00,Annual,From 12 to 23 months,Males,From 20 to 64 years,Percentage,Poland,2020,9.3,,
ESTAT:LFSA_EGAD(1.0),17/04/26 11:00:00,Annual,From 12 to 23 months,Males,From 20 to 64 years,Percentage,Poland,2021,7.8,b,
ESTAT:LFSA_EGAD(1.0),17/04/26 11:00:00,Annual,From 12 to 23 months,Males,From 20 to 64 years,Percentage,Poland,2022,7.4,,
ESTAT:LFSA_EGAD(1.0),17/04/26 11:00:00,Annual,From 12 to 23 months,Males,From 20 to 64 years,Percentage,Poland,2023,8.4,,
ESTAT:LFSA_EGAD(1.0),17/04/26 11:00:00,Annual,From 12 to 23 months,Males,From 20 to 64 years,Percentage,Poland,2024,8.0,,
ESTAT:LFSA_EGAD(1.0),17/04/26 11:00:00,Annual,From 12 to 23 months,Males,From 20 to 64 years,Percentage,Poland,2025,7.7,,
ESTAT:LFSA_EGAD(1.0),17/04/26 11:00:00,Annual,From 12 to 23 months,Males,From 20 to 64 years,Percentage,Portugal,2016,7.6,,
ESTAT:LFSA_EGAD(1.0),17/04/26 11:00:00,Annual,From 12 to 23 months,Males,From 20 to 64 years,Percentage,Portugal,2017,8.2,,
ESTAT:LFSA_EGAD(1.0),17/04/26 11:00:00,Annual,From 12 to 23 months,Males,From 20 to 64 years,Percentage,Portugal,2018,8.2,,
ESTAT:LFSA_EGAD(1.0),17/04/26 11:00:00,Annual,From 12 to 23 months,Males,From 20 to 64 years,Percentage,Portugal,2019,8.4,,
ESTAT:LFSA_EGAD(1.0),17/04/26 11:00:00,Annual,From 12 to 23 months,Males,From 20 to 64 years,Percentage,Portugal,2020,8.3,,
ESTAT:LFSA_EGAD(1.0),17/04/26 11:00:00,Annual,From 12 to 23 months,Males,From 20 to 64 years,Percentage,Portugal,2021,7.1,b,
ESTAT:LFSA_EGAD(1.0),17/04/26 11:00:00,Annual,From 12 to 23 months,Males,From 20 to 64 years,Percentage,Portugal,2022,6.9,,
ESTAT:LFSA_EGAD(1.0),17/04/26 11:00:00,Annual,From 12 to 23 months,Males,From 20 to 64 years,Percentage,Portugal,2023,8.6,,
ESTAT:LFSA_EGAD(1.0),17/04/26 11:00:00,Annual,From 12 to 23 months,Males,From 20 to 64 years,Percentage,Portugal,2024,8.8,,
ESTAT:LFSA_EGAD(1.0),17/04/26 11:00:00,Annual,From 12 to 23 months,Males,From 20 to 64 years,Percentage,Portugal,2025,8.4,,
ESTAT:LFSA_EGAD(1.0),17/04/26 11:00:00,Annual,From 12 to 23 months,Males,From 20 to 64 years,Percentage,Romania,2016,6.6,,
ESTAT:LFSA_EGAD(1.0),17/04/26 11:00:00,Annual,From 12 to 23 months,Males,From 20 to 64 years,Percentage,Romania,2017,6.6,,
ESTAT:LFSA_EGAD(1.0),17/04/26 11:00:00,Annual,From 12 to 23 months,Males,From 20 to 64 years,Percentage,Romania,2018,6.8,,
ESTAT:LFSA_EGAD(1.0),17/04/26 11:00:00,Annual,From 12 to 23 months,Males,From 20 to 64 years,Percentage,Romania,2019,6.0,,
ESTAT:LFSA_EGAD(1.0),17/04/26 11:00:00,Annual,From 12 to 23 months,Males,From 20 to 64 years,Percentage,Romania,2020,5.6,,
ESTAT:LFSA_EGAD(1.0),17/04/26 11:00:00,Annual,From 12 to 23 months,Males,From 20 to 64 years,Percentage,Romania,2021,5.1,b,
ESTAT:LFSA_EGAD(1.0),17/04/26 11:00:00,Annual,From 12 to 23 months,Males,From 20 to 64 years,Percentage,Romania,2022,4.8,,
ESTAT:LFSA_EGAD(1.0),17/04/26 11:00:00,Annual,From 12 to 23 months,Males,From 20 to 64 years,Percentage,Romania,2023,4.6,,
ESTAT:LFSA_EGAD(1.0),17/04/26 11:00:00,Annual,From 12 to 23 months,Males,From 20 to 64 years,Percentage,Romania,2024,4.8,,
ESTAT:LFSA_EGAD(1.0),17/04/26 11:00:00,Annual,From 12 to 23 months,Males,From 20 to 64 years,Percentage,Romania,2025,5.0,,
ESTAT:LFSA_EGAD(1.0),17/04/26 11:00:00,Annual,From 12 to 23 months,Males,From 20 to 64 years,Percentage,Serbia,2016,7.6,,
ESTAT:LFSA_EGAD(1.0),17/04/26 11:00:00,Annual,From 12 to 23 months,Males,From 20 to 64 years,Percentage,Serbia,2017,7.8,,
ESTAT:LFSA_EGAD(1.0),17/04/26 11:00:00,Annual,From 12 to 23 months,Males,From 20 to 64 years,Percentage,Serbia,2018,9.0,,
ESTAT:LFSA_EGAD(1.0),17/04/26 11:00:00,Annual,From 12 to 23 months,Males,From 20 to 64 years,Percentage,Serbia,2019,9.1,,
ESTAT:LFSA_EGAD(1.0),17/04/26 11:00:00,Annual,From 12 to 23 months,Males,From 20 to 64 years,Percentage,Serbia,2020,8.9,,
ESTAT:LFSA_EGAD(1.0),17/04/26 11:00:00,Annual,From 12 to 23 months,Males,From 20 to 64 years,Percentage,Serbia,2021,8.5,b,
ESTAT:LFSA_EGAD(1.0),17/04/26 11:00:00,Annual,From 12 to 23 months,Males,From 20 to 64 years,Percentage,Serbia,2022,8.7,,
ESTAT:LFSA_EGAD(1.0),17/04/26 11:00:00,Annual,From 12 to 23 months,Males,From 20 to 64 years,Percentage,Serbia,2023,8.4,,
ESTAT:LFSA_EGAD(1.0),17/04/26 11:00:00,Annual,From 12 to 23 months,Males,From 20 to 64 years,Percentage,Serbia,2024,8.7,,
ESTAT:LFSA_EGAD(1.0),17/04/26 11:00:00,Annual,From 12 to 23 months,Males,From 20 to 64 years,Percentage,Serbia,2025,8.6,,
ESTAT:LFSA_EGAD(1.0),17/04/26 11:00:00,Annual,From 12 to 23 months,Males,From 20 to 64 years,Percentage,Sweden,2016,10.6,,
ESTAT:LFSA_EGAD(1.0),17/04/26 11:00:00,Annual,From 12 to 23 months,Males,From 20 to 64 years,Percentage,Sweden,2017,11.8,,
ESTAT:LFSA_EGAD(1.0),17/04/26 11:00:00,Annual,From 12 to 23 months,Males,From 20 to 64 years,Percentage,Sweden,2018,12.2,b,
ESTAT:LFSA_EGAD(1.0),17/04/26 11:00:00,Annual,From 12 to 23 months,Males,From 20 to 64 years,Percentage,Sweden,2019,12.2,,
ESTAT:LFSA_EGAD(1.0),17/04/26 11:00:00,Annual,From 12 to 23 months,Males,From 20 to 64 years,Percentage,Sweden,2020,11.7,,
ESTAT:LFSA_EGAD(1.0),17/04/26 11:00:00,Annual,From 12 to 23 months,Males,From 20 to 64 years,Percentage,Sweden,2021,9.8,b,
ESTAT:LFSA_EGAD(1.0),17/04/26 11:00:00,Annual,From 12 to 23 months,Males,From 20 to 64 years,Percentage,Sweden,2022,10.1,,
ESTAT:LFSA_EGAD(1.0),17/04/26 11:00:00,Annual,From 12 to 23 months,Males,From 20 to 64 years,Percentage,Sweden,2023,12.1,,
ESTAT:LFSA_EGAD(1.0),17/04/26 11:00:00,Annual,From 12 to 23 months,Males,From 20 to 64 years,Percentage,Sweden,2024,11.8,,
ESTAT:LFSA_EGAD(1.0),17/04/26 11:00:00,Annual,From 12 to 23 months,Males,From 20 to 64 years,Percentage,Sweden,2025,10.8,,
ESTAT:LFSA_EGAD(1.0),17/04/26 11:00:00,Annual,From 12 to 23 months,Males,From 20 to 64 years,Percentage,Slovenia,2016,8.4,,
ESTAT:LFSA_EGAD(1.0),17/04/26 11:00:00,Annual,From 12 to 23 months,Males,From 20 to 64 years,Percentage,Slovenia,2017,8.1,,
ESTAT:LFSA_EGAD(1.0),17/04/26 11:00:00,Annual,From 12 to 23 months,Males,From 20 to 64 years,Percentage,Slovenia,2018,9.2,,
ESTAT:LFSA_EGAD(1.0),17/04/26 11:00:00,Annual,From 12 to 23 months,Males,From 20 to 64 years,Percentage,Slovenia,2019,9.7,,
ESTAT:LFSA_EGAD(1.0),17/04/26 11:00:00,Annual,From 12 to 23 months,Males,From 20 to 64 years,Percentage,Slovenia,2020,8.4,,
ESTAT:LFSA_EGAD(1.0),17/04/26 11:00:00,Annual,From 12 to 23 months,Males,From 20 to 64 years,Percentage,Slovenia,2021,7.0,b,
ESTAT:LFSA_EGAD(1.0),17/04/26 11:00:00,Annual,From 12 to 23 months,Males,From 20 to 64 years,Percentage,Slovenia,2022,6.9,,
ESTAT:LFSA_EGAD(1.0),17/04/26 11:00:00,Annual,From 12 to 23 months,Males,From 20 to 64 years,Percentage,Slovenia,2023,8.1,,
ESTAT:LFSA_EGAD(1.0),17/04/26 11:00:00,Annual,From 12 to 23 months,Males,From 20 to 64 years,Percentage,Slovenia,2024,7.8,,
ESTAT:LFSA_EGAD(1.0),17/04/26 11:00:00,Annual,From 12 to 23 months,Males,From 20 to 64 years,Percentage,Slovenia,2025,7.5,,
ESTAT:LFSA_EGAD(1.0),17/04/26 11:00:00,Annual,From 12 to 23 months,Males,From 20 to 64 years,Percentage,Slovakia,2016,8.5,,
ESTAT:LFSA_EGAD(1.0),17/04/26 11:00:00,Annual,From 12 to 23 months,Males,From 20 to 64 years,Percentage,Slovakia,2017,8.5,,
ESTAT:LFSA_EGAD(1.0),17/04/26 11:00:00,Annual,From 12 to 23 months,Males,From 20 to 64 years,Percentage,Slovakia,2018,8.9,,
ESTAT:LFSA_EGAD(1.0),17/04/26 11:00:00,Annual,From 12 to 23 months,Males,From 20 to 64 years,Percentage,Slovakia,2019,8.5,,
ESTAT:LFSA_EGAD(1.0),17/04/26 11:00:00,Annual,From 12 to 23 months,Males,From 20 to 64 years,Percentage,Slovakia,2020,7.7,,
ESTAT:LFSA_EGAD(1.0),17/04/26 11:00:00,Annual,From 12 to 23 months,Males,From 20 to 64 years,Percentage,Slovakia,2021,6.7,b,
ESTAT:LFSA_EGAD(1.0),17/04/26 11:00:00,Annual,From 12 to 23 months,Males,From 20 to 64 years,Percentage,Slovakia,2022,6.4,,
ESTAT:LFSA_EGAD(1.0),17/04/26 11:00:00,Annual,From 12 to 23 months,Males,From 20 to 64 years,Percentage,Slovakia,2023,6.5,,
ESTAT:LFSA_EGAD(1.0),17/04/26 11:00:00,Annual,From 12 to 23 months,Males,From 20 to 64 years,Percentage,Slovakia,2024,7.0,,
ESTAT:LFSA_EGAD(1.0),17/04/26 11:00:00,Annual,From 12 to 23 months,Males,From 20 to 64 years,Percentage,Slovakia,2025,7.8,,
ESTAT:LFSA_EGAD(1.0),17/04/26 11:00:00,Annual,From 12 to 23 months,Males,From 20 to 64 years,Percentage,Türkiye,2016,9.3,,
ESTAT:LFSA_EGAD(1.0),17/04/26 11:00:00,Annual,From 12 to 23 months,Males,From 20 to 64 years,Percentage,Türkiye,2017,8.9,,
ESTAT:LFSA_EGAD(1.0),17/04/26 11:00:00,Annual,From 12 to 23 months,Males,From 20 to 64 years,Percentage,Türkiye,2018,8.8,,
ESTAT:LFSA_EGAD(1.0),17/04/26 11:00:00,Annual,From 12 to 23 months,Males,From 20 to 64 years,Percentage,Türkiye,2019,10.1,,
ESTAT:LFSA_EGAD(1.0),17/04/26 11:00:00,Annual,From 12 to 23 months,Males,From 20 to 64 years,Percentage,Türkiye,2020,8.8,,
ESTAT:LFSA_EGAD(1.0),17/04/26 11:00:00,Annual,From 12 to 23 months,Males,From 20 to 64 years,Percentage,Türkiye,2021,9.2,b,
ESTAT:LFSA_EGAD(1.0),17/04/26 11:00:00,Annual,From 12 to 23 months,Males,From 20 to 64 years,Percentage,Türkiye,2022,9.1,,
ESTAT:LFSA_EGAD(1.0),17/04/26 11:00:00,Annual,From 12 to 23 months,Males,From 20 to 64 years,Percentage,Türkiye,2023,10.0,,
ESTAT:LFSA_EGAD(1.0),17/04/26 11:00:00,Annual,From 12 to 23 months,Males,From 20 to 64 years,Percentage,Türkiye,2024,10.5,,
ESTAT:LFSA_EGAD(1.0),17/04/26 11:00:00,Annual,From 12 to 23 months,Males,From 20 to 64 years,Percentage,Türkiye,2025,10.7,,
ESTAT:LFSA_EGAD(1.0),17/04/26 11:00:00,Annual,From 12 to 23 months,Males,From 20 to 64 years,Percentage,United Kingdom,2016,11.4,,
ESTAT:LFSA_EGAD(1.0),17/04/26 11:00:00,Annual,From 12 to 23 months,Males,From 20 to 64 years,Percentage,United Kingdom,2017,11.1,,
ESTAT:LFSA_EGAD(1.0),17/04/26 11:00:00,Annual,From 12 to 23 months,Males,From 20 to 64 years,Percentage,United Kingdom,2018,11.0,,
ESTAT:LFSA_EGAD(1.0),17/04/26 11:00:00,Annual,From 12 to 23 months,Males,From 20 to 64 years,Percentage,United Kingdom,2019,11.1,,
ESTAT:LFSA_EGAD(1.0),17/04/26 11:00:00,Annual,From 24 to 59 months,Females,From 20 to 64 years,Percentage,Austria,2016,18.2,,
ESTAT:LFSA_EGAD(1.0),17/04/26 11:00:00,Annual,From 24 to 59 months,Females,From 20 to 64 years,Percentage,Austria,2017,17.6,,
ESTAT:LFSA_EGAD(1.0),17/04/26 11:00:00,Annual,From 24 to 59 months,Females,From 20 to 64 years,Percentage,Austria,2018,17.5,,
ESTAT:LFSA_EGAD(1.0),17/04/26 11:00:00,Annual,From 24 to 59 months,Females,From 20 to 64 years,Percentage,Austria,2019,17.1,,
ESTAT:LFSA_EGAD(1.0),17/04/26 11:00:00,Annual,From 24 to 59 months,Females,From 20 to 64 years,Percentage,Austria,2020,17.3,,
ESTAT:LFSA_EGAD(1.0),17/04/26 11:00:00,Annual,From 24 to 59 months,Females,From 20 to 64 years,Percentage,Austria,2021,18.1,b,
ESTAT:LFSA_EGAD(1.0),17/04/26 11:00:00,Annual,From 24 to 59 months,Females,From 20 to 64 years,Percentage,Austria,2022,17.5,,
ESTAT:LFSA_EGAD(1.0),17/04/26 11:00:00,Annual,From 24 to 59 months,Females,From 20 to 64 years,Percentage,Austria,2023,16.9,,
ESTAT:LFSA_EGAD(1.0),17/04/26 11:00:00,Annual,From 24 to 59 months,Females,From 20 to 64 years,Percentage,Austria,2024,17.8,,
ESTAT:LFSA_EGAD(1.0),17/04/26 11:00:00,Annual,From 24 to 59 months,Females,From 20 to 64 years,Percentage,Austria,2025,19.0,,
ESTAT:LFSA_EGAD(1.0),17/04/26 11:00:00,Annual,From 24 to 59 months,Females,From 20 to 64 years,Percentage,Bosnia and Herzegovina,2021,22.2,b,
ESTAT:LFSA_EGAD(1.0),17/04/26 11:00:00,Annual,From 24 to 59 months,Females,From 20 to 64 years,Percentage,Bosnia and Herzegovina,2022,20.0,,
ESTAT:LFSA_EGAD(1.0),17/04/26 11:00:00,Annual,From 24 to 59 months,Females,From 20 to 64 years,Percentage,Bosnia and Herzegovina,2023,19.1,,
ESTAT:LFSA_EGAD(1.0),17/04/26 11:00:00,Annual,From 24 to 59 months,Females,From 20 to 64 years,Percentage,Bosnia and Herzegovina,2024,19.5,,
ESTAT:LFSA_EGAD(1.0),17/04/26 11:00:00,Annual,From 24 to 59 months,Females,From 20 to 64 years,Percentage,Bosnia and Herzegovina,2025,16.3,,
ESTAT:LFSA_EGAD(1.0),17/04/26 11:00:00,Annual,From 24 to 59 months,Females,From 20 to 64 years,Percentage,Belgium,2016,15.2,,
ESTAT:LFSA_EGAD(1.0),17/04/26 11:00:00,Annual,From 24 to 59 months,Females,From 20 to 64 years,Percentage,Belgium,2017,14.5,b,
ESTAT:LFSA_EGAD(1.0),17/04/26 11:00:00,Annual,From 24 to 59 months,Females,From 20 to 64 years,Percentage,Belgium,2018,15.6,,
ESTAT:LFSA_EGAD(1.0),17/04/26 11:00:00,Annual,From 24 to 59 months,Females,From 20 to 64 years,Percentage,Belgium,2019,15.5,,
ESTAT:LFSA_EGAD(1.0),17/04/26 11:00:00,Annual,From 24 to 59 months,Females,From 20 to 64 years,Percentage,Belgium,2020,15.9,,
ESTAT:LFSA_EGAD(1.0),17/04/26 11:00:00,Annual,From 24 to 59 months,Females,From 20 to 64 years,Percentage,Belgium,2021,16.0,b,
ESTAT:LFSA_EGAD(1.0),17/04/26 11:00:00,Annual,From 24 to 59 months,Females,From 20 to 64 years,Percentage,Belgium,2022,16.3,,
ESTAT:LFSA_EGAD(1.0),17/04/26 11:00:00,Annual,From 24 to 59 months,Females,From 20 to 64 years,Percentage,Belgium,2023,15.9,,
ESTAT:LFSA_EGAD(1.0),17/04/26 11:00:00,Annual,From 24 to 59 months,Females,From 20 to 64 years,Percentage,Belgium,2024,15.9,,
ESTAT:LFSA_EGAD(1.0),17/04/26 11:00:00,Annual,From 24 to 59 months,Females,From 20 to 64 years,Percentage,Belgium,2025,17.3,,
ESTAT:LFSA_EGAD(1.0),17/04/26 11:00:00,Annual,From 24 to 59 months,Females,From 20 to 64 years,Percentage,Bulgaria,2016,17.8,,
ESTAT:LFSA_EGAD(1.0),17/04/26 11:00:00,Annual,From 24 to 59 months,Females,From 20 to 64 years,Percentage,Bulgaria,2017,17.5,,
ESTAT:LFSA_EGAD(1.0),17/04/26 11:00:00,Annual,From 24 to 59 months,Females,From 20 to 64 years,Percentage,Bulgaria,2018,18.7,,
ESTAT:LFSA_EGAD(1.0),17/04/26 11:00:00,Annual,From 24 to 59 months,Females,From 20 to 64 years,Percentage,Bulgaria,2019,19.5,b,
ESTAT:LFSA_EGAD(1.0),17/04/26 11:00:00,Annual,From 24 to 59 months,Females,From 20 to 64 years,Percentage,Bulgaria,2020,18.4,,
ESTAT:LFSA_EGAD(1.0),17/04/26 11:00:00,Annual,From 24 to 59 months,Females,From 20 to 64 years,Percentage,Bulgaria,2021,17.7,b,
ESTAT:LFSA_EGAD(1.0),17/04/26 11:00:00,Annual,From 24 to 59 months,Females,From 20 to 64 years,Percentage,Bulgaria,2022,17.2,,
ESTAT:LFSA_EGAD(1.0),17/04/26 11:00:00,Annual,From 24 to 59 months,Females,From 20 to 64 years,Percentage,Bulgaria,2023,16.2,,
ESTAT:LFSA_EGAD(1.0),17/04/26 11:00:00,Annual,From 24 to 59 months,Females,From 20 to 64 years,Percentage,Bulgaria,2024,16.5,b,
ESTAT:LFSA_EGAD(1.0),17/04/26 11:00:00,Annual,From 24 to 59 months,Females,From 20 to 64 years,Percentage,Bulgaria,2025,16.4,,
ESTAT:LFSA_EGAD(1.0),17/04/26 11:00:00,Annual,From 24 to 59 months,Females,From 20 to 64 years,Percentage,Switzerland,2016,20.4,,
ESTAT:LFSA_EGAD(1.0),17/04/26 11:00:00,Annual,From 24 to 59 months,Females,From 20 to 64 years,Percentage,Switzerland,2017,20.0,,
ESTAT:LFSA_EGAD(1.0),17/04/26 11:00:00,Annual,From 24 to 59 months,Females,From 20 to 64 years,Percentage,Switzerland,2018,19.7,,
ESTAT:LFSA_EGAD(1.0),17/04/26 11:00:00,Annual,From 24 to 59 months,Females,From 20 to 64 years,Percentage,Switzerland,2019,20.1,,
ESTAT:LFSA_EGAD(1.0),17/04/26 11:00:00,Annual,From 24 to 59 months,Females,From 20 to 64 years,Percentage,Switzerland,2020,20.4,,
ESTAT:LFSA_EGAD(1.0),17/04/26 11:00:00,Annual,From 24 to 59 months,Females,From 20 to 64 years,Percentage,Switzerland,2021,21.2,b,
ESTAT:LFSA_EGAD(1.0),17/04/26 11:00:00,Annual,From 24 to 59 months,Females,From 20 to 64 years,Percentage,Switzerland,2022,20.7,,
ESTAT:LFSA_EGAD(1.0),17/04/26 11:00:00,Annual,From 24 to 59 months,Females,From 20 to 64 years,Percentage,Switzerland,2023,19.5,,
ESTAT:LFSA_EGAD(1.0),17/04/26 11:00:00,Annual,From 24 to 59 months,Females,From 20 to 64 years,Percentage,Switzerland,2024,20.2,,
ESTAT:LFSA_EGAD(1.0),17/04/26 11:00:00,Annual,From 24 to 59 months,Females,From 20 to 64 years,Percentage,Switzerland,2025,22.0,,
ESTAT:LFSA_EGAD(1.0),17/04/26 11:00:00,Annual,From 24 to 59 months,Females,From 20 to 64 years,Percentage,Cyprus,2016,14.0,,
ESTAT:LFSA_EGAD(1.0),17/04/26 11:00:00,Annual,From 24 to 59 months,Females,From 20 to 64 years,Percentage,Cyprus,2017,13.9,,
ESTAT:LFSA_EGAD(1.0),17/04/26 11:00:00,Annual,From 24 to 59 months,Females,From 20 to 64 years,Percentage,Cyprus,2018,14.5,,
ESTAT:LFSA_EGAD(1.0),17/04/26 11:00:00,Annual,From 24 to 59 months,Females,From 20 to 64 years,Percentage,Cyprus,2019,15.9,,
ESTAT:LFSA_EGAD(1.0),17/04/26 11:00:00,Annual,From 24 to 59 months,Females,From 20 to 64 years,Percentage,Cyprus,2020,19.1,,
ESTAT:LFSA_EGAD(1.0),17/04/26 11:00:00,Annual,From 24 to 59 months,Females,From 20 to 64 years,Percentage,Cyprus,2021,21.6,b,
ESTAT:LFSA_EGAD(1.0),17/04/26 11:00:00,Annual,From 24 to 59 months,Females,From 20 to 64 years,Percentage,Cyprus,2022,21.1,,
ESTAT:LFSA_EGAD(1.0),17/04/26 11:00:00,Annual,From 24 to 59 months,Females,From 20 to 64 years,Percentage,Cyprus,2023,17.2,,
ESTAT:LFSA_EGAD(1.0),17/04/26 11:00:00,Annual,From 24 to 59 months,Females,From 20 to 64 years,Percentage,Cyprus,2024,18.6,,
ESTAT:LFSA_EGAD(1.0),17/04/26 11:00:00,Annual,From 24 to 59 months,Females,From 20 to 64 years,Percentage,Cyprus,2025,18.5,,
ESTAT:LFSA_EGAD(1.0),17/04/26 11:00:00,Annual,From 24 to 59 months,Females,From 20 to 64 years,Percentage,Czechia,2016,16.4,,
ESTAT:LFSA_EGAD(1.0),17/04/26 11:00:00,Annual,From 24 to 59 months,Females,From 20 to 64 years,Percentage,Czechia,2017,17.5,,
ESTAT:LFSA_EGAD(1.0),17/04/26 11:00:00,Annual,From 24 to 59 months,Females,From 20 to 64 years,Percentage,Czechia,2018,19.2,,
ESTAT:LFSA_EGAD(1.0),17/04/26 11:00:00,Annual,From 24 to 59 months,Females,From 20 to 64 years,Percentage,Czechia,2019,19.9,,
ESTAT:LFSA_EGAD(1.0),17/04/26 11:00:00,Annual,From 24 to 59 months,Females,From 20 to 64 years,Percentage,Czechia,2020,19.3,,
ESTAT:LFSA_EGAD(1.0),17/04/26 11:00:00,Annual,From 24 to 59 months,Females,From 20 to 64 years,Percentage,Czechia,2021,18.8,b,
ESTAT:LFSA_EGAD(1.0),17/04/26 11:00:00,Annual,From 24 to 59 months,Females,From 20 to 64 years,Percentage,Czechia,2022,18.0,,
ESTAT:LFSA_EGAD(1.0),17/04/26 11:00:00,Annual,From 24 to 59 months,Females,From 20 to 64 years,Percentage,Czechia,2023,16.4,,
ESTAT:LFSA_EGAD(1.0),17/04/26 11:00:00,Annual,From 24 to 59 months,Females,From 20 to 64 years,Percentage,Czechia,2024,16.3,,
ESTAT:LFSA_EGAD(1.0),17/04/26 11:00:00,Annual,From 24 to 59 months,Females,From 20 to 64 years,Percentage,Czechia,2025,16.7,,
ESTAT:LFSA_EGAD(1.0),17/04/26 11:00:00,Annual,From 24 to 59 months,Females,From 20 to 64 years,Percentage,Germany,2016,15.9,,
ESTAT:LFSA_EGAD(1.0),17/04/26 11:00:00,Annual,From 24 to 59 months,Females,From 20 to 64 years,Percentage,Germany,2017,16.2,,
ESTAT:LFSA_EGAD(1.0),17/04/26 11:00:00,Annual,From 24 to 59 months,Females,From 20 to 64 years,Percentage,Germany,2018,16.7,,
ESTAT:LFSA_EGAD(1.0),17/04/26 11:00:00,Annual,From 24 to 59 months,Females,From 20 to 64 years,Percentage,Germany,2019,17.0,,
ESTAT:LFSA_EGAD(1.0),17/04/26 11:00:00,Annual,From 24 to 59 months,Females,From 20 to 64 years,Percentage,Germany,2020,16.7,b,
ESTAT:LFSA_EGAD(1.0),17/04/26 11:00:00,Annual,From 24 to 59 months,Females,From 20 to 64 years,Percentage,Germany,2021,17.4,b,
ESTAT:LFSA_EGAD(1.0),17/04/26 11:00:00,Annual,From 24 to 59 months,Females,From 20 to 64 years,Percentage,Germany,2022,17.6,,
ESTAT:LFSA_EGAD(1.0),17/04/26 11:00:00,Annual,From 24 to 59 months,Females,From 20 to 64 years,Percentage,Germany,2023,16.9,,
ESTAT:LFSA_EGAD(1.0),17/04/26 11:00:00,Annual,From 24 to 59 months,Females,From 20 to 64 years,Percentage,Germany,2024,17.4,,
ESTAT:LFSA_EGAD(1.0),17/04/26 11:00:00,Annual,From 24 to 59 months,Females,From 20 to 64 years,Percentage,Germany,2025,18.7,,
ESTAT:LFSA_EGAD(1.0),17/04/26 11:00:00,Annual,From 24 to 59 months,Females,From 20 to 64 years,Percentage,Denmark,2016,17.5,b,
ESTAT:LFSA_EGAD(1.0),17/04/26 11:00:00,Annual,From 24 to 59 months,Females,From 20 to 64 years,Percentage,Denmark,2017,18.7,b,
ESTAT:LFSA_EGAD(1.0),17/04/26 11:00:00,Annual,From 24 to 59 months,Females,From 20 to 64 years,Percentage,Denmark,2018,20.1,,
ESTAT:LFSA_EGAD(1.0),17/04/26 11:00:00,Annual,From 24 to 59 months,Females,From 20 to 64 years,Percentage,Denmark,2019,21.0,,
ESTAT:LFSA_EGAD(1.0),17/04/26 11:00:00,Annual,From 24 to 59 months,Females,From 20 to 64 years,Percentage,Denmark,2020,22.0,,
ESTAT:LFSA_EGAD(1.0),17/04/26 11:00:00,Annual,From 24 to 59 months,Females,From 20 to 64 years,Percentage,Denmark,2021,20.9,b,
ESTAT:LFSA_EGAD(1.0),17/04/26 11:00:00,Annual,From 24 to 59 months,Females,From 20 to 64 years,Percentage,Denmark,2022,20.6,,
ESTAT:LFSA_EGAD(1.0),17/04/26 11:00:00,Annual,From 24 to 59 months,Females,From 20 to 64 years,Percentage,Denmark,2023,20.1,b,
ESTAT:LFSA_EGAD(1.0),17/04/26 11:00:00,Annual,From 24 to 59 months,Females,From 20 to 64 years,Percentage,Denmark,2024,21.9,,
ESTAT:LFSA_EGAD(1.0),17/04/26 11:00:00,Annual,From 24 to 59 months,Females,From 20 to 64 years,Percentage,Denmark,2025,22.8,,
ESTAT:LFSA_EGAD(1.0),17/04/26 11:00:00,Annual,From 24 to 59 months,Females,From 20 to 64 years,Percentage,Euro area – 21 countries (from 2026),2016,14.5,,
ESTAT:LFSA_EGAD(1.0),17/04/26 11:00:00,Annual,From 24 to 59 months,Females,From 20 to 64 years,Percentage,Euro area – 21 countries (from 2026),2017,14.6,,
ESTAT:LFSA_EGAD(1.0),17/04/26 11:00:00,Annual,From 24 to 59 months,Females,From 20 to 64 years,Percentage,Euro area – 21 countries (from 2026),2018,15.4,,
ESTAT:LFSA_EGAD(1.0),17/04/26 11:00:00,Annual,From 24 to 59 months,Females,From 20 to 64 years,Percentage,Euro area – 21 countries (from 2026),2019,15.8,,
ESTAT:LFSA_EGAD(1.0),17/04/26 11:00:00,Annual,From 24 to 59 months,Females,From 20 to 64 years,Percentage,Euro area – 21 countries (from 2026),2020,16.3,,
ESTAT:LFSA_EGAD(1.0),17/04/26 11:00:00,Annual,From 24 to 59 months,Females,From 20 to 64 years,Percentage,Euro area – 21 countries (from 2026),2021,17.2,b,
ESTAT:LFSA_EGAD(1.0),17/04/26 11:00:00,Annual,From 24 to 59 months,Females,From 20 to 64 years,Percentage,Euro area – 21 countries (from 2026),2022,17.0,,
ESTAT:LFSA_EGAD(1.0),17/04/26 11:00:00,Annual,From 24 to 59 months,Females,From 20 to 64 years,Percentage,Euro area – 21 countries (from 2026),2023,16.2,,
ESTAT:LFSA_EGAD(1.0),17/04/26 11:00:00,Annual,From 24 to 59 months,Females,From 20 to 64 years,Percentage,Euro area – 21 countries (from 2026),2024,17.1,,
ESTAT:LFSA_EGAD(1.0),17/04/26 11:00:00,Annual,From 24 to 59 months,Females,From 20 to 64 years,Percentage,Euro area – 21 countries (from 2026),2025,18.2,,
ESTAT:LFSA_EGAD(1.0),17/04/26 11:00:00,Annual,From 24 to 59 months,Females,From 20 to 64 years,Percentage,Estonia,2016,20.7,,
ESTAT:LFSA_EGAD(1.0),17/04/26 11:00:00,Annual,From 24 to 59 months,Females,From 20 to 64 years,Percentage,Estonia,2017,19.7,,
ESTAT:LFSA_EGAD(1.0),17/04/26 11:00:00,Annual,From 24 to 59 months,Females,From 20 to 64 years,Percentage,Estonia,2018,16.7,,
ESTAT:LFSA_EGAD(1.0),17/04/26 11:00:00,Annual,From 24 to 59 months,Females,From 20 to 64 years,Percentage,Estonia,2019,18.0,,
ESTAT:LFSA_EGAD(1.0),17/04/26 11:00:00,Annual,From 24 to 59 months,Females,From 20 to 64 years,Percentage,Estonia,2020,19.1,,
ESTAT:LFSA_EGAD(1.0),17/04/26 11:00:00,Annual,From 24 to 59 months,Females,From 20 to 64 years,Percentage,Estonia,2021,20.9,b,
ESTAT:LFSA_EGAD(1.0),17/04/26 11:00:00,Annual,From 24 to 59 months,Females,From 20 to 64 years,Percentage,Estonia,2022,19.4,,
ESTAT:LFSA_EGAD(1.0),17/04/26 11:00:00,Annual,From 24 to 59 months,Females,From 20 to 64 years,Percentage,Estonia,2023,20.0,,
ESTAT:LFSA_EGAD(1.0),17/04/26 11:00:00,Annual,From 24 to 59 months,Females,From 20 to 64 years,Percentage,Estonia,2024,21.9,,
ESTAT:LFSA_EGAD(1.0),17/04/26 11:00:00,Annual,From 24 to 59 months,Females,From 20 to 64 years,Percentage,Estonia,2025,24.6,,
ESTAT:LFSA_EGAD(1.0),17/04/26 11:00:00,Annual,From 24 to 59 months,Females,From 20 to 64 years,Percentage,Greece,2016,13.2,,
ESTAT:LFSA_EGAD(1.0),17/04/26 11:00:00,Annual,From 24 to 59 months,Females,From 20 to 64 years,Percentage,Greece,2017,13.5,,
ESTAT:LFSA_EGAD(1.0),17/04/26 11:00:00,Annual,From 24 to 59 months,Females,From 20 to 64 years,Percentage,Greece,2018,13.5,,
ESTAT:LFSA_EGAD(1.0),17/04/26 11:00:00,Annual,From 24 to 59 months,Females,From 20 to 64 years,Percentage,Greece,2019,13.2,,
ESTAT:LFSA_EGAD(1.0),17/04/26 11:00:00,Annual,From 24 to 59 months,Females,From 20 to 64 years,Percentage,Greece,2020,14.2,,
ESTAT:LFSA_EGAD(1.0),17/04/26 11:00:00,Annual,From 24 to 59 months,Females,From 20 to 64 years,Percentage,Greece,2021,15.0,b,
ESTAT:LFSA_EGAD(1.0),17/04/26 11:00:00,Annual,From 24 to 59 months,Females,From 20 to 64 years,Percentage,Greece,2022,14.8,,
ESTAT:LFSA_EGAD(1.0),17/04/26 11:00:00,Annual,From 24 to 59 months,Females,From 20 to 64 years,Percentage,Greece,2023,14.1,,
ESTAT:LFSA_EGAD(1.0),17/04/26 11:00:00,Annual,From 24 to 59 months,Females,From 20 to 64 years,Percentage,Greece,2024,15.5,,
ESTAT:LFSA_EGAD(1.0),17/04/26 11:00:00,Annual,From 24 to 59 months,Females,From 20 to 64 years,Percentage,Greece,2025,15.5,,
ESTAT:LFSA_EGAD(1.0),17/04/26 11:00:00,Annual,From 24 to 59 months,Females,From 20 to 64 years,Percentage,Spain,2016,12.3,,
ESTAT:LFSA_EGAD(1.0),17/04/26 11:00:00,Annual,From 24 to 59 months,Females,From 20 to 64 years,Percentage,Spain,2017,13.0,,
ESTAT:LFSA_EGAD(1.0),17/04/26 11:00:00,Annual,From 24 to 59 months,Females,From 20 to 64 years,Percentage,Spain,2018,14.5,,
ESTAT:LFSA_EGAD(1.0),17/04/26 11:00:00,Annual,From 24 to 59 months,Females,From 20 to 64 years,Percentage,Spain,2019,15.3,,
ESTAT:LFSA_EGAD(1.0),17/04/26 11:00:00,Annual,From 24 to 59 months,Females,From 20 to 64 years,Percentage,Spain,2020,15.8,,
ESTAT:LFSA_EGAD(1.0),17/04/26 11:00:00,Annual,From 24 to 59 months,Females,From 20 to 64 years,Percentage,Spain,2021,16.5,bd,
ESTAT:LFSA_EGAD(1.0),17/04/26 11:00:00,Annual,From 24 to 59 months,Females,From 20 to 64 years,Percentage,Spain,2022,16.2,d,
ESTAT:LFSA_EGAD(1.0),17/04/26 11:00:00,Annual,From 24 to 59 months,Females,From 20 to 64 years,Percentage,Spain,2023,14.7,d,
ESTAT:LFSA_EGAD(1.0),17/04/26 11:00:00,Annual,From 24 to 59 months,Females,From 20 to 64 years,Percentage,Spain,2024,16.2,d,
ESTAT:LFSA_EGAD(1.0),17/04/26 11:00:00,Annual,From 24 to 59 months,Females,From 20 to 64 years,Percentage,Spain,2025,17.3,d,
ESTAT:LFSA_EGAD(1.0),17/04/26 11:00:00,Annual,From 24 to 59 months,Females,From 20 to 64 years,Percentage,European Union - 27 countries (from 2020),2016,15.1,,
ESTAT:LFSA_EGAD(1.0),17/04/26 11:00:00,Annual,From 24 to 59 months,Females,From 20 to 64 years,Percentage,European Union - 27 countries (from 2020),2017,15.3,,
ESTAT:LFSA_EGAD(1.0),17/04/26 11:00:00,Annual,From 24 to 59 months,Females,From 20 to 64 years,Percentage,European Union - 27 countries (from 2020),2018,16.3,,
ESTAT:LFSA_EGAD(1.0),17/04/26 11:00:00,Annual,From 24 to 59 months,Females,From 20 to 64 years,Percentage,European Union - 27 countries (from 2020),2019,16.6,,
ESTAT:LFSA_EGAD(1.0),17/04/26 11:00:00,Annual,From 24 to 59 months,Females,From 20 to 64 years,Percentage,European Union - 27 countries (from 2020),2020,17.0,,
ESTAT:LFSA_EGAD(1.0),17/04/26 11:00:00,Annual,From 24 to 59 months,Females,From 20 to 64 years,Percentage,European Union - 27 countries (from 2020),2021,17.7,b,
ESTAT:LFSA_EGAD(1.0),17/04/26 11:00:00,Annual,From 24 to 59 months,Females,From 20 to 64 years,Percentage,European Union - 27 countries (from 2020),2022,17.4,,
ESTAT:LFSA_EGAD(1.0),17/04/26 11:00:00,Annual,From 24 to 59 months,Females,From 20 to 64 years,Percentage,European Union - 27 countries (from 2020),2023,16.5,,
ESTAT:LFSA_EGAD(1.0),17/04/26 11:00:00,Annual,From 24 to 59 months,Females,From 20 to 64 years,Percentage,European Union - 27 countries (from 2020),2024,17.3,,
ESTAT:LFSA_EGAD(1.0),17/04/26 11:00:00,Annual,From 24 to 59 months,Females,From 20 to 64 years,Percentage,European Union - 27 countries (from 2020),2025,18.2,,
ESTAT:LFSA_EGAD(1.0),17/04/26 11:00:00,Annual,From 24 to 59 months,Females,From 20 to 64 years,Percentage,Finland,2016,14.5,,
ESTAT:LFSA_EGAD(1.0),17/04/26 11:00:00,Annual,From 24 to 59 months,Females,From 20 to 64 years,Percentage,Finland,2017,14.3,,
ESTAT:LFSA_EGAD(1.0),17/04/26 11:00:00,Annual,From 24 to 59 months,Females,From 20 to 64 years,Percentage,Finland,2018,13.8,,
ESTAT:LFSA_EGAD(1.0),17/04/26 11:00:00,Annual,From 24 to 59 months,Females,From 20 to 64 years,Percentage,Finland,2019,14.4,,
ESTAT:LFSA_EGAD(1.0),17/04/26 11:00:00,Annual,From 24 to 59 months,Females,From 20 to 64 years,Percentage,Finland,2020,17.0,,
ESTAT:LFSA_EGAD(1.0),17/04/26 11:00:00,Annual,From 24 to 59 months,Females,From 20 to 64 years,Percentage,Finland,2021,18.4,b,
ESTAT:LFSA_EGAD(1.0),17/04/26 11:00:00,Annual,From 24 to 59 months,Females,From 20 to 64 years,Percentage,Finland,2022,18.8,,
ESTAT:LFSA_EGAD(1.0),17/04/26 11:00:00,Annual,From 24 to 59 months,Females,From 20 to 64 years,Percentage,Finland,2023,17.0,,
ESTAT:LFSA_EGAD(1.0),17/04/26 11:00:00,Annual,From 24 to 59 months,Females,From 20 to 64 years,Percentage,Finland,2024,19.0,,
ESTAT:LFSA_EGAD(1.0),17/04/26 11:00:00,Annual,From 24 to 59 months,Females,From 20 to 64 years,Percentage,Finland,2025,22.7,,
ESTAT:LFSA_EGAD(1.0),17/04/26 11:00:00,Annual,From 24 to 59 months,Females,From 20 to 64 years,Percentage,France,2016,13.5,,
ESTAT:LFSA_EGAD(1.0),17/04/26 11:00:00,Annual,From 24 to 59 months,Females,From 20 to 64 years,Percentage,France,2017,13.2,,
ESTAT:LFSA_EGAD(1.0),17/04/26 11:00:00,Annual,From 24 to 59 months,Females,From 20 to 64 years,Percentage,France,2018,13.9,,
ESTAT:LFSA_EGAD(1.0),17/04/26 11:00:00,Annual,From 24 to 59 months,Females,From 20 to 64 years,Percentage,France,2019,14.4,,
ESTAT:LFSA_EGAD(1.0),17/04/26 11:00:00,Annual,From 24 to 59 months,Females,From 20 to 64 years,Percentage,France,2020,15.1,,
ESTAT:LFSA_EGAD(1.0),17/04/26 11:00:00,Annual,From 24 to 59 months,Females,From 20 to 64 years,Percentage,France,2021,16.7,bd,
ESTAT:LFSA_EGAD(1.0),17/04/26 11:00:00,Annual,From 24 to 59 months,Females,From 20 to 64 years,Percentage,France,2022,16.4,d,
ESTAT:LFSA_EGAD(1.0),17/04/26 11:00:00,Annual,From 24 to 59 months,Females,From 20 to 64 years,Percentage,France,2023,15.8,d,
ESTAT:LFSA_EGAD(1.0),17/04/26 11:00:00,Annual,From 24 to 59 months,Females,From 20 to 64 years,Percentage,France,2024,16.7,d,
ESTAT:LFSA_EGAD(1.0),17/04/26 11:00:00,Annual,From 24 to 59 months,Females,From 20 to 64 years,Percentage,France,2025,17.9,d,
ESTAT:LFSA_EGAD(1.0),17/04/26 11:00:00,Annual,From 24 to 59 months,Females,From 20 to 64 years,Percentage,Croatia,2016,13.6,,
ESTAT:LFSA_EGAD(1.0),17/04/26 11:00:00,Annual,From 24 to 59 months,Females,From 20 to 64 years,Percentage,Croatia,2017,14.3,,
ESTAT:LFSA_EGAD(1.0),17/04/26 11:00:00,Annual,From 24 to 59 months,Females,From 20 to 64 years,Percentage,Croatia,2018,15.3,,
ESTAT:LFSA_EGAD(1.0),17/04/26 11:00:00,Annual,From 24 to 59 months,Females,From 20 to 64 years,Percentage,Croatia,2019,17.6,,
ESTAT:LFSA_EGAD(1.0),17/04/26 11:00:00,Annual,From 24 to 59 months,Females,From 20 to 64 years,Percentage,Croatia,2020,18.3,,
ESTAT:LFSA_EGAD(1.0),17/04/26 11:00:00,Annual,From 24 to 59 months,Females,From 20 to 64 years,Percentage,Croatia,2021,18.6,b,
ESTAT:LFSA_EGAD(1.0),17/04/26 11:00:00,Annual,From 24 to 59 months,Females,From 20 to 64 years,Percentage,Croatia,2022,16.6,,
ESTAT:LFSA_EGAD(1.0),17/04/26 11:00:00,Annual,From 24 to 59 months,Females,From 20 to 64 years,Percentage,Croatia,2023,15.9,,
ESTAT:LFSA_EGAD(1.0),17/04/26 11:00:00,Annual,From 24 to 59 months,Females,From 20 to 64 years,Percentage,Croatia,2024,16.2,,
ESTAT:LFSA_EGAD(1.0),17/04/26 11:00:00,Annual,From 24 to 59 months,Females,From 20 to 64 years,Percentage,Croatia,2025,15.9,,
ESTAT:LFSA_EGAD(1.0),17/04/26 11:00:00,Annual,From 24 to 59 months,Females,From 20 to 64 years,Percentage,Hungary,2016,19.2,,
ESTAT:LFSA_EGAD(1.0),17/04/26 11:00:00,Annual,From 24 to 59 months,Females,From 20 to 64 years,Percentage,Hungary,2017,20.2,,
ESTAT:LFSA_EGAD(1.0),17/04/26 11:00:00,Annual,From 24 to 59 months,Females,From 20 to 64 years,Percentage,Hungary,2018,21.3,b,
ESTAT:LFSA_EGAD(1.0),17/04/26 11:00:00,Annual,From 24 to 59 months,Females,From 20 to 64 years,Percentage,Hungary,2019,20.8,,
ESTAT:LFSA_EGAD(1.0),17/04/26 11:00:00,Annual,From 24 to 59 months,Females,From 20 to 64 years,Percentage,Hungary,2020,20.6,,
ESTAT:LFSA_EGAD(1.0),17/04/26 11:00:00,Annual,From 24 to 59 months,Females,From 20 to 64 years,Percentage,Hungary,2021,21.0,b,
ESTAT:LFSA_EGAD(1.0),17/04/26 11:00:00,Annual,From 24 to 59 months,Females,From 20 to 64 years,Percentage,Hungary,2022,20.4,,
ESTAT:LFSA_EGAD(1.0),17/04/26 11:00:00,Annual,From 24 to 59 months,Females,From 20 to 64 years,Percentage,Hungary,2023,19.2,,
ESTAT:LFSA_EGAD(1.0),17/04/26 11:00:00,Annual,From 24 to 59 months,Females,From 20 to 64 years,Percentage,Hungary,2024,19.7,,
ESTAT:LFSA_EGAD(1.0),17/04/26 11:00:00,Annual,From 24 to 59 months,Females,From 20 to 64 years,Percentage,Hungary,2025,18.9,,
ESTAT:LFSA_EGAD(1.0),17/04/26 11:00:00,Annual,From 24 to 59 months,Females,From 20 to 64 years,Percentage,Ireland,2016,15.2,,
ESTAT:LFSA_EGAD(1.0),17/04/26 11:00:00,Annual,From 24 to 59 months,Females,From 20 to 64 years,Percentage,Ireland,2017,17.0,b,
ESTAT:LFSA_EGAD(1.0),17/04/26 11:00:00,Annual,From 24 to 59 months,Females,From 20 to 64 years,Percentage,Ireland,2018,18.4,,
ESTAT:LFSA_EGAD(1.0),17/04/26 11:00:00,Annual,From 24 to 59 months,Females,From 20 to 64 years,Percentage,Ireland,2019,19.0,,
ESTAT:LFSA_EGAD(1.0),17/04/26 11:00:00,Annual,From 24 to 59 months,Females,From 20 to 64 years,Percentage,Ireland,2020,21.1,,
ESTAT:LFSA_EGAD(1.0),17/04/26 11:00:00,Annual,From 24 to 59 months,Females,From 20 to 64 years,Percentage,Ireland,2021,21.2,b,
ESTAT:LFSA_EGAD(1.0),17/04/26 11:00:00,Annual,From 24 to 59 months,Females,From 20 to 64 years,Percentage,Ireland,2022,19.1,,
ESTAT:LFSA_EGAD(1.0),17/04/26 11:00:00,Annual,From 24 to 59 months,Females,From 20 to 64 years,Percentage,Ireland,2023,17.9,,
ESTAT:LFSA_EGAD(1.0),17/04/26 11:00:00,Annual,From 24 to 59 months,Females,From 20 to 64 years,Percentage,Ireland,2024,19.8,,
ESTAT:LFSA_EGAD(1.0),17/04/26 11:00:00,Annual,From 24 to 59 months,Females,From 20 to 64 years,Percentage,Ireland,2025,22.5,,
ESTAT:LFSA_EGAD(1.0),17/04/26 11:00:00,Annual,From 24 to 59 months,Females,From 20 to 64 years,Percentage,Iceland,2016,18.6,,
ESTAT:LFSA_EGAD(1.0),17/04/26 11:00:00,Annual,From 24 to 59 months,Females,From 20 to 64 years,Percentage,Iceland,2017,18.6,,
ESTAT:LFSA_EGAD(1.0),17/04/26 11:00:00,Annual,From 24 to 59 months,Females,From 20 to 64 years,Percentage,Iceland,2018,20.6,,
ESTAT:LFSA_EGAD(1.0),17/04/26 11:00:00,Annual,From 24 to 59 months,Females,From 20 to 64 years,Percentage,Iceland,2019,21.4,,
ESTAT:LFSA_EGAD(1.0),17/04/26 11:00:00,Annual,From 24 to 59 months,Females,From 20 to 64 years,Percentage,Iceland,2020,22.2,b,
ESTAT:LFSA_EGAD(1.0),17/04/26 11:00:00,Annual,From 24 to 59 months,Females,From 20 to 64 years,Percentage,Iceland,2021,22.0,b,
ESTAT:LFSA_EGAD(1.0),17/04/26 11:00:00,Annual,From 24 to 59 months,Females,From 20 to 64 years,Percentage,Iceland,2022,19.8,,
ESTAT:LFSA_EGAD(1.0),17/04/26 11:00:00,Annual,From 24 to 59 months,Females,From 20 to 64 years,Percentage,Iceland,2023,19.2,,
ESTAT:LFSA_EGAD(1.0),17/04/26 11:00:00,Annual,From 24 to 59 months,Females,From 20 to 64 years,Percentage,Iceland,2024,19.9,,
ESTAT:LFSA_EGAD(1.0),17/04/26 11:00:00,Annual,From 24 to 59 months,Females,From 20 to 64 years,Percentage,Italy,2016,13.1,,
ESTAT:LFSA_EGAD(1.0),17/04/26 11:00:00,Annual,From 24 to 59 months,Females,From 20 to 64 years,Percentage,Italy,2017,13.2,,
ESTAT:LFSA_EGAD(1.0),17/04/26 11:00:00,Annual,From 24 to 59 months,Females,From 20 to 64 years,Percentage,Italy,2018,14.3,b,
ESTAT:LFSA_EGAD(1.0),17/04/26 11:00:00,Annual,From 24 to 59 months,Females,From 20 to 64 years,Percentage,Italy,2019,14.5,,
ESTAT:LFSA_EGAD(1.0),17/04/26 11:00:00,Annual,From 24 to 59 months,Females,From 20 to 64 years,Percentage,Italy,2020,14.7,,
ESTAT:LFSA_EGAD(1.0),17/04/26 11:00:00,Annual,From 24 to 59 months,Females,From 20 to 64 years,Percentage,Italy,2021,15.6,b,
ESTAT:LFSA_EGAD(1.0),17/04/26 11:00:00,Annual,From 24 to 59 months,Females,From 20 to 64 years,Percentage,Italy,2022,15.7,,
ESTAT:LFSA_EGAD(1.0),17/04/26 11:00:00,Annual,From 24 to 59 months,Females,From 20 to 64 years,Percentage,Italy,2023,15.5,,
ESTAT:LFSA_EGAD(1.0),17/04/26 11:00:00,Annual,From 24 to 59 months,Females,From 20 to 64 years,Percentage,Italy,2024,16.6,,
ESTAT:LFSA_EGAD(1.0),17/04/26 11:00:00,Annual,From 24 to 59 months,Females,From 20 to 64 years,Percentage,Italy,2025,17.6,,
ESTAT:LFSA_EGAD(1.0),17/04/26 11:00:00,Annual,From 24 to 59 months,Females,From 20 to 64 years,Percentage,Lithuania,2016,19.2,,
ESTAT:LFSA_EGAD(1.0),17/04/26 11:00:00,Annual,From 24 to 59 months,Females,From 20 to 64 years,Percentage,Lithuania,2017,18.6,,
ESTAT:LFSA_EGAD(1.0),17/04/26 11:00:00,Annual,From 24 to 59 months,Females,From 20 to 64 years,Percentage,Lithuania,2018,19.0,,
ESTAT:LFSA_EGAD(1.0),17/04/26 11:00:00,Annual,From 24 to 59 months,Females,From 20 to 64 years,Percentage,Lithuania,2019,18.6,,
ESTAT:LFSA_EGAD(1.0),17/04/26 11:00:00,Annual,From 24 to 59 months,Females,From 20 to 64 years,Percentage,Lithuania,2020,19.4,,
ESTAT:LFSA_EGAD(1.0),17/04/26 11:00:00,Annual,From 24 to 59 months,Females,From 20 to 64 years,Percentage,Lithuania,2021,24.0,b,
ESTAT:LFSA_EGAD(1.0),17/04/26 11:00:00,Annual,From 24 to 59 months,Females,From 20 to 64 years,Percentage,Lithuania,2022,18.7,,
ESTAT:LFSA_EGAD(1.0),17/04/26 11:00:00,Annual,From 24 to 59 months,Females,From 20 to 64 years,Percentage,Lithuania,2023,19.3,,
ESTAT:LFSA_EGAD(1.0),17/04/26 11:00:00,Annual,From 24 to 59 months,Females,From 20 to 64 years,Percentage,Lithuania,2024,20.5,,
ESTAT:LFSA_EGAD(1.0),17/04/26 11:00:00,Annual,From 24 to 59 months,Females,From 20 to 64 years,Percentage,Lithuania,2025,18.9,,
ESTAT:LFSA_EGAD(1.0),17/04/26 11:00:00,Annual,From 24 to 59 months,Females,From 20 to 64 years,Percentage,Luxembourg,2016,18.5,b,
ESTAT:LFSA_EGAD(1.0),17/04/26 11:00:00,Annual,From 24 to 59 months,Females,From 20 to 64 years,Percentage,Luxembourg,2017,18.3,,
ESTAT:LFSA_EGAD(1.0),17/04/26 11:00:00,Annual,From 24 to 59 months,Females,From 20 to 64 years,Percentage,Luxembourg,2018,17.2,,
ESTAT:LFSA_EGAD(1.0),17/04/26 11:00:00,Annual,From 24 to 59 months,Females,From 20 to 64 years,Percentage,Luxembourg,2019,18.1,,
ESTAT:LFSA_EGAD(1.0),17/04/26 11:00:00,Annual,From 24 to 59 months,Females,From 20 to 64 years,Percentage,Luxembourg,2020,19.1,,
ESTAT:LFSA_EGAD(1.0),17/04/26 11:00:00,Annual,From 24 to 59 months,Females,From 20 to 64 years,Percentage,Luxembourg,2021,19.0,b,
ESTAT:LFSA_EGAD(1.0),17/04/26 11:00:00,Annual,From 24 to 59 months,Females,From 20 to 64 years,Percentage,Luxembourg,2022,18.1,,
ESTAT:LFSA_EGAD(1.0),17/04/26 11:00:00,Annual,From 24 to 59 months,Females,From 20 to 64 years,Percentage,Luxembourg,2023,16.4,,
ESTAT:LFSA_EGAD(1.0),17/04/26 11:00:00,Annual,From 24 to 59 months,Females,From 20 to 64 years,Percentage,Luxembourg,2024,17.0,,
ESTAT:LFSA_EGAD(1.0),17/04/26 11:00:00,Annual,From 24 to 59 months,Females,From 20 to 64 years,Percentage,Luxembourg,2025,18.1,,
ESTAT:LFSA_EGAD(1.0),17/04/26 11:00:00,Annual,From 24 to 59 months,Females,From 20 to 64 years,Percentage,Latvia,2016,19.3,,
ESTAT:LFSA_EGAD(1.0),17/04/26 11:00:00,Annual,From 24 to 59 months,Females,From 20 to 64 years,Percentage,Latvia,2017,20.6,,
ESTAT:LFSA_EGAD(1.0),17/04/26 11:00:00,Annual,From 24 to 59 months,Females,From 20 to 64 years,Percentage,Latvia,2018,19.8,,
ESTAT:LFSA_EGAD(1.0),17/04/26 11:00:00,Annual,From 24 to 59 months,Females,From 20 to 64 years,Percentage,Latvia,2019,19.9,,
ESTAT:LFSA_EGAD(1.0),17/04/26 11:00:00,Annual,From 24 to 59 months,Females,From 20 to 64 years,Percentage,Latvia,2020,18.7,,
ESTAT:LFSA_EGAD(1.0),17/04/26 11:00:00,Annual,From 24 to 59 months,Females,From 20 to 64 years,Percentage,Latvia,2021,19.9,b,
ESTAT:LFSA_EGAD(1.0),17/04/26 11:00:00,Annual,From 24 to 59 months,Females,From 20 to 64 years,Percentage,Latvia,2022,20.4,,
ESTAT:LFSA_EGAD(1.0),17/04/26 11:00:00,Annual,From 24 to 59 months,Females,From 20 to 64 years,Percentage,Latvia,2023,20.3,,
ESTAT:LFSA_EGAD(1.0),17/04/26 11:00:00,Annual,From 24 to 59 months,Females,From 20 to 64 years,Percentage,Latvia,2024,20.4,,
ESTAT:LFSA_EGAD(1.0),17/04/26 11:00:00,Annual,From 24 to 59 months,Females,From 20 to 64 years,Percentage,Latvia,2025,19.8,,
ESTAT:LFSA_EGAD(1.0),17/04/26 11:00:00,Annual,From 24 to 59 months,Females,From 20 to 64 years,Percentage,Montenegro,2016,14.6,,
ESTAT:LFSA_EGAD(1.0),17/04/26 11:00:00,Annual,From 24 to 59 months,Females,From 20 to 64 years,Percentage,Montenegro,2017,14.9,,
ESTAT:LFSA_EGAD(1.0),17/04/26 11:00:00,Annual,From 24 to 59 months,Females,From 20 to 64 years,Percentage,Montenegro,2018,16.1,,
ESTAT:LFSA_EGAD(1.0),17/04/26 11:00:00,Annual,From 24 to 59 months,Females,From 20 to 64 years,Percentage,Montenegro,2019,17.0,,
ESTAT:LFSA_EGAD(1.0),17/04/26 11:00:00,Annual,From 24 to 59 months,Females,From 20 to 64 years,Percentage,Montenegro,2020,20.3,,
ESTAT:LFSA_EGAD(1.0),17/04/26 11:00:00,Annual,From 24 to 59 months,Females,From 20 to 64 years,Percentage,North Macedonia,2016,19.0,,
ESTAT:LFSA_EGAD(1.0),17/04/26 11:00:00,Annual,From 24 to 59 months,Females,From 20 to 64 years,Percentage,North Macedonia,2017,19.5,,
ESTAT:LFSA_EGAD(1.0),17/04/26 11:00:00,Annual,From 24 to 59 months,Females,From 20 to 64 years,Percentage,North Macedonia,2018,16.5,,
ESTAT:LFSA_EGAD(1.0),17/04/26 11:00:00,Annual,From 24 to 59 months,Females,From 20 to 64 years,Percentage,North Macedonia,2019,19.0,,
ESTAT:LFSA_EGAD(1.0),17/04/26 11:00:00,Annual,From 24 to 59 months,Females,From 20 to 64 years,Percentage,North Macedonia,2020,18.6,,
ESTAT:LFSA_EGAD(1.0),17/04/26 11:00:00,Annual,From 24 to 59 months,Females,From 20 to 64 years,Percentage,North Macedonia,2021,18.7,b,
ESTAT:LFSA_EGAD(1.0),17/04/26 11:00:00,Annual,From 24 to 59 months,Females,From 20 to 64 years,Percentage,North Macedonia,2022,18.2,,
ESTAT:LFSA_EGAD(1.0),17/04/26 11:00:00,Annual,From 24 to 59 months,Females,From 20 to 64 years,Percentage,North Macedonia,2023,17.7,,
ESTAT:LFSA_EGAD(1.0),17/04/26 11:00:00,Annual,From 24 to 59 months,Females,From 20 to 64 years,Percentage,North Macedonia,2024,20.7,,
ESTAT:LFSA_EGAD(1.0),17/04/26 11:00:00,Annual,From 24 to 59 months,Females,From 20 to 64 years,Percentage,North Macedonia,2025,21.7,,
ESTAT:LFSA_EGAD(1.0),17/04/26 11:00:00,Annual,From 24 to 59 months,Females,From 20 to 64 years,Percentage,Malta,2016,20.2,,
ESTAT:LFSA_EGAD(1.0),17/04/26 11:00:00,Annual,From 24 to 59 months,Females,From 20 to 64 years,Percentage,Malta,2017,21.8,,
ESTAT:LFSA_EGAD(1.0),17/04/26 11:00:00,Annual,From 24 to 59 months,Females,From 20 to 64 years,Percentage,Malta,2018,21.8,,
ESTAT:LFSA_EGAD(1.0),17/04/26 11:00:00,Annual,From 24 to 59 months,Females,From 20 to 64 years,Percentage,Malta,2019,24.5,,
ESTAT:LFSA_EGAD(1.0),17/04/26 11:00:00,Annual,From 24 to 59 months,Females,From 20 to 64 years,Percentage,Malta,2020,25.3,,
ESTAT:LFSA_EGAD(1.0),17/04/26 11:00:00,Annual,From 24 to 59 months,Females,From 20 to 64 years,Percentage,Malta,2021,24.9,b,
ESTAT:LFSA_EGAD(1.0),17/04/26 11:00:00,Annual,From 24 to 59 months,Females,From 20 to 64 years,Percentage,Malta,2022,23.4,,
ESTAT:LFSA_EGAD(1.0),17/04/26 11:00:00,Annual,From 24 to 59 months,Females,From 20 to 64 years,Percentage,Malta,2023,22.9,,
ESTAT:LFSA_EGAD(1.0),17/04/26 11:00:00,Annual,From 24 to 59 months,Females,From 20 to 64 years,Percentage,Malta,2024,24.1,,
ESTAT:LFSA_EGAD(1.0),17/04/26 11:00:00,Annual,From 24 to 59 months,Females,From 20 to 64 years,Percentage,Malta,2025,25.3,,
ESTAT:LFSA_EGAD(1.0),17/04/26 11:00:00,Annual,From 24 to 59 months,Females,From 20 to 64 years,Percentage,Netherlands,2016,14.3,,
ESTAT:LFSA_EGAD(1.0),17/04/26 11:00:00,Annual,From 24 to 59 months,Females,From 20 to 64 years,Percentage,Netherlands,2017,14.7,,
ESTAT:LFSA_EGAD(1.0),17/04/26 11:00:00,Annual,From 24 to 59 months,Females,From 20 to 64 years,Percentage,Netherlands,2018,16.3,,
ESTAT:LFSA_EGAD(1.0),17/04/26 11:00:00,Annual,From 24 to 59 months,Females,From 20 to 64 years,Percentage,Netherlands,2019,17.1,,
ESTAT:LFSA_EGAD(1.0),17/04/26 11:00:00,Annual,From 24 to 59 months,Females,From 20 to 64 years,Percentage,Netherlands,2020,18.9,,
ESTAT:LFSA_EGAD(1.0),17/04/26 11:00:00,Annual,From 24 to 59 months,Females,From 20 to 64 years,Percentage,Netherlands,2021,20.7,b,
ESTAT:LFSA_EGAD(1.0),17/04/26 11:00:00,Annual,From 24 to 59 months,Females,From 20 to 64 years,Percentage,Netherlands,2022,19.6,,
ESTAT:LFSA_EGAD(1.0),17/04/26 11:00:00,Annual,From 24 to 59 months,Females,From 20 to 64 years,Percentage,Netherlands,2023,18.4,,
ESTAT:LFSA_EGAD(1.0),17/04/26 11:00:00,Annual,From 24 to 59 months,Females,From 20 to 64 years,Percentage,Netherlands,2024,19.0,,
ESTAT:LFSA_EGAD(1.0),17/04/26 11:00:00,Annual,From 24 to 59 months,Females,From 20 to 64 years,Percentage,Netherlands,2025,20.9,,
ESTAT:LFSA_EGAD(1.0),17/04/26 11:00:00,Annual,From 24 to 59 months,Females,From 20 to 64 years,Percentage,Norway,2016,22.5,,
ESTAT:LFSA_EGAD(1.0),17/04/26 11:00:00,Annual,From 24 to 59 months,Females,From 20 to 64 years,Percentage,Norway,2017,22.6,,
ESTAT:LFSA_EGAD(1.0),17/04/26 11:00:00,Annual,From 24 to 59 months,Females,From 20 to 64 years,Percentage,Norway,2018,22.2,,
ESTAT:LFSA_EGAD(1.0),17/04/26 11:00:00,Annual,From 24 to 59 months,Females,From 20 to 64 years,Percentage,Norway,2019,22.7,,
ESTAT:LFSA_EGAD(1.0),17/04/26 11:00:00,Annual,From 24 to 59 months,Females,From 20 to 64 years,Percentage,Norway,2020,23.3,,
ESTAT:LFSA_EGAD(1.0),17/04/26 11:00:00,Annual,From 24 to 59 months,Females,From 20 to 64 years,Percentage,Norway,2021,22.9,b,
ESTAT:LFSA_EGAD(1.0),17/04/26 11:00:00,Annual,From 24 to 59 months,Females,From 20 to 64 years,Percentage,Norway,2022,19.6,,
ESTAT:LFSA_EGAD(1.0),17/04/26 11:00:00,Annual,From 24 to 59 months,Females,From 20 to 64 years,Percentage,Norway,2023,19.0,,
ESTAT:LFSA_EGAD(1.0),17/04/26 11:00:00,Annual,From 24 to 59 months,Females,From 20 to 64 years,Percentage,Norway,2024,22.5,,
ESTAT:LFSA_EGAD(1.0),17/04/26 11:00:00,Annual,From 24 to 59 months,Females,From 20 to 64 years,Percentage,Norway,2025,25.8,,
ESTAT:LFSA_EGAD(1.0),17/04/26 11:00:00,Annual,From 24 to 59 months,Females,From 20 to 64 years,Percentage,Poland,2016,15.3,,
ESTAT:LFSA_EGAD(1.0),17/04/26 11:00:00,Annual,From 24 to 59 months,Females,From 20 to 64 years,Percentage,Poland,2017,16.1,,
ESTAT:LFSA_EGAD(1.0),17/04/26 11:00:00,Annual,From 24 to 59 months,Females,From 20 to 64 years,Percentage,Poland,2018,17.3,,
ESTAT:LFSA_EGAD(1.0),17/04/26 11:00:00,Annual,From 24 to 59 months,Females,From 20 to 64 years,Percentage,Poland,2019,17.6,b,
ESTAT:LFSA_EGAD(1.0),17/04/26 11:00:00,Annual,From 24 to 59 months,Females,From 20 to 64 years,Percentage,Poland,2020,18.3,,
ESTAT:LFSA_EGAD(1.0),17/04/26 11:00:00,Annual,From 24 to 59 months,Females,From 20 to 64 years,Percentage,Poland,2021,18.7,b,
ESTAT:LFSA_EGAD(1.0),17/04/26 11:00:00,Annual,From 24 to 59 months,Females,From 20 to 64 years,Percentage,Poland,2022,18.6,,
ESTAT:LFSA_EGAD(1.0),17/04/26 11:00:00,Annual,From 24 to 59 months,Females,From 20 to 64 years,Percentage,Poland,2023,17.4,,
ESTAT:LFSA_EGAD(1.0),17/04/26 11:00:00,Annual,From 24 to 59 months,Females,From 20 to 64 years,Percentage,Poland,2024,17.2,,
ESTAT:LFSA_EGAD(1.0),17/04/26 11:00:00,Annual,From 24 to 59 months,Females,From 20 to 64 years,Percentage,Poland,2025,17.2,,
ESTAT:LFSA_EGAD(1.0),17/04/26 11:00:00,Annual,From 24 to 59 months,Females,From 20 to 64 years,Percentage,Portugal,2016,12.5,,
ESTAT:LFSA_EGAD(1.0),17/04/26 11:00:00,Annual,From 24 to 59 months,Females,From 20 to 64 years,Percentage,Portugal,2017,13.6,,
ESTAT:LFSA_EGAD(1.0),17/04/26 11:00:00,Annual,From 24 to 59 months,Females,From 20 to 64 years,Percentage,Portugal,2018,14.4,,
ESTAT:LFSA_EGAD(1.0),17/04/26 11:00:00,Annual,From 24 to 59 months,Females,From 20 to 64 years,Percentage,Portugal,2019,15.1,,
ESTAT:LFSA_EGAD(1.0),17/04/26 11:00:00,Annual,From 24 to 59 months,Females,From 20 to 64 years,Percentage,Portugal,2020,16.1,,
ESTAT:LFSA_EGAD(1.0),17/04/26 11:00:00,Annual,From 24 to 59 months,Females,From 20 to 64 years,Percentage,Portugal,2021,16.0,b,
ESTAT:LFSA_EGAD(1.0),17/04/26 11:00:00,Annual,From 24 to 59 months,Females,From 20 to 64 years,Percentage,Portugal,2022,15.6,,
ESTAT:LFSA_EGAD(1.0),17/04/26 11:00:00,Annual,From 24 to 59 months,Females,From 20 to 64 years,Percentage,Portugal,2023,16.0,,
ESTAT:LFSA_EGAD(1.0),17/04/26 11:00:00,Annual,From 24 to 59 months,Females,From 20 to 64 years,Percentage,Portugal,2024,16.6,,
ESTAT:LFSA_EGAD(1.0),17/04/26 11:00:00,Annual,From 24 to 59 months,Females,From 20 to 64 years,Percentage,Portugal,2025,17.5,,
ESTAT:LFSA_EGAD(1.0),17/04/26 11:00:00,Annual,From 24 to 59 months,Females,From 20 to 64 years,Percentage,Romania,2016,21.0,,
ESTAT:LFSA_EGAD(1.0),17/04/26 11:00:00,Annual,From 24 to 59 months,Females,From 20 to 64 years,Percentage,Romania,2017,20.4,,
ESTAT:LFSA_EGAD(1.0),17/04/26 11:00:00,Annual,From 24 to 59 months,Females,From 20 to 64 years,Percentage,Romania,2018,23.5,,
ESTAT:LFSA_EGAD(1.0),17/04/26 11:00:00,Annual,From 24 to 59 months,Females,From 20 to 64 years,Percentage,Romania,2019,22.8,,
ESTAT:LFSA_EGAD(1.0),17/04/26 11:00:00,Annual,From 24 to 59 months,Females,From 20 to 64 years,Percentage,Romania,2020,21.4,,
ESTAT:LFSA_EGAD(1.0),17/04/26 11:00:00,Annual,From 24 to 59 months,Females,From 20 to 64 years,Percentage,Romania,2021,20.2,b,
ESTAT:LFSA_EGAD(1.0),17/04/26 11:00:00,Annual,From 24 to 59 months,Females,From 20 to 64 years,Percentage,Romania,2022,19.3,,
ESTAT:LFSA_EGAD(1.0),17/04/26 11:00:00,Annual,From 24 to 59 months,Females,From 20 to 64 years,Percentage,Romania,2023,16.0,,
ESTAT:LFSA_EGAD(1.0),17/04/26 11:00:00,Annual,From 24 to 59 months,Females,From 20 to 64 years,Percentage,Romania,2024,16.5,,
ESTAT:LFSA_EGAD(1.0),17/04/26 11:00:00,Annual,From 24 to 59 months,Females,From 20 to 64 years,Percentage,Romania,2025,14.5,,
ESTAT:LFSA_EGAD(1.0),17/04/26 11:00:00,Annual,From 24 to 59 months,Females,From 20 to 64 years,Percentage,Serbia,2016,14.6,,
ESTAT:LFSA_EGAD(1.0),17/04/26 11:00:00,Annual,From 24 to 59 months,Females,From 20 to 64 years,Percentage,Serbia,2017,13.6,,
ESTAT:LFSA_EGAD(1.0),17/04/26 11:00:00,Annual,From 24 to 59 months,Females,From 20 to 64 years,Percentage,Serbia,2018,14.0,,
ESTAT:LFSA_EGAD(1.0),17/04/26 11:00:00,Annual,From 24 to 59 months,Females,From 20 to 64 years,Percentage,Serbia,2019,15.8,,
ESTAT:LFSA_EGAD(1.0),17/04/26 11:00:00,Annual,From 24 to 59 months,Females,From 20 to 64 years,Percentage,Serbia,2020,16.7,,
ESTAT:LFSA_EGAD(1.0),17/04/26 11:00:00,Annual,From 24 to 59 months,Females,From 20 to 64 years,Percentage,Serbia,2021,17.6,b,
ESTAT:LFSA_EGAD(1.0),17/04/26 11:00:00,Annual,From 24 to 59 months,Females,From 20 to 64 years,Percentage,Serbia,2022,18.3,,
ESTAT:LFSA_EGAD(1.0),17/04/26 11:00:00,Annual,From 24 to 59 months,Females,From 20 to 64 years,Percentage,Serbia,2023,16.5,,
ESTAT:LFSA_EGAD(1.0),17/04/26 11:00:00,Annual,From 24 to 59 months,Females,From 20 to 64 years,Percentage,Serbia,2024,17.7,,
ESTAT:LFSA_EGAD(1.0),17/04/26 11:00:00,Annual,From 24 to 59 months,Females,From 20 to 64 years,Percentage,Serbia,2025,17.3,,
ESTAT:LFSA_EGAD(1.0),17/04/26 11:00:00,Annual,From 24 to 59 months,Females,From 20 to 64 years,Percentage,Sweden,2016,17.1,,
ESTAT:LFSA_EGAD(1.0),17/04/26 11:00:00,Annual,From 24 to 59 months,Females,From 20 to 64 years,Percentage,Sweden,2017,17.0,,
ESTAT:LFSA_EGAD(1.0),17/04/26 11:00:00,Annual,From 24 to 59 months,Females,From 20 to 64 years,Percentage,Sweden,2018,18.1,b,
ESTAT:LFSA_EGAD(1.0),17/04/26 11:00:00,Annual,From 24 to 59 months,Females,From 20 to 64 years,Percentage,Sweden,2019,19.1,,
ESTAT:LFSA_EGAD(1.0),17/04/26 11:00:00,Annual,From 24 to 59 months,Females,From 20 to 64 years,Percentage,Sweden,2020,21.2,,
ESTAT:LFSA_EGAD(1.0),17/04/26 11:00:00,Annual,From 24 to 59 months,Females,From 20 to 64 years,Percentage,Sweden,2021,20.8,b,
ESTAT:LFSA_EGAD(1.0),17/04/26 11:00:00,Annual,From 24 to 59 months,Females,From 20 to 64 years,Percentage,Sweden,2022,19.5,,
ESTAT:LFSA_EGAD(1.0),17/04/26 11:00:00,Annual,From 24 to 59 months,Females,From 20 to 64 years,Percentage,Sweden,2023,18.5,,
ESTAT:LFSA_EGAD(1.0),17/04/26 11:00:00,Annual,From 24 to 59 months,Females,From 20 to 64 years,Percentage,Sweden,2024,21.0,,
ESTAT:LFSA_EGAD(1.0),17/04/26 11:00:00,Annual,From 24 to 59 months,Females,From 20 to 64 years,Percentage,Sweden,2025,22.6,,
ESTAT:LFSA_EGAD(1.0),17/04/26 11:00:00,Annual,From 24 to 59 months,Females,From 20 to 64 years,Percentage,Slovenia,2016,13.3,,
ESTAT:LFSA_EGAD(1.0),17/04/26 11:00:00,Annual,From 24 to 59 months,Females,From 20 to 64 years,Percentage,Slovenia,2017,12.9,,
ESTAT:LFSA_EGAD(1.0),17/04/26 11:00:00,Annual,From 24 to 59 months,Females,From 20 to 64 years,Percentage,Slovenia,2018,13.5,,
ESTAT:LFSA_EGAD(1.0),17/04/26 11:00:00,Annual,From 24 to 59 months,Females,From 20 to 64 years,Percentage,Slovenia,2019,14.5,,
ESTAT:LFSA_EGAD(1.0),17/04/26 11:00:00,Annual,From 24 to 59 months,Females,From 20 to 64 years,Percentage,Slovenia,2020,15.5,,
ESTAT:LFSA_EGAD(1.0),17/04/26 11:00:00,Annual,From 24 to 59 months,Females,From 20 to 64 years,Percentage,Slovenia,2021,15.1,b,
ESTAT:LFSA_EGAD(1.0),17/04/26 11:00:00,Annual,From 24 to 59 months,Females,From 20 to 64 years,Percentage,Slovenia,2022,14.9,,
ESTAT:LFSA_EGAD(1.0),17/04/26 11:00:00,Annual,From 24 to 59 months,Females,From 20 to 64 years,Percentage,Slovenia,2023,15.4,,
ESTAT:LFSA_EGAD(1.0),17/04/26 11:00:00,Annual,From 24 to 59 months,Females,From 20 to 64 years,Percentage,Slovenia,2024,16.2,,
ESTAT:LFSA_EGAD(1.0),17/04/26 11:00:00,Annual,From 24 to 59 months,Females,From 20 to 64 years,Percentage,Slovenia,2025,16.0,,
ESTAT:LFSA_EGAD(1.0),17/04/26 11:00:00,Annual,From 24 to 59 months,Females,From 20 to 64 years,Percentage,Slovakia,2016,16.7,,
ESTAT:LFSA_EGAD(1.0),17/04/26 11:00:00,Annual,From 24 to 59 months,Females,From 20 to 64 years,Percentage,Slovakia,2017,16.7,,
ESTAT:LFSA_EGAD(1.0),17/04/26 11:00:00,Annual,From 24 to 59 months,Females,From 20 to 64 years,Percentage,Slovakia,2018,17.1,,
ESTAT:LFSA_EGAD(1.0),17/04/26 11:00:00,Annual,From 24 to 59 months,Females,From 20 to 64 years,Percentage,Slovakia,2019,18.0,,
ESTAT:LFSA_EGAD(1.0),17/04/26 11:00:00,Annual,From 24 to 59 months,Females,From 20 to 64 years,Percentage,Slovakia,2020,19.0,,
ESTAT:LFSA_EGAD(1.0),17/04/26 11:00:00,Annual,From 24 to 59 months,Females,From 20 to 64 years,Percentage,Slovakia,2021,17.6,b,
ESTAT:LFSA_EGAD(1.0),17/04/26 11:00:00,Annual,From 24 to 59 months,Females,From 20 to 64 years,Percentage,Slovakia,2022,19.4,,
ESTAT:LFSA_EGAD(1.0),17/04/26 11:00:00,Annual,From 24 to 59 months,Females,From 20 to 64 years,Percentage,Slovakia,2023,16.5,,
ESTAT:LFSA_EGAD(1.0),17/04/26 11:00:00,Annual,From 24 to 59 months,Females,From 20 to 64 years,Percentage,Slovakia,2024,17.3,,
ESTAT:LFSA_EGAD(1.0),17/04/26 11:00:00,Annual,From 24 to 59 months,Females,From 20 to 64 years,Percentage,Slovakia,2025,16.7,,
ESTAT:LFSA_EGAD(1.0),17/04/26 11:00:00,Annual,From 24 to 59 months,Females,From 20 to 64 years,Percentage,Türkiye,2016,17.8,,
ESTAT:LFSA_EGAD(1.0),17/04/26 11:00:00,Annual,From 24 to 59 months,Females,From 20 to 64 years,Percentage,Türkiye,2017,18.1,,
ESTAT:LFSA_EGAD(1.0),17/04/26 11:00:00,Annual,From 24 to 59 months,Females,From 20 to 64 years,Percentage,Türkiye,2018,18.0,,
ESTAT:LFSA_EGAD(1.0),17/04/26 11:00:00,Annual,From 24 to 59 months,Females,From 20 to 64 years,Percentage,Türkiye,2019,17.6,,
ESTAT:LFSA_EGAD(1.0),17/04/26 11:00:00,Annual,From 24 to 59 months,Females,From 20 to 64 years,Percentage,Türkiye,2020,19.2,,
ESTAT:LFSA_EGAD(1.0),17/04/26 11:00:00,Annual,From 24 to 59 months,Females,From 20 to 64 years,Percentage,Türkiye,2021,18.8,b,
ESTAT:LFSA_EGAD(1.0),17/04/26 11:00:00,Annual,From 24 to 59 months,Females,From 20 to 64 years,Percentage,Türkiye,2022,17.4,,
ESTAT:LFSA_EGAD(1.0),17/04/26 11:00:00,Annual,From 24 to 59 months,Females,From 20 to 64 years,Percentage,Türkiye,2023,15.8,,
ESTAT:LFSA_EGAD(1.0),17/04/26 11:00:00,Annual,From 24 to 59 months,Females,From 20 to 64 years,Percentage,Türkiye,2024,16.5,,
ESTAT:LFSA_EGAD(1.0),17/04/26 11:00:00,Annual,From 24 to 59 months,Females,From 20 to 64 years,Percentage,Türkiye,2025,17.4,,
ESTAT:LFSA_EGAD(1.0),17/04/26 11:00:00,Annual,From 24 to 59 months,Females,From 20 to 64 years,Percentage,United Kingdom,2016,19.8,,
ESTAT:LFSA_EGAD(1.0),17/04/26 11:00:00,Annual,From 24 to 59 months,Females,From 20 to 64 years,Percentage,United Kingdom,2017,20.2,,
ESTAT:LFSA_EGAD(1.0),17/04/26 11:00:00,Annual,From 24 to 59 months,Females,From 20 to 64 years,Percentage,United Kingdom,2018,20.5,,
ESTAT:LFSA_EGAD(1.0),17/04/26 11:00:00,Annual,From 24 to 59 months,Females,From 20 to 64 years,Percentage,United Kingdom,2019,21.1,,
ESTAT:LFSA_EGAD(1.0),17/04/26 11:00:00,Annual,From 24 to 59 months,Males,From 20 to 64 years,Percentage,Austria,2016,15.2,,
ESTAT:LFSA_EGAD(1.0),17/04/26 11:00:00,Annual,From 24 to 59 months,Males,From 20 to 64 years,Percentage,Austria,2017,14.9,,
ESTAT:LFSA_EGAD(1.0),17/04/26 11:00:00,Annual,From 24 to 59 months,Males,From 20 to 64 years,Percentage,Austria,2018,15.3,,
ESTAT:LFSA_EGAD(1.0),17/04/26 11:00:00,Annual,From 24 to 59 months,Males,From 20 to 64 years,Percentage,Austria,2019,14.9,,
ESTAT:LFSA_EGAD(1.0),17/04/26 11:00:00,Annual,From 24 to 59 months,Males,From 20 to 64 years,Percentage,Austria,2020,16.4,,
ESTAT:LFSA_EGAD(1.0),17/04/26 11:00:00,Annual,From 24 to 59 months,Males,From 20 to 64 years,Percentage,Austria,2021,16.6,b,
ESTAT:LFSA_EGAD(1.0),17/04/26 11:00:00,Annual,From 24 to 59 months,Males,From 20 to 64 years,Percentage,Austria,2022,16.3,,
ESTAT:LFSA_EGAD(1.0),17/04/26 11:00:00,Annual,From 24 to 59 months,Males,From 20 to 64 years,Percentage,Austria,2023,15.9,,
ESTAT:LFSA_EGAD(1.0),17/04/26 11:00:00,Annual,From 24 to 59 months,Males,From 20 to 64 years,Percentage,Austria,2024,15.9,,
ESTAT:LFSA_EGAD(1.0),17/04/26 11:00:00,Annual,From 24 to 59 months,Males,From 20 to 64 years,Percentage,Austria,2025,17.0,,
ESTAT:LFSA_EGAD(1.0),17/04/26 11:00:00,Annual,From 24 to 59 months,Males,From 20 to 64 years,Percentage,Bosnia and Herzegovina,2021,21.9,b,
ESTAT:LFSA_EGAD(1.0),17/04/26 11:00:00,Annual,From 24 to 59 months,Males,From 20 to 64 years,Percentage,Bosnia and Herzegovina,2022,20.2,,
ESTAT:LFSA_EGAD(1.0),17/04/26 11:00:00,Annual,From 24 to 59 months,Males,From 20 to 64 years,Percentage,Bosnia and Herzegovina,2023,18.0,,
ESTAT:LFSA_EGAD(1.0),17/04/26 11:00:00,Annual,From 24 to 59 months,Males,From 20 to 64 years,Percentage,Bosnia and Herzegovina,2024,17.6,,
ESTAT:LFSA_EGAD(1.0),17/04/26 11:00:00,Annual,From 24 to 59 months,Males,From 20 to 64 years,Percentage,Bosnia and Herzegovina,2025,14.7,,
ESTAT:LFSA_EGAD(1.0),17/04/26 11:00:00,Annual,From 24 to 59 months,Males,From 20 to 64 years,Percentage,Belgium,2016,15.0,,
ESTAT:LFSA_EGAD(1.0),17/04/26 11:00:00,Annual,From 24 to 59 months,Males,From 20 to 64 years,Percentage,Belgium,2017,15.2,b,
ESTAT:LFSA_EGAD(1.0),17/04/26 11:00:00,Annual,From 24 to 59 months,Males,From 20 to 64 years,Percentage,Belgium,2018,15.8,,
ESTAT:LFSA_EGAD(1.0),17/04/26 11:00:00,Annual,From 24 to 59 months,Males,From 20 to 64 years,Percentage,Belgium,2019,16.7,,
ESTAT:LFSA_EGAD(1.0),17/04/26 11:00:00,Annual,From 24 to 59 months,Males,From 20 to 64 years,Percentage,Belgium,2020,17.5,,
ESTAT:LFSA_EGAD(1.0),17/04/26 11:00:00,Annual,From 24 to 59 months,Males,From 20 to 64 years,Percentage,Belgium,2021,17.4,b,
ESTAT:LFSA_EGAD(1.0),17/04/26 11:00:00,Annual,From 24 to 59 months,Males,From 20 to 64 years,Percentage,Belgium,2022,16.6,,
ESTAT:LFSA_EGAD(1.0),17/04/26 11:00:00,Annual,From 24 to 59 months,Males,From 20 to 64 years,Percentage,Belgium,2023,15.7,,
ESTAT:LFSA_EGAD(1.0),17/04/26 11:00:00,Annual,From 24 to 59 months,Males,From 20 to 64 years,Percentage,Belgium,2024,16.2,,
ESTAT:LFSA_EGAD(1.0),17/04/26 11:00:00,Annual,From 24 to 59 months,Males,From 20 to 64 years,Percentage,Belgium,2025,15.7,,
ESTAT:LFSA_EGAD(1.0),17/04/26 11:00:00,Annual,From 24 to 59 months,Males,From 20 to 64 years,Percentage,Bulgaria,2016,18.5,,
ESTAT:LFSA_EGAD(1.0),17/04/26 11:00:00,Annual,From 24 to 59 months,Males,From 20 to 64 years,Percentage,Bulgaria,2017,17.6,,
ESTAT:LFSA_EGAD(1.0),17/04/26 11:00:00,Annual,From 24 to 59 months,Males,From 20 to 64 years,Percentage,Bulgaria,2018,19.1,,
ESTAT:LFSA_EGAD(1.0),17/04/26 11:00:00,Annual,From 24 to 59 months,Males,From 20 to 64 years,Percentage,Bulgaria,2019,18.9,b,
ESTAT:LFSA_EGAD(1.0),17/04/26 11:00:00,Annual,From 24 to 59 months,Males,From 20 to 64 years,Percentage,Bulgaria,2020,18.0,,
ESTAT:LFSA_EGAD(1.0),17/04/26 11:00:00,Annual,From 24 to 59 months,Males,From 20 to 64 years,Percentage,Bulgaria,2021,17.5,b,
ESTAT:LFSA_EGAD(1.0),17/04/26 11:00:00,Annual,From 24 to 59 months,Males,From 20 to 64 years,Percentage,Bulgaria,2022,17.1,,
ESTAT:LFSA_EGAD(1.0),17/04/26 11:00:00,Annual,From 24 to 59 months,Males,From 20 to 64 years,Percentage,Bulgaria,2023,15.8,,
ESTAT:LFSA_EGAD(1.0),17/04/26 11:00:00,Annual,From 24 to 59 months,Males,From 20 to 64 years,Percentage,Bulgaria,2024,16.0,b,
ESTAT:LFSA_EGAD(1.0),17/04/26 11:00:00,Annual,From 24 to 59 months,Males,From 20 to 64 years,Percentage,Bulgaria,2025,15.4,,
ESTAT:LFSA_EGAD(1.0),17/04/26 11:00:00,Annual,From 24 to 59 months,Males,From 20 to 64 years,Percentage,Switzerland,2016,18.5,,
ESTAT:LFSA_EGAD(1.0),17/04/26 11:00:00,Annual,From 24 to 59 months,Males,From 20 to 64 years,Percentage,Switzerland,2017,18.1,,
ESTAT:LFSA_EGAD(1.0),17/04/26 11:00:00,Annual,From 24 to 59 months,Males,From 20 to 64 years,Percentage,Switzerland,2018,18.1,,
ESTAT:LFSA_EGAD(1.0),17/04/26 11:00:00,Annual,From 24 to 59 months,Males,From 20 to 64 years,Percentage,Switzerland,2019,18.0,,
ESTAT:LFSA_EGAD(1.0),17/04/26 11:00:00,Annual,From 24 to 59 months,Males,From 20 to 64 years,Percentage,Switzerland,2020,18.3,,
ESTAT:LFSA_EGAD(1.0),17/04/26 11:00:00,Annual,From 24 to 59 months,Males,From 20 to 64 years,Percentage,Switzerland,2021,19.1,b,
ESTAT:LFSA_EGAD(1.0),17/04/26 11:00:00,Annual,From 24 to 59 months,Males,From 20 to 64 years,Percentage,Switzerland,2022,19.6,,
ESTAT:LFSA_EGAD(1.0),17/04/26 11:00:00,Annual,From 24 to 59 months,Males,From 20 to 64 years,Percentage,Switzerland,2023,18.6,,
ESTAT:LFSA_EGAD(1.0),17/04/26 11:00:00,Annual,From 24 to 59 months,Males,From 20 to 64 years,Percentage,Switzerland,2024,18.4,,
ESTAT:LFSA_EGAD(1.0),17/04/26 11:00:00,Annual,From 24 to 59 months,Males,From 20 to 64 years,Percentage,Switzerland,2025,19.8,,
ESTAT:LFSA_EGAD(1.0),17/04/26 11:00:00,Annual,From 24 to 59 months,Males,From 20 to 64 years,Percentage,Cyprus,2016,13.4,,
ESTAT:LFSA_EGAD(1.0),17/04/26 11:00:00,Annual,From 24 to 59 months,Males,From 20 to 64 years,Percentage,Cyprus,2017,13.6,,
ESTAT:LFSA_EGAD(1.0),17/04/26 11:00:00,Annual,From 24 to 59 months,Males,From 20 to 64 years,Percentage,Cyprus,2018,15.0,,
ESTAT:LFSA_EGAD(1.0),17/04/26 11:00:00,Annual,From 24 to 59 months,Males,From 20 to 64 years,Percentage,Cyprus,2019,19.8,,
ESTAT:LFSA_EGAD(1.0),17/04/26 11:00:00,Annual,From 24 to 59 months,Males,From 20 to 64 years,Percentage,Cyprus,2020,20.0,,
ESTAT:LFSA_EGAD(1.0),17/04/26 11:00:00,Annual,From 24 to 59 months,Males,From 20 to 64 years,Percentage,Cyprus,2021,19.9,b,
ESTAT:LFSA_EGAD(1.0),17/04/26 11:00:00,Annual,From 24 to 59 months,Males,From 20 to 64 years,Percentage,Cyprus,2022,19.2,,
ESTAT:LFSA_EGAD(1.0),17/04/26 11:00:00,Annual,From 24 to 59 months,Males,From 20 to 64 years,Percentage,Cyprus,2023,16.5,,
ESTAT:LFSA_EGAD(1.0),17/04/26 11:00:00,Annual,From 24 to 59 months,Males,From 20 to 64 years,Percentage,Cyprus,2024,16.4,,
ESTAT:LFSA_EGAD(1.0),17/04/26 11:00:00,Annual,From 24 to 59 months,Males,From 20 to 64 years,Percentage,Cyprus,2025,19.3,,
ESTAT:LFSA_EGAD(1.0),17/04/26 11:00:00,Annual,From 24 to 59 months,Males,From 20 to 64 years,Percentage,Czechia,2016,14.5,,
ESTAT:LFSA_EGAD(1.0),17/04/26 11:00:00,Annual,From 24 to 59 months,Males,From 20 to 64 years,Percentage,Czechia,2017,16.1,,
ESTAT:LFSA_EGAD(1.0),17/04/26 11:00:00,Annual,From 24 to 59 months,Males,From 20 to 64 years,Percentage,Czechia,2018,17.3,,
ESTAT:LFSA_EGAD(1.0),17/04/26 11:00:00,Annual,From 24 to 59 months,Males,From 20 to 64 years,Percentage,Czechia,2019,17.5,,
ESTAT:LFSA_EGAD(1.0),17/04/26 11:00:00,Annual,From 24 to 59 months,Males,From 20 to 64 years,Percentage,Czechia,2020,16.7,,
ESTAT:LFSA_EGAD(1.0),17/04/26 11:00:00,Annual,From 24 to 59 months,Males,From 20 to 64 years,Percentage,Czechia,2021,17.0,b,
ESTAT:LFSA_EGAD(1.0),17/04/26 11:00:00,Annual,From 24 to 59 months,Males,From 20 to 64 years,Percentage,Czechia,2022,16.5,,
ESTAT:LFSA_EGAD(1.0),17/04/26 11:00:00,Annual,From 24 to 59 months,Males,From 20 to 64 years,Percentage,Czechia,2023,15.1,,
ESTAT:LFSA_EGAD(1.0),17/04/26 11:00:00,Annual,From 24 to 59 months,Males,From 20 to 64 years,Percentage,Czechia,2024,15.0,,
ESTAT:LFSA_EGAD(1.0),17/04/26 11:00:00,Annual,From 24 to 59 months,Males,From 20 to 64 years,Percentage,Czechia,2025,14.3,,
ESTAT:LFSA_EGAD(1.0),17/04/26 11:00:00,Annual,From 24 to 59 months,Males,From 20 to 64 years,Percentage,Germany,2016,14.8,,
ESTAT:LFSA_EGAD(1.0),17/04/26 11:00:00,Annual,From 24 to 59 months,Males,From 20 to 64 years,Percentage,Germany,2017,15.1,,
ESTAT:LFSA_EGAD(1.0),17/04/26 11:00:00,Annual,From 24 to 59 months,Males,From 20 to 64 years,Percentage,Germany,2018,15.7,,
ESTAT:LFSA_EGAD(1.0),17/04/26 11:00:00,Annual,From 24 to 59 months,Males,From 20 to 64 years,Percentage,Germany,2019,15.6,,
ESTAT:LFSA_EGAD(1.0),17/04/26 11:00:00,Annual,From 24 to 59 months,Males,From 20 to 64 years,Percentage,Germany,2020,16.3,b,
ESTAT:LFSA_EGAD(1.0),17/04/26 11:00:00,Annual,From 24 to 59 months,Males,From 20 to 64 years,Percentage,Germany,2021,16.8,b,
ESTAT:LFSA_EGAD(1.0),17/04/26 11:00:00,Annual,From 24 to 59 months,Males,From 20 to 64 years,Percentage,Germany,2022,16.9,,
ESTAT:LFSA_EGAD(1.0),17/04/26 11:00:00,Annual,From 24 to 59 months,Males,From 20 to 64 years,Percentage,Germany,2023,16.1,,
ESTAT:LFSA_EGAD(1.0),17/04/26 11:00:00,Annual,From 24 to 59 months,Males,From 20 to 64 years,Percentage,Germany,2024,16.5,,
ESTAT:LFSA_EGAD(1.0),17/04/26 11:00:00,Annual,From 24 to 59 months,Males,From 20 to 64 years,Percentage,Germany,2025,17.4,,
ESTAT:LFSA_EGAD(1.0),17/04/26 11:00:00,Annual,From 24 to 59 months,Males,From 20 to 64 years,Percentage,Denmark,2016,18.4,b,
ESTAT:LFSA_EGAD(1.0),17/04/26 11:00:00,Annual,From 24 to 59 months,Males,From 20 to 64 years,Percentage,Denmark,2017,19.1,b,
ESTAT:LFSA_EGAD(1.0),17/04/26 11:00:00,Annual,From 24 to 59 months,Males,From 20 to 64 years,Percentage,Denmark,2018,20.9,,
ESTAT:LFSA_EGAD(1.0),17/04/26 11:00:00,Annual,From 24 to 59 months,Males,From 20 to 64 years,Percentage,Denmark,2019,21.5,,
ESTAT:LFSA_EGAD(1.0),17/04/26 11:00:00,Annual,From 24 to 59 months,Males,From 20 to 64 years,Percentage,Denmark,2020,23.2,,
ESTAT:LFSA_EGAD(1.0),17/04/26 11:00:00,Annual,From 24 to 59 months,Males,From 20 to 64 years,Percentage,Denmark,2021,21.8,b,
ESTAT:LFSA_EGAD(1.0),17/04/26 11:00:00,Annual,From 24 to 59 months,Males,From 20 to 64 years,Percentage,Denmark,2022,20.4,,
ESTAT:LFSA_EGAD(1.0),17/04/26 11:00:00,Annual,From 24 to 59 months,Males,From 20 to 64 years,Percentage,Denmark,2023,20.3,b,
ESTAT:LFSA_EGAD(1.0),17/04/26 11:00:00,Annual,From 24 to 59 months,Males,From 20 to 64 years,Percentage,Denmark,2024,21.7,,
ESTAT:LFSA_EGAD(1.0),17/04/26 11:00:00,Annual,From 24 to 59 months,Males,From 20 to 64 years,Percentage,Denmark,2025,21.8,,
ESTAT:LFSA_EGAD(1.0),17/04/26 11:00:00,Annual,From 24 to 59 months,Males,From 20 to 64 years,Percentage,Euro area – 21 countries (from 2026),2016,13.9,,
ESTAT:LFSA_EGAD(1.0),17/04/26 11:00:00,Annual,From 24 to 59 months,Males,From 20 to 64 years,Percentage,Euro area – 21 countries (from 2026),2017,14.2,,
ESTAT:LFSA_EGAD(1.0),17/04/26 11:00:00,Annual,From 24 to 59 months,Males,From 20 to 64 years,Percentage,Euro area – 21 countries (from 2026),2018,15.1,,
ESTAT:LFSA_EGAD(1.0),17/04/26 11:00:00,Annual,From 24 to 59 months,Males,From 20 to 64 years,Percentage,Euro area – 21 countries (from 2026),2019,15.5,,
ESTAT:LFSA_EGAD(1.0),17/04/26 11:00:00,Annual,From 24 to 59 months,Males,From 20 to 64 years,Percentage,Euro area – 21 countries (from 2026),2020,16.2,,
ESTAT:LFSA_EGAD(1.0),17/04/26 11:00:00,Annual,From 24 to 59 months,Males,From 20 to 64 years,Percentage,Euro area – 21 countries (from 2026),2021,16.7,b,
ESTAT:LFSA_EGAD(1.0),17/04/26 11:00:00,Annual,From 24 to 59 months,Males,From 20 to 64 years,Percentage,Euro area – 21 countries (from 2026),2022,16.4,,
ESTAT:LFSA_EGAD(1.0),17/04/26 11:00:00,Annual,From 24 to 59 months,Males,From 20 to 64 years,Percentage,Euro area – 21 countries (from 2026),2023,15.6,,
ESTAT:LFSA_EGAD(1.0),17/04/26 11:00:00,Annual,From 24 to 59 months,Males,From 20 to 64 years,Percentage,Euro area – 21 countries (from 2026),2024,16.2,,
ESTAT:LFSA_EGAD(1.0),17/04/26 11:00:00,Annual,From 24 to 59 months,Males,From 20 to 64 years,Percentage,Euro area – 21 countries (from 2026),2025,17.4,,
ESTAT:LFSA_EGAD(1.0),17/04/26 11:00:00,Annual,From 24 to 59 months,Males,From 20 to 64 years,Percentage,Estonia,2016,21.7,,
ESTAT:LFSA_EGAD(1.0),17/04/26 11:00:00,Annual,From 24 to 59 months,Males,From 20 to 64 years,Percentage,Estonia,2017,19.9,,
ESTAT:LFSA_EGAD(1.0),17/04/26 11:00:00,Annual,From 24 to 59 months,Males,From 20 to 64 years,Percentage,Estonia,2018,19.7,,
ESTAT:LFSA_EGAD(1.0),17/04/26 11:00:00,Annual,From 24 to 59 months,Males,From 20 to 64 years,Percentage,Estonia,2019,21.0,,
ESTAT:LFSA_EGAD(1.0),17/04/26 11:00:00,Annual,From 24 to 59 months,Males,From 20 to 64 years,Percentage,Estonia,2020,21.8,,
ESTAT:LFSA_EGAD(1.0),17/04/26 11:00:00,Annual,From 24 to 59 months,Males,From 20 to 64 years,Percentage,Estonia,2021,21.8,b,
ESTAT:LFSA_EGAD(1.0),17/04/26 11:00:00,Annual,From 24 to 59 months,Males,From 20 to 64 years,Percentage,Estonia,2022,21.1,,
ESTAT:LFSA_EGAD(1.0),17/04/26 11:00:00,Annual,From 24 to 59 months,Males,From 20 to 64 years,Percentage,Estonia,2023,20.4,,
ESTAT:LFSA_EGAD(1.0),17/04/26 11:00:00,Annual,From 24 to 59 months,Males,From 20 to 64 years,Percentage,Estonia,2024,19.9,,
ESTAT:LFSA_EGAD(1.0),17/04/26 11:00:00,Annual,From 24 to 59 months,Males,From 20 to 64 years,Percentage,Estonia,2025,19.7,,
ESTAT:LFSA_EGAD(1.0),17/04/26 11:00:00,Annual,From 24 to 59 months,Males,From 20 to 64 years,Percentage,Greece,2016,11.9,,
ESTAT:LFSA_EGAD(1.0),17/04/26 11:00:00,Annual,From 24 to 59 months,Males,From 20 to 64 years,Percentage,Greece,2017,12.3,,
ESTAT:LFSA_EGAD(1.0),17/04/26 11:00:00,Annual,From 24 to 59 months,Males,From 20 to 64 years,Percentage,Greece,2018,13.1,,
ESTAT:LFSA_EGAD(1.0),17/04/26 11:00:00,Annual,From 24 to 59 months,Males,From 20 to 64 years,Percentage,Greece,2019,13.2,,
ESTAT:LFSA_EGAD(1.0),17/04/26 11:00:00,Annual,From 24 to 59 months,Males,From 20 to 64 years,Percentage,Greece,2020,12.8,,
ESTAT:LFSA_EGAD(1.0),17/04/26 11:00:00,Annual,From 24 to 59 months,Males,From 20 to 64 years,Percentage,Greece,2021,12.9,b,
ESTAT:LFSA_EGAD(1.0),17/04/26 11:00:00,Annual,From 24 to 59 months,Males,From 20 to 64 years,Percentage,Greece,2022,12.5,,
ESTAT:LFSA_EGAD(1.0),17/04/26 11:00:00,Annual,From 24 to 59 months,Males,From 20 to 64 years,Percentage,Greece,2023,12.2,,
ESTAT:LFSA_EGAD(1.0),17/04/26 11:00:00,Annual,From 24 to 59 months,Males,From 20 to 64 years,Percentage,Greece,2024,13.4,,
ESTAT:LFSA_EGAD(1.0),17/04/26 11:00:00,Annual,From 24 to 59 months,Males,From 20 to 64 years,Percentage,Greece,2025,14.8,,
ESTAT:LFSA_EGAD(1.0),17/04/26 11:00:00,Annual,From 24 to 59 months,Males,From 20 to 64 years,Percentage,Spain,2016,12.0,,
ESTAT:LFSA_EGAD(1.0),17/04/26 11:00:00,Annual,From 24 to 59 months,Males,From 20 to 64 years,Percentage,Spain,2017,13.1,,
ESTAT:LFSA_EGAD(1.0),17/04/26 11:00:00,Annual,From 24 to 59 months,Males,From 20 to 64 years,Percentage,Spain,2018,14.7,,
ESTAT:LFSA_EGAD(1.0),17/04/26 11:00:00,Annual,From 24 to 59 months,Males,From 20 to 64 years,Percentage,Spain,2019,15.6,,
ESTAT:LFSA_EGAD(1.0),17/04/26 11:00:00,Annual,From 24 to 59 months,Males,From 20 to 64 years,Percentage,Spain,2020,15.9,,
ESTAT:LFSA_EGAD(1.0),17/04/26 11:00:00,Annual,From 24 to 59 months,Males,From 20 to 64 years,Percentage,Spain,2021,15.8,bd,
ESTAT:LFSA_EGAD(1.0),17/04/26 11:00:00,Annual,From 24 to 59 months,Males,From 20 to 64 years,Percentage,Spain,2022,15.5,d,
ESTAT:LFSA_EGAD(1.0),17/04/26 11:00:00,Annual,From 24 to 59 months,Males,From 20 to 64 years,Percentage,Spain,2023,14.8,d,
ESTAT:LFSA_EGAD(1.0),17/04/26 11:00:00,Annual,From 24 to 59 months,Males,From 20 to 64 years,Percentage,Spain,2024,15.5,d,
ESTAT:LFSA_EGAD(1.0),17/04/26 11:00:00,Annual,From 24 to 59 months,Males,From 20 to 64 years,Percentage,Spain,2025,17.0,d,
ESTAT:LFSA_EGAD(1.0),17/04/26 11:00:00,Annual,From 24 to 59 months,Males,From 20 to 64 years,Percentage,European Union - 27 countries (from 2020),2016,14.7,,
ESTAT:LFSA_EGAD(1.0),17/04/26 11:00:00,Annual,From 24 to 59 months,Males,From 20 to 64 years,Percentage,European Union - 27 countries (from 2020),2017,15.0,,
ESTAT:LFSA_EGAD(1.0),17/04/26 11:00:00,Annual,From 24 to 59 months,Males,From 20 to 64 years,Percentage,European Union - 27 countries (from 2020),2018,16.0,,
ESTAT:LFSA_EGAD(1.0),17/04/26 11:00:00,Annual,From 24 to 59 months,Males,From 20 to 64 years,Percentage,European Union - 27 countries (from 2020),2019,16.4,,
ESTAT:LFSA_EGAD(1.0),17/04/26 11:00:00,Annual,From 24 to 59 months,Males,From 20 to 64 years,Percentage,European Union - 27 countries (from 2020),2020,17.0,,
ESTAT:LFSA_EGAD(1.0),17/04/26 11:00:00,Annual,From 24 to 59 months,Males,From 20 to 64 years,Percentage,European Union - 27 countries (from 2020),2021,17.2,b,
ESTAT:LFSA_EGAD(1.0),17/04/26 11:00:00,Annual,From 24 to 59 months,Males,From 20 to 64 years,Percentage,European Union - 27 countries (from 2020),2022,16.8,,
ESTAT:LFSA_EGAD(1.0),17/04/26 11:00:00,Annual,From 24 to 59 months,Males,From 20 to 64 years,Percentage,European Union - 27 countries (from 2020),2023,15.9,,
ESTAT:LFSA_EGAD(1.0),17/04/26 11:00:00,Annual,From 24 to 59 months,Males,From 20 to 64 years,Percentage,European Union - 27 countries (from 2020),2024,16.4,,
ESTAT:LFSA_EGAD(1.0),17/04/26 11:00:00,Annual,From 24 to 59 months,Males,From 20 to 64 years,Percentage,European Union - 27 countries (from 2020),2025,17.2,,
ESTAT:LFSA_EGAD(1.0),17/04/26 11:00:00,Annual,From 24 to 59 months,Males,From 20 to 64 years,Percentage,Finland,2016,15.3,,
ESTAT:LFSA_EGAD(1.0),17/04/26 11:00:00,Annual,From 24 to 59 months,Males,From 20 to 64 years,Percentage,Finland,2017,14.4,,
ESTAT:LFSA_EGAD(1.0),17/04/26 11:00:00,Annual,From 24 to 59 months,Males,From 20 to 64 years,Percentage,Finland,2018,14.9,,
ESTAT:LFSA_EGAD(1.0),17/04/26 11:00:00,Annual,From 24 to 59 months,Males,From 20 to 64 years,Percentage,Finland,2019,16.8,,
ESTAT:LFSA_EGAD(1.0),17/04/26 11:00:00,Annual,From 24 to 59 months,Males,From 20 to 64 years,Percentage,Finland,2020,18.8,,
ESTAT:LFSA_EGAD(1.0),17/04/26 11:00:00,Annual,From 24 to 59 months,Males,From 20 to 64 years,Percentage,Finland,2021,19.0,b,
ESTAT:LFSA_EGAD(1.0),17/04/26 11:00:00,Annual,From 24 to 59 months,Males,From 20 to 64 years,Percentage,Finland,2022,18.3,,
ESTAT:LFSA_EGAD(1.0),17/04/26 11:00:00,Annual,From 24 to 59 months,Males,From 20 to 64 years,Percentage,Finland,2023,17.6,,
ESTAT:LFSA_EGAD(1.0),17/04/26 11:00:00,Annual,From 24 to 59 months,Males,From 20 to 64 years,Percentage,Finland,2024,18.7,,
ESTAT:LFSA_EGAD(1.0),17/04/26 11:00:00,Annual,From 24 to 59 months,Males,From 20 to 64 years,Percentage,Finland,2025,20.4,,
ESTAT:LFSA_EGAD(1.0),17/04/26 11:00:00,Annual,From 24 to 59 months,Males,From 20 to 64 years,Percentage,France,2016,13.7,,
ESTAT:LFSA_EGAD(1.0),17/04/26 11:00:00,Annual,From 24 to 59 months,Males,From 20 to 64 years,Percentage,France,2017,13.9,,
ESTAT:LFSA_EGAD(1.0),17/04/26 11:00:00,Annual,From 24 to 59 months,Males,From 20 to 64 years,Percentage,France,2018,14.4,,
ESTAT:LFSA_EGAD(1.0),17/04/26 11:00:00,Annual,From 24 to 59 months,Males,From 20 to 64 years,Percentage,France,2019,14.9,,
ESTAT:LFSA_EGAD(1.0),17/04/26 11:00:00,Annual,From 24 to 59 months,Males,From 20 to 64 years,Percentage,France,2020,16.1,,
ESTAT:LFSA_EGAD(1.0),17/04/26 11:00:00,Annual,From 24 to 59 months,Males,From 20 to 64 years,Percentage,France,2021,16.8,bd,
ESTAT:LFSA_EGAD(1.0),17/04/26 11:00:00,Annual,From 24 to 59 months,Males,From 20 to 64 years,Percentage,France,2022,16.8,d,
ESTAT:LFSA_EGAD(1.0),17/04/26 11:00:00,Annual,From 24 to 59 months,Males,From 20 to 64 years,Percentage,France,2023,15.6,d,
ESTAT:LFSA_EGAD(1.0),17/04/26 11:00:00,Annual,From 24 to 59 months,Males,From 20 to 64 years,Percentage,France,2024,16.0,d,
ESTAT:LFSA_EGAD(1.0),17/04/26 11:00:00,Annual,From 24 to 59 months,Males,From 20 to 64 years,Percentage,France,2025,17.8,d,
ESTAT:LFSA_EGAD(1.0),17/04/26 11:00:00,Annual,From 24 to 59 months,Males,From 20 to 64 years,Percentage,Croatia,2016,13.4,,
ESTAT:LFSA_EGAD(1.0),17/04/26 11:00:00,Annual,From 24 to 59 months,Males,From 20 to 64 years,Percentage,Croatia,2017,14.9,,
ESTAT:LFSA_EGAD(1.0),17/04/26 11:00:00,Annual,From 24 to 59 months,Males,From 20 to 64 years,Percentage,Croatia,2018,16.3,,
ESTAT:LFSA_EGAD(1.0),17/04/26 11:00:00,Annual,From 24 to 59 months,Males,From 20 to 64 years,Percentage,Croatia,2019,18.6,,
ESTAT:LFSA_EGAD(1.0),17/04/26 11:00:00,Annual,From 24 to 59 months,Males,From 20 to 64 years,Percentage,Croatia,2020,19.0,,
ESTAT:LFSA_EGAD(1.0),17/04/26 11:00:00,Annual,From 24 to 59 months,Males,From 20 to 64 years,Percentage,Croatia,2021,18.3,b,
ESTAT:LFSA_EGAD(1.0),17/04/26 11:00:00,Annual,From 24 to 59 months,Males,From 20 to 64 years,Percentage,Croatia,2022,18.0,,
ESTAT:LFSA_EGAD(1.0),17/04/26 11:00:00,Annual,From 24 to 59 months,Males,From 20 to 64 years,Percentage,Croatia,2023,16.5,,
ESTAT:LFSA_EGAD(1.0),17/04/26 11:00:00,Annual,From 24 to 59 months,Males,From 20 to 64 years,Percentage,Croatia,2024,17.0,,
ESTAT:LFSA_EGAD(1.0),17/04/26 11:00:00,Annual,From 24 to 59 months,Males,From 20 to 64 years,Percentage,Croatia,2025,17.0,,
ESTAT:LFSA_EGAD(1.0),17/04/26 11:00:00,Annual,From 24 to 59 months,Males,From 20 to 64 years,Percentage,Hungary,2016,19.1,,
ESTAT:LFSA_EGAD(1.0),17/04/26 11:00:00,Annual,From 24 to 59 months,Males,From 20 to 64 years,Percentage,Hungary,2017,19.8,,
ESTAT:LFSA_EGAD(1.0),17/04/26 11:00:00,Annual,From 24 to 59 months,Males,From 20 to 64 years,Percentage,Hungary,2018,20.4,b,
ESTAT:LFSA_EGAD(1.0),17/04/26 11:00:00,Annual,From 24 to 59 months,Males,From 20 to 64 years,Percentage,Hungary,2019,19.9,,
ESTAT:LFSA_EGAD(1.0),17/04/26 11:00:00,Annual,From 24 to 59 months,Males,From 20 to 64 years,Percentage,Hungary,2020,20.0,,
ESTAT:LFSA_EGAD(1.0),17/04/26 11:00:00,Annual,From 24 to 59 months,Males,From 20 to 64 years,Percentage,Hungary,2021,19.4,b,
ESTAT:LFSA_EGAD(1.0),17/04/26 11:00:00,Annual,From 24 to 59 months,Males,From 20 to 64 years,Percentage,Hungary,2022,19.0,,
ESTAT:LFSA_EGAD(1.0),17/04/26 11:00:00,Annual,From 24 to 59 months,Males,From 20 to 64 years,Percentage,Hungary,2023,19.1,,
ESTAT:LFSA_EGAD(1.0),17/04/26 11:00:00,Annual,From 24 to 59 months,Males,From 20 to 64 years,Percentage,Hungary,2024,19.0,,
ESTAT:LFSA_EGAD(1.0),17/04/26 11:00:00,Annual,From 24 to 59 months,Males,From 20 to 64 years,Percentage,Hungary,2025,17.8,,
ESTAT:LFSA_EGAD(1.0),17/04/26 11:00:00,Annual,From 24 to 59 months,Males,From 20 to 64 years,Percentage,Ireland,2016,16.0,,
ESTAT:LFSA_EGAD(1.0),17/04/26 11:00:00,Annual,From 24 to 59 months,Males,From 20 to 64 years,Percentage,Ireland,2017,17.1,b,
ESTAT:LFSA_EGAD(1.0),17/04/26 11:00:00,Annual,From 24 to 59 months,Males,From 20 to 64 years,Percentage,Ireland,2018,18.7,,
ESTAT:LFSA_EGAD(1.0),17/04/26 11:00:00,Annual,From 24 to 59 months,Males,From 20 to 64 years,Percentage,Ireland,2019,19.3,,
ESTAT:LFSA_EGAD(1.0),17/04/26 11:00:00,Annual,From 24 to 59 months,Males,From 20 to 64 years,Percentage,Ireland,2020,20.7,,
ESTAT:LFSA_EGAD(1.0),17/04/26 11:00:00,Annual,From 24 to 59 months,Males,From 20 to 64 years,Percentage,Ireland,2021,20.6,b,
ESTAT:LFSA_EGAD(1.0),17/04/26 11:00:00,Annual,From 24 to 59 months,Males,From 20 to 64 years,Percentage,Ireland,2022,18.2,,
ESTAT:LFSA_EGAD(1.0),17/04/26 11:00:00,Annual,From 24 to 59 months,Males,From 20 to 64 years,Percentage,Ireland,2023,16.8,,
ESTAT:LFSA_EGAD(1.0),17/04/26 11:00:00,Annual,From 24 to 59 months,Males,From 20 to 64 years,Percentage,Ireland,2024,19.1,,
ESTAT:LFSA_EGAD(1.0),17/04/26 11:00:00,Annual,From 24 to 59 months,Males,From 20 to 64 years,Percentage,Ireland,2025,21.4,,
ESTAT:LFSA_EGAD(1.0),17/04/26 11:00:00,Annual,From 24 to 59 months,Males,From 20 to 64 years,Percentage,Iceland,2016,19.4,,
ESTAT:LFSA_EGAD(1.0),17/04/26 11:00:00,Annual,From 24 to 59 months,Males,From 20 to 64 years,Percentage,Iceland,2017,18.4,,
ESTAT:LFSA_EGAD(1.0),17/04/26 11:00:00,Annual,From 24 to 59 months,Males,From 20 to 64 years,Percentage,Iceland,2018,21.3,,
ESTAT:LFSA_EGAD(1.0),17/04/26 11:00:00,Annual,From 24 to 59 months,Males,From 20 to 64 years,Percentage,Iceland,2019,22.0,,
ESTAT:LFSA_EGAD(1.0),17/04/26 11:00:00,Annual,From 24 to 59 months,Males,From 20 to 64 years,Percentage,Iceland,2020,23.4,b,
ESTAT:LFSA_EGAD(1.0),17/04/26 11:00:00,Annual,From 24 to 59 months,Males,From 20 to 64 years,Percentage,Iceland,2021,21.7,b,
ESTAT:LFSA_EGAD(1.0),17/04/26 11:00:00,Annual,From 24 to 59 months,Males,From 20 to 64 years,Percentage,Iceland,2022,19.8,,
ESTAT:LFSA_EGAD(1.0),17/04/26 11:00:00,Annual,From 24 to 59 months,Males,From 20 to 64 years,Percentage,Iceland,2023,18.5,,
ESTAT:LFSA_EGAD(1.0),17/04/26 11:00:00,Annual,From 24 to 59 months,Males,From 20 to 64 years,Percentage,Iceland,2024,20.1,,
ESTAT:LFSA_EGAD(1.0),17/04/26 11:00:00,Annual,From 24 to 59 months,Males,From 20 to 64 years,Percentage,Italy,2016,11.9,,
ESTAT:LFSA_EGAD(1.0),17/04/26 11:00:00,Annual,From 24 to 59 months,Males,From 20 to 64 years,Percentage,Italy,2017,12.1,,
ESTAT:LFSA_EGAD(1.0),17/04/26 11:00:00,Annual,From 24 to 59 months,Males,From 20 to 64 years,Percentage,Italy,2018,13.4,b,
ESTAT:LFSA_EGAD(1.0),17/04/26 11:00:00,Annual,From 24 to 59 months,Males,From 20 to 64 years,Percentage,Italy,2019,13.7,,
ESTAT:LFSA_EGAD(1.0),17/04/26 11:00:00,Annual,From 24 to 59 months,Males,From 20 to 64 years,Percentage,Italy,2020,14.0,,
ESTAT:LFSA_EGAD(1.0),17/04/26 11:00:00,Annual,From 24 to 59 months,Males,From 20 to 64 years,Percentage,Italy,2021,15.2,b,
ESTAT:LFSA_EGAD(1.0),17/04/26 11:00:00,Annual,From 24 to 59 months,Males,From 20 to 64 years,Percentage,Italy,2022,15.0,,
ESTAT:LFSA_EGAD(1.0),17/04/26 11:00:00,Annual,From 24 to 59 months,Males,From 20 to 64 years,Percentage,Italy,2023,14.4,,
ESTAT:LFSA_EGAD(1.0),17/04/26 11:00:00,Annual,From 24 to 59 months,Males,From 20 to 64 years,Percentage,Italy,2024,15.6,,
ESTAT:LFSA_EGAD(1.0),17/04/26 11:00:00,Annual,From 24 to 59 months,Males,From 20 to 64 years,Percentage,Italy,2025,16.6,,
ESTAT:LFSA_EGAD(1.0),17/04/26 11:00:00,Annual,From 24 to 59 months,Males,From 20 to 64 years,Percentage,Lithuania,2016,20.6,,
ESTAT:LFSA_EGAD(1.0),17/04/26 11:00:00,Annual,From 24 to 59 months,Males,From 20 to 64 years,Percentage,Lithuania,2017,19.8,,
ESTAT:LFSA_EGAD(1.0),17/04/26 11:00:00,Annual,From 24 to 59 months,Males,From 20 to 64 years,Percentage,Lithuania,2018,20.3,,
ESTAT:LFSA_EGAD(1.0),17/04/26 11:00:00,Annual,From 24 to 59 months,Males,From 20 to 64 years,Percentage,Lithuania,2019,19.2,,
ESTAT:LFSA_EGAD(1.0),17/04/26 11:00:00,Annual,From 24 to 59 months,Males,From 20 to 64 years,Percentage,Lithuania,2020,19.7,,
ESTAT:LFSA_EGAD(1.0),17/04/26 11:00:00,Annual,From 24 to 59 months,Males,From 20 to 64 years,Percentage,Lithuania,2021,24.9,b,
ESTAT:LFSA_EGAD(1.0),17/04/26 11:00:00,Annual,From 24 to 59 months,Males,From 20 to 64 years,Percentage,Lithuania,2022,20.1,,
ESTAT:LFSA_EGAD(1.0),17/04/26 11:00:00,Annual,From 24 to 59 months,Males,From 20 to 64 years,Percentage,Lithuania,2023,20.0,,
ESTAT:LFSA_EGAD(1.0),17/04/26 11:00:00,Annual,From 24 to 59 months,Males,From 20 to 64 years,Percentage,Lithuania,2024,19.3,,
ESTAT:LFSA_EGAD(1.0),17/04/26 11:00:00,Annual,From 24 to 59 months,Males,From 20 to 64 years,Percentage,Lithuania,2025,19.9,,
ESTAT:LFSA_EGAD(1.0),17/04/26 11:00:00,Annual,From 24 to 59 months,Males,From 20 to 64 years,Percentage,Luxembourg,2016,17.0,b,
ESTAT:LFSA_EGAD(1.0),17/04/26 11:00:00,Annual,From 24 to 59 months,Males,From 20 to 64 years,Percentage,Luxembourg,2017,17.0,,
ESTAT:LFSA_EGAD(1.0),17/04/26 11:00:00,Annual,From 24 to 59 months,Males,From 20 to 64 years,Percentage,Luxembourg,2018,16.4,,
ESTAT:LFSA_EGAD(1.0),17/04/26 11:00:00,Annual,From 24 to 59 months,Males,From 20 to 64 years,Percentage,Luxembourg,2019,19.1,,
ESTAT:LFSA_EGAD(1.0),17/04/26 11:00:00,Annual,From 24 to 59 months,Males,From 20 to 64 years,Percentage,Luxembourg,2020,21.1,,
ESTAT:LFSA_EGAD(1.0),17/04/26 11:00:00,Annual,From 24 to 59 months,Males,From 20 to 64 years,Percentage,Luxembourg,2021,18.2,b,
ESTAT:LFSA_EGAD(1.0),17/04/26 11:00:00,Annual,From 24 to 59 months,Males,From 20 to 64 years,Percentage,Luxembourg,2022,16.3,,
ESTAT:LFSA_EGAD(1.0),17/04/26 11:00:00,Annual,From 24 to 59 months,Males,From 20 to 64 years,Percentage,Luxembourg,2023,16.8,,
ESTAT:LFSA_EGAD(1.0),17/04/26 11:00:00,Annual,From 24 to 59 months,Males,From 20 to 64 years,Percentage,Luxembourg,2024,17.8,,
ESTAT:LFSA_EGAD(1.0),17/04/26 11:00:00,Annual,From 24 to 59 months,Males,From 20 to 64 years,Percentage,Luxembourg,2025,16.9,,
ESTAT:LFSA_EGAD(1.0),17/04/26 11:00:00,Annual,From 24 to 59 months,Males,From 20 to 64 years,Percentage,Latvia,2016,21.0,,
ESTAT:LFSA_EGAD(1.0),17/04/26 11:00:00,Annual,From 24 to 59 months,Males,From 20 to 64 years,Percentage,Latvia,2017,20.4,,
ESTAT:LFSA_EGAD(1.0),17/04/26 11:00:00,Annual,From 24 to 59 months,Males,From 20 to 64 years,Percentage,Latvia,2018,20.2,,
ESTAT:LFSA_EGAD(1.0),17/04/26 11:00:00,Annual,From 24 to 59 months,Males,From 20 to 64 years,Percentage,Latvia,2019,19.9,,
ESTAT:LFSA_EGAD(1.0),17/04/26 11:00:00,Annual,From 24 to 59 months,Males,From 20 to 64 years,Percentage,Latvia,2020,19.7,,
ESTAT:LFSA_EGAD(1.0),17/04/26 11:00:00,Annual,From 24 to 59 months,Males,From 20 to 64 years,Percentage,Latvia,2021,21.0,b,
ESTAT:LFSA_EGAD(1.0),17/04/26 11:00:00,Annual,From 24 to 59 months,Males,From 20 to 64 years,Percentage,Latvia,2022,20.4,,
ESTAT:LFSA_EGAD(1.0),17/04/26 11:00:00,Annual,From 24 to 59 months,Males,From 20 to 64 years,Percentage,Latvia,2023,19.3,,
ESTAT:LFSA_EGAD(1.0),17/04/26 11:00:00,Annual,From 24 to 59 months,Males,From 20 to 64 years,Percentage,Latvia,2024,20.5,,
ESTAT:LFSA_EGAD(1.0),17/04/26 11:00:00,Annual,From 24 to 59 months,Males,From 20 to 64 years,Percentage,Latvia,2025,19.8,,
ESTAT:LFSA_EGAD(1.0),17/04/26 11:00:00,Annual,From 24 to 59 months,Males,From 20 to 64 years,Percentage,Montenegro,2016,13.3,,
ESTAT:LFSA_EGAD(1.0),17/04/26 11:00:00,Annual,From 24 to 59 months,Males,From 20 to 64 years,Percentage,Montenegro,2017,15.2,,
ESTAT:LFSA_EGAD(1.0),17/04/26 11:00:00,Annual,From 24 to 59 months,Males,From 20 to 64 years,Percentage,Montenegro,2018,17.0,,
ESTAT:LFSA_EGAD(1.0),17/04/26 11:00:00,Annual,From 24 to 59 months,Males,From 20 to 64 years,Percentage,Montenegro,2019,18.0,,
ESTAT:LFSA_EGAD(1.0),17/04/26 11:00:00,Annual,From 24 to 59 months,Males,From 20 to 64 years,Percentage,Montenegro,2020,18.2,,
ESTAT:LFSA_EGAD(1.0),17/04/26 11:00:00,Annual,From 24 to 59 months,Males,From 20 to 64 years,Percentage,North Macedonia,2016,17.6,,
ESTAT:LFSA_EGAD(1.0),17/04/26 11:00:00,Annual,From 24 to 59 months,Males,From 20 to 64 years,Percentage,North Macedonia,2017,18.4,,
ESTAT:LFSA_EGAD(1.0),17/04/26 11:00:00,Annual,From 24 to 59 months,Males,From 20 to 64 years,Percentage,North Macedonia,2018,15.6,,
ESTAT:LFSA_EGAD(1.0),17/04/26 11:00:00,Annual,From 24 to 59 months,Males,From 20 to 64 years,Percentage,North Macedonia,2019,17.5,,
ESTAT:LFSA_EGAD(1.0),17/04/26 11:00:00,Annual,From 24 to 59 months,Males,From 20 to 64 years,Percentage,North Macedonia,2020,17.8,,
ESTAT:LFSA_EGAD(1.0),17/04/26 11:00:00,Annual,From 24 to 59 months,Males,From 20 to 64 years,Percentage,North Macedonia,2021,18.1,b,
ESTAT:LFSA_EGAD(1.0),17/04/26 11:00:00,Annual,From 24 to 59 months,Males,From 20 to 64 years,Percentage,North Macedonia,2022,18.1,,
ESTAT:LFSA_EGAD(1.0),17/04/26 11:00:00,Annual,From 24 to 59 months,Males,From 20 to 64 years,Percentage,North Macedonia,2023,16.9,,
ESTAT:LFSA_EGAD(1.0),17/04/26 11:00:00,Annual,From 24 to 59 months,Males,From 20 to 64 years,Percentage,North Macedonia,2024,18.7,,
ESTAT:LFSA_EGAD(1.0),17/04/26 11:00:00,Annual,From 24 to 59 months,Males,From 20 to 64 years,Percentage,North Macedonia,2025,19.3,,
ESTAT:LFSA_EGAD(1.0),17/04/26 11:00:00,Annual,From 24 to 59 months,Males,From 20 to 64 years,Percentage,Malta,2016,17.7,,
ESTAT:LFSA_EGAD(1.0),17/04/26 11:00:00,Annual,From 24 to 59 months,Males,From 20 to 64 years,Percentage,Malta,2017,18.1,,
ESTAT:LFSA_EGAD(1.0),17/04/26 11:00:00,Annual,From 24 to 59 months,Males,From 20 to 64 years,Percentage,Malta,2018,18.6,,
ESTAT:LFSA_EGAD(1.0),17/04/26 11:00:00,Annual,From 24 to 59 months,Males,From 20 to 64 years,Percentage,Malta,2019,22.4,,
ESTAT:LFSA_EGAD(1.0),17/04/26 11:00:00,Annual,From 24 to 59 months,Males,From 20 to 64 years,Percentage,Malta,2020,22.2,,
ESTAT:LFSA_EGAD(1.0),17/04/26 11:00:00,Annual,From 24 to 59 months,Males,From 20 to 64 years,Percentage,Malta,2021,22.2,b,
ESTAT:LFSA_EGAD(1.0),17/04/26 11:00:00,Annual,From 24 to 59 months,Males,From 20 to 64 years,Percentage,Malta,2022,21.5,,
ESTAT:LFSA_EGAD(1.0),17/04/26 11:00:00,Annual,From 24 to 59 months,Males,From 20 to 64 years,Percentage,Malta,2023,24.5,,
ESTAT:LFSA_EGAD(1.0),17/04/26 11:00:00,Annual,From 24 to 59 months,Males,From 20 to 64 years,Percentage,Malta,2024,23.3,,
ESTAT:LFSA_EGAD(1.0),17/04/26 11:00:00,Annual,From 24 to 59 months,Males,From 20 to 64 years,Percentage,Malta,2025,24.9,,
ESTAT:LFSA_EGAD(1.0),17/04/26 11:00:00,Annual,From 24 to 59 months,Males,From 20 to 64 years,Percentage,Netherlands,2016,14.4,,
ESTAT:LFSA_EGAD(1.0),17/04/26 11:00:00,Annual,From 24 to 59 months,Males,From 20 to 64 years,Percentage,Netherlands,2017,14.8,,
ESTAT:LFSA_EGAD(1.0),17/04/26 11:00:00,Annual,From 24 to 59 months,Males,From 20 to 64 years,Percentage,Netherlands,2018,15.5,,
ESTAT:LFSA_EGAD(1.0),17/04/26 11:00:00,Annual,From 24 to 59 months,Males,From 20 to 64 years,Percentage,Netherlands,2019,16.3,,
ESTAT:LFSA_EGAD(1.0),17/04/26 11:00:00,Annual,From 24 to 59 months,Males,From 20 to 64 years,Percentage,Netherlands,2020,17.5,,
ESTAT:LFSA_EGAD(1.0),17/04/26 11:00:00,Annual,From 24 to 59 months,Males,From 20 to 64 years,Percentage,Netherlands,2021,18.7,b,
ESTAT:LFSA_EGAD(1.0),17/04/26 11:00:00,Annual,From 24 to 59 months,Males,From 20 to 64 years,Percentage,Netherlands,2022,18.3,,
ESTAT:LFSA_EGAD(1.0),17/04/26 11:00:00,Annual,From 24 to 59 months,Males,From 20 to 64 years,Percentage,Netherlands,2023,17.2,,
ESTAT:LFSA_EGAD(1.0),17/04/26 11:00:00,Annual,From 24 to 59 months,Males,From 20 to 64 years,Percentage,Netherlands,2024,17.6,,
ESTAT:LFSA_EGAD(1.0),17/04/26 11:00:00,Annual,From 24 to 59 months,Males,From 20 to 64 years,Percentage,Netherlands,2025,19.2,,
ESTAT:LFSA_EGAD(1.0),17/04/26 11:00:00,Annual,From 24 to 59 months,Males,From 20 to 64 years,Percentage,Norway,2016,23.3,,
ESTAT:LFSA_EGAD(1.0),17/04/26 11:00:00,Annual,From 24 to 59 months,Males,From 20 to 64 years,Percentage,Norway,2017,22.1,,
ESTAT:LFSA_EGAD(1.0),17/04/26 11:00:00,Annual,From 24 to 59 months,Males,From 20 to 64 years,Percentage,Norway,2018,22.0,,
ESTAT:LFSA_EGAD(1.0),17/04/26 11:00:00,Annual,From 24 to 59 months,Males,From 20 to 64 years,Percentage,Norway,2019,21.9,,
ESTAT:LFSA_EGAD(1.0),17/04/26 11:00:00,Annual,From 24 to 59 months,Males,From 20 to 64 years,Percentage,Norway,2020,22.2,,
ESTAT:LFSA_EGAD(1.0),17/04/26 11:00:00,Annual,From 24 to 59 months,Males,From 20 to 64 years,Percentage,Norway,2021,23.6,b,
ESTAT:LFSA_EGAD(1.0),17/04/26 11:00:00,Annual,From 24 to 59 months,Males,From 20 to 64 years,Percentage,Norway,2022,20.1,,
ESTAT:LFSA_EGAD(1.0),17/04/26 11:00:00,Annual,From 24 to 59 months,Males,From 20 to 64 years,Percentage,Norway,2023,18.7,,
ESTAT:LFSA_EGAD(1.0),17/04/26 11:00:00,Annual,From 24 to 59 months,Males,From 20 to 64 years,Percentage,Norway,2024,22.6,,
ESTAT:LFSA_EGAD(1.0),17/04/26 11:00:00,Annual,From 24 to 59 months,Males,From 20 to 64 years,Percentage,Norway,2025,23.9,,
ESTAT:LFSA_EGAD(1.0),17/04/26 11:00:00,Annual,From 24 to 59 months,Males,From 20 to 64 years,Percentage,Poland,2016,16.3,,
ESTAT:LFSA_EGAD(1.0),17/04/26 11:00:00,Annual,From 24 to 59 months,Males,From 20 to 64 years,Percentage,Poland,2017,16.5,,
ESTAT:LFSA_EGAD(1.0),17/04/26 11:00:00,Annual,From 24 to 59 months,Males,From 20 to 64 years,Percentage,Poland,2018,17.5,,
ESTAT:LFSA_EGAD(1.0),17/04/26 11:00:00,Annual,From 24 to 59 months,Males,From 20 to 64 years,Percentage,Poland,2019,18.0,b,
ESTAT:LFSA_EGAD(1.0),17/04/26 11:00:00,Annual,From 24 to 59 months,Males,From 20 to 64 years,Percentage,Poland,2020,19.3,,
ESTAT:LFSA_EGAD(1.0),17/04/26 11:00:00,Annual,From 24 to 59 months,Males,From 20 to 64 years,Percentage,Poland,2021,18.7,b,
ESTAT:LFSA_EGAD(1.0),17/04/26 11:00:00,Annual,From 24 to 59 months,Males,From 20 to 64 years,Percentage,Poland,2022,17.6,,
ESTAT:LFSA_EGAD(1.0),17/04/26 11:00:00,Annual,From 24 to 59 months,Males,From 20 to 64 years,Percentage,Poland,2023,15.9,,
ESTAT:LFSA_EGAD(1.0),17/04/26 11:00:00,Annual,From 24 to 59 months,Males,From 20 to 64 years,Percentage,Poland,2024,15.9,,
ESTAT:LFSA_EGAD(1.0),17/04/26 11:00:00,Annual,From 24 to 59 months,Males,From 20 to 64 years,Percentage,Poland,2025,16.4,,
ESTAT:LFSA_EGAD(1.0),17/04/26 11:00:00,Annual,From 24 to 59 months,Males,From 20 to 64 years,Percentage,Portugal,2016,13.3,,
ESTAT:LFSA_EGAD(1.0),17/04/26 11:00:00,Annual,From 24 to 59 months,Males,From 20 to 64 years,Percentage,Portugal,2017,14.2,,
ESTAT:LFSA_EGAD(1.0),17/04/26 11:00:00,Annual,From 24 to 59 months,Males,From 20 to 64 years,Percentage,Portugal,2018,15.2,,
ESTAT:LFSA_EGAD(1.0),17/04/26 11:00:00,Annual,From 24 to 59 months,Males,From 20 to 64 years,Percentage,Portugal,2019,16.4,,
ESTAT:LFSA_EGAD(1.0),17/04/26 11:00:00,Annual,From 24 to 59 months,Males,From 20 to 64 years,Percentage,Portugal,2020,16.5,,
ESTAT:LFSA_EGAD(1.0),17/04/26 11:00:00,Annual,From 24 to 59 months,Males,From 20 to 64 years,Percentage,Portugal,2021,15.9,b,
ESTAT:LFSA_EGAD(1.0),17/04/26 11:00:00,Annual,From 24 to 59 months,Males,From 20 to 64 years,Percentage,Portugal,2022,16.0,,
ESTAT:LFSA_EGAD(1.0),17/04/26 11:00:00,Annual,From 24 to 59 months,Males,From 20 to 64 years,Percentage,Portugal,2023,15.9,,
ESTAT:LFSA_EGAD(1.0),17/04/26 11:00:00,Annual,From 24 to 59 months,Males,From 20 to 64 years,Percentage,Portugal,2024,16.2,,
ESTAT:LFSA_EGAD(1.0),17/04/26 11:00:00,Annual,From 24 to 59 months,Males,From 20 to 64 years,Percentage,Portugal,2025,17.8,,
ESTAT:LFSA_EGAD(1.0),17/04/26 11:00:00,Annual,From 24 to 59 months,Males,From 20 to 64 years,Percentage,Romania,2016,20.1,,
ESTAT:LFSA_EGAD(1.0),17/04/26 11:00:00,Annual,From 24 to 59 months,Males,From 20 to 64 years,Percentage,Romania,2017,19.4,,
ESTAT:LFSA_EGAD(1.0),17/04/26 11:00:00,Annual,From 24 to 59 months,Males,From 20 to 64 years,Percentage,Romania,2018,23.3,,
ESTAT:LFSA_EGAD(1.0),17/04/26 11:00:00,Annual,From 24 to 59 months,Males,From 20 to 64 years,Percentage,Romania,2019,23.4,,
ESTAT:LFSA_EGAD(1.0),17/04/26 11:00:00,Annual,From 24 to 59 months,Males,From 20 to 64 years,Percentage,Romania,2020,20.5,,
ESTAT:LFSA_EGAD(1.0),17/04/26 11:00:00,Annual,From 24 to 59 months,Males,From 20 to 64 years,Percentage,Romania,2021,18.9,b,
ESTAT:LFSA_EGAD(1.0),17/04/26 11:00:00,Annual,From 24 to 59 months,Males,From 20 to 64 years,Percentage,Romania,2022,18.7,,
ESTAT:LFSA_EGAD(1.0),17/04/26 11:00:00,Annual,From 24 to 59 months,Males,From 20 to 64 years,Percentage,Romania,2023,16.0,,
ESTAT:LFSA_EGAD(1.0),17/04/26 11:00:00,Annual,From 24 to 59 months,Males,From 20 to 64 years,Percentage,Romania,2024,15.9,,
ESTAT:LFSA_EGAD(1.0),17/04/26 11:00:00,Annual,From 24 to 59 months,Males,From 20 to 64 years,Percentage,Romania,2025,13.5,,
ESTAT:LFSA_EGAD(1.0),17/04/26 11:00:00,Annual,From 24 to 59 months,Males,From 20 to 64 years,Percentage,Serbia,2016,13.6,,
ESTAT:LFSA_EGAD(1.0),17/04/26 11:00:00,Annual,From 24 to 59 months,Males,From 20 to 64 years,Percentage,Serbia,2017,13.7,,
ESTAT:LFSA_EGAD(1.0),17/04/26 11:00:00,Annual,From 24 to 59 months,Males,From 20 to 64 years,Percentage,Serbia,2018,14.0,,
ESTAT:LFSA_EGAD(1.0),17/04/26 11:00:00,Annual,From 24 to 59 months,Males,From 20 to 64 years,Percentage,Serbia,2019,15.4,,
ESTAT:LFSA_EGAD(1.0),17/04/26 11:00:00,Annual,From 24 to 59 months,Males,From 20 to 64 years,Percentage,Serbia,2020,16.5,,
ESTAT:LFSA_EGAD(1.0),17/04/26 11:00:00,Annual,From 24 to 59 months,Males,From 20 to 64 years,Percentage,Serbia,2021,16.8,b,
ESTAT:LFSA_EGAD(1.0),17/04/26 11:00:00,Annual,From 24 to 59 months,Males,From 20 to 64 years,Percentage,Serbia,2022,17.3,,
ESTAT:LFSA_EGAD(1.0),17/04/26 11:00:00,Annual,From 24 to 59 months,Males,From 20 to 64 years,Percentage,Serbia,2023,16.7,,
ESTAT:LFSA_EGAD(1.0),17/04/26 11:00:00,Annual,From 24 to 59 months,Males,From 20 to 64 years,Percentage,Serbia,2024,16.4,,
ESTAT:LFSA_EGAD(1.0),17/04/26 11:00:00,Annual,From 24 to 59 months,Males,From 20 to 64 years,Percentage,Serbia,2025,16.9,,
ESTAT:LFSA_EGAD(1.0),17/04/26 11:00:00,Annual,From 24 to 59 months,Males,From 20 to 64 years,Percentage,Sweden,2016,17.2,,
ESTAT:LFSA_EGAD(1.0),17/04/26 11:00:00,Annual,From 24 to 59 months,Males,From 20 to 64 years,Percentage,Sweden,2017,17.2,,
ESTAT:LFSA_EGAD(1.0),17/04/26 11:00:00,Annual,From 24 to 59 months,Males,From 20 to 64 years,Percentage,Sweden,2018,18.4,b,
ESTAT:LFSA_EGAD(1.0),17/04/26 11:00:00,Annual,From 24 to 59 months,Males,From 20 to 64 years,Percentage,Sweden,2019,19.2,,
ESTAT:LFSA_EGAD(1.0),17/04/26 11:00:00,Annual,From 24 to 59 months,Males,From 20 to 64 years,Percentage,Sweden,2020,20.5,,
ESTAT:LFSA_EGAD(1.0),17/04/26 11:00:00,Annual,From 24 to 59 months,Males,From 20 to 64 years,Percentage,Sweden,2021,20.1,b,
ESTAT:LFSA_EGAD(1.0),17/04/26 11:00:00,Annual,From 24 to 59 months,Males,From 20 to 64 years,Percentage,Sweden,2022,19.0,,
ESTAT:LFSA_EGAD(1.0),17/04/26 11:00:00,Annual,From 24 to 59 months,Males,From 20 to 64 years,Percentage,Sweden,2023,18.8,,
ESTAT:LFSA_EGAD(1.0),17/04/26 11:00:00,Annual,From 24 to 59 months,Males,From 20 to 64 years,Percentage,Sweden,2024,19.6,,
ESTAT:LFSA_EGAD(1.0),17/04/26 11:00:00,Annual,From 24 to 59 months,Males,From 20 to 64 years,Percentage,Sweden,2025,21.6,,
ESTAT:LFSA_EGAD(1.0),17/04/26 11:00:00,Annual,From 24 to 59 months,Males,From 20 to 64 years,Percentage,Slovenia,2016,15.1,,
ESTAT:LFSA_EGAD(1.0),17/04/26 11:00:00,Annual,From 24 to 59 months,Males,From 20 to 64 years,Percentage,Slovenia,2017,14.5,,
ESTAT:LFSA_EGAD(1.0),17/04/26 11:00:00,Annual,From 24 to 59 months,Males,From 20 to 64 years,Percentage,Slovenia,2018,15.0,,
ESTAT:LFSA_EGAD(1.0),17/04/26 11:00:00,Annual,From 24 to 59 months,Males,From 20 to 64 years,Percentage,Slovenia,2019,16.3,,
ESTAT:LFSA_EGAD(1.0),17/04/26 11:00:00,Annual,From 24 to 59 months,Males,From 20 to 64 years,Percentage,Slovenia,2020,17.8,,
ESTAT:LFSA_EGAD(1.0),17/04/26 11:00:00,Annual,From 24 to 59 months,Males,From 20 to 64 years,Percentage,Slovenia,2021,16.8,b,
ESTAT:LFSA_EGAD(1.0),17/04/26 11:00:00,Annual,From 24 to 59 months,Males,From 20 to 64 years,Percentage,Slovenia,2022,15.5,,
ESTAT:LFSA_EGAD(1.0),17/04/26 11:00:00,Annual,From 24 to 59 months,Males,From 20 to 64 years,Percentage,Slovenia,2023,14.8,,
ESTAT:LFSA_EGAD(1.0),17/04/26 11:00:00,Annual,From 24 to 59 months,Males,From 20 to 64 years,Percentage,Slovenia,2024,15.7,,
ESTAT:LFSA_EGAD(1.0),17/04/26 11:00:00,Annual,From 24 to 59 months,Males,From 20 to 64 years,Percentage,Slovenia,2025,16.4,,
ESTAT:LFSA_EGAD(1.0),17/04/26 11:00:00,Annual,From 24 to 59 months,Males,From 20 to 64 years,Percentage,Slovakia,2016,17.0,,
ESTAT:LFSA_EGAD(1.0),17/04/26 11:00:00,Annual,From 24 to 59 months,Males,From 20 to 64 years,Percentage,Slovakia,2017,16.7,,
ESTAT:LFSA_EGAD(1.0),17/04/26 11:00:00,Annual,From 24 to 59 months,Males,From 20 to 64 years,Percentage,Slovakia,2018,18.6,,
ESTAT:LFSA_EGAD(1.0),17/04/26 11:00:00,Annual,From 24 to 59 months,Males,From 20 to 64 years,Percentage,Slovakia,2019,18.4,,
ESTAT:LFSA_EGAD(1.0),17/04/26 11:00:00,Annual,From 24 to 59 months,Males,From 20 to 64 years,Percentage,Slovakia,2020,18.6,,
ESTAT:LFSA_EGAD(1.0),17/04/26 11:00:00,Annual,From 24 to 59 months,Males,From 20 to 64 years,Percentage,Slovakia,2021,18.4,b,
ESTAT:LFSA_EGAD(1.0),17/04/26 11:00:00,Annual,From 24 to 59 months,Males,From 20 to 64 years,Percentage,Slovakia,2022,17.3,,
ESTAT:LFSA_EGAD(1.0),17/04/26 11:00:00,Annual,From 24 to 59 months,Males,From 20 to 64 years,Percentage,Slovakia,2023,15.7,,
ESTAT:LFSA_EGAD(1.0),17/04/26 11:00:00,Annual,From 24 to 59 months,Males,From 20 to 64 years,Percentage,Slovakia,2024,16.0,,
ESTAT:LFSA_EGAD(1.0),17/04/26 11:00:00,Annual,From 24 to 59 months,Males,From 20 to 64 years,Percentage,Slovakia,2025,14.9,,
ESTAT:LFSA_EGAD(1.0),17/04/26 11:00:00,Annual,From 24 to 59 months,Males,From 20 to 64 years,Percentage,Türkiye,2016,16.8,,
ESTAT:LFSA_EGAD(1.0),17/04/26 11:00:00,Annual,From 24 to 59 months,Males,From 20 to 64 years,Percentage,Türkiye,2017,17.4,,
ESTAT:LFSA_EGAD(1.0),17/04/26 11:00:00,Annual,From 24 to 59 months,Males,From 20 to 64 years,Percentage,Türkiye,2018,17.1,,
ESTAT:LFSA_EGAD(1.0),17/04/26 11:00:00,Annual,From 24 to 59 months,Males,From 20 to 64 years,Percentage,Türkiye,2019,16.9,,
ESTAT:LFSA_EGAD(1.0),17/04/26 11:00:00,Annual,From 24 to 59 months,Males,From 20 to 64 years,Percentage,Türkiye,2020,18.3,,
ESTAT:LFSA_EGAD(1.0),17/04/26 11:00:00,Annual,From 24 to 59 months,Males,From 20 to 64 years,Percentage,Türkiye,2021,17.6,b,
ESTAT:LFSA_EGAD(1.0),17/04/26 11:00:00,Annual,From 24 to 59 months,Males,From 20 to 64 years,Percentage,Türkiye,2022,17.0,,
ESTAT:LFSA_EGAD(1.0),17/04/26 11:00:00,Annual,From 24 to 59 months,Males,From 20 to 64 years,Percentage,Türkiye,2023,15.2,,
ESTAT:LFSA_EGAD(1.0),17/04/26 11:00:00,Annual,From 24 to 59 months,Males,From 20 to 64 years,Percentage,Türkiye,2024,14.9,,
ESTAT:LFSA_EGAD(1.0),17/04/26 11:00:00,Annual,From 24 to 59 months,Males,From 20 to 64 years,Percentage,Türkiye,2025,16.0,,
ESTAT:LFSA_EGAD(1.0),17/04/26 11:00:00,Annual,From 24 to 59 months,Males,From 20 to 64 years,Percentage,United Kingdom,2016,19.2,,
ESTAT:LFSA_EGAD(1.0),17/04/26 11:00:00,Annual,From 24 to 59 months,Males,From 20 to 64 years,Percentage,United Kingdom,2017,19.6,,
ESTAT:LFSA_EGAD(1.0),17/04/26 11:00:00,Annual,From 24 to 59 months,Males,From 20 to 64 years,Percentage,United Kingdom,2018,20.3,,
ESTAT:LFSA_EGAD(1.0),17/04/26 11:00:00,Annual,From 24 to 59 months,Males,From 20 to 64 years,Percentage,United Kingdom,2019,20.2,,
ESTAT:LFSA_EGAD(1.0),17/04/26 11:00:00,Annual,60 months or over,Females,From 20 to 64 years,Percentage,Austria,2016,56.6,,
ESTAT:LFSA_EGAD(1.0),17/04/26 11:00:00,Annual,60 months or over,Females,From 20 to 64 years,Percentage,Austria,2017,57.1,,
ESTAT:LFSA_EGAD(1.0),17/04/26 11:00:00,Annual,60 months or over,Females,From 20 to 64 years,Percentage,Austria,2018,56.7,,
ESTAT:LFSA_EGAD(1.0),17/04/26 11:00:00,Annual,60 months or over,Females,From 20 to 64 years,Percentage,Austria,2019,56.5,,
ESTAT:LFSA_EGAD(1.0),17/04/26 11:00:00,Annual,60 months or over,Females,From 20 to 64 years,Percentage,Austria,2020,57.4,,
ESTAT:LFSA_EGAD(1.0),17/04/26 11:00:00,Annual,60 months or over,Females,From 20 to 64 years,Percentage,Austria,2021,58.2,b,
ESTAT:LFSA_EGAD(1.0),17/04/26 11:00:00,Annual,60 months or over,Females,From 20 to 64 years,Percentage,Austria,2022,57.5,,
ESTAT:LFSA_EGAD(1.0),17/04/26 11:00:00,Annual,60 months or over,Females,From 20 to 64 years,Percentage,Austria,2023,56.9,,
ESTAT:LFSA_EGAD(1.0),17/04/26 11:00:00,Annual,60 months or over,Females,From 20 to 64 years,Percentage,Austria,2024,57.1,,
ESTAT:LFSA_EGAD(1.0),17/04/26 11:00:00,Annual,60 months or over,Females,From 20 to 64 years,Percentage,Austria,2025,57.4,,
ESTAT:LFSA_EGAD(1.0),17/04/26 11:00:00,Annual,60 months or over,Females,From 20 to 64 years,Percentage,Bosnia and Herzegovina,2021,61.7,b,
ESTAT:LFSA_EGAD(1.0),17/04/26 11:00:00,Annual,60 months or over,Females,From 20 to 64 years,Percentage,Bosnia and Herzegovina,2022,65.0,,
ESTAT:LFSA_EGAD(1.0),17/04/26 11:00:00,Annual,60 months or over,Females,From 20 to 64 years,Percentage,Bosnia and Herzegovina,2023,66.4,,
ESTAT:LFSA_EGAD(1.0),17/04/26 11:00:00,Annual,60 months or over,Females,From 20 to 64 years,Percentage,Bosnia and Herzegovina,2024,66.4,,
ESTAT:LFSA_EGAD(1.0),17/04/26 11:00:00,Annual,60 months or over,Females,From 20 to 64 years,Percentage,Bosnia and Herzegovina,2025,70.4,,
ESTAT:LFSA_EGAD(1.0),17/04/26 11:00:00,Annual,60 months or over,Females,From 20 to 64 years,Percentage,Belgium,2016,65.6,,
ESTAT:LFSA_EGAD(1.0),17/04/26 11:00:00,Annual,60 months or over,Females,From 20 to 64 years,Percentage,Belgium,2017,65.6,b,
ESTAT:LFSA_EGAD(1.0),17/04/26 11:00:00,Annual,60 months or over,Females,From 20 to 64 years,Percentage,Belgium,2018,64.7,,
ESTAT:LFSA_EGAD(1.0),17/04/26 11:00:00,Annual,60 months or over,Females,From 20 to 64 years,Percentage,Belgium,2019,63.5,,
ESTAT:LFSA_EGAD(1.0),17/04/26 11:00:00,Annual,60 months or over,Females,From 20 to 64 years,Percentage,Belgium,2020,63.9,,
ESTAT:LFSA_EGAD(1.0),17/04/26 11:00:00,Annual,60 months or over,Females,From 20 to 64 years,Percentage,Belgium,2021,63.6,b,
ESTAT:LFSA_EGAD(1.0),17/04/26 11:00:00,Annual,60 months or over,Females,From 20 to 64 years,Percentage,Belgium,2022,63.3,,
ESTAT:LFSA_EGAD(1.0),17/04/26 11:00:00,Annual,60 months or over,Females,From 20 to 64 years,Percentage,Belgium,2023,63.6,,
ESTAT:LFSA_EGAD(1.0),17/04/26 11:00:00,Annual,60 months or over,Females,From 20 to 64 years,Percentage,Belgium,2024,63.3,,
ESTAT:LFSA_EGAD(1.0),17/04/26 11:00:00,Annual,60 months or over,Females,From 20 to 64 years,Percentage,Belgium,2025,61.7,,
ESTAT:LFSA_EGAD(1.0),17/04/26 11:00:00,Annual,60 months or over,Females,From 20 to 64 years,Percentage,Bulgaria,2016,65.6,,
ESTAT:LFSA_EGAD(1.0),17/04/26 11:00:00,Annual,60 months or over,Females,From 20 to 64 years,Percentage,Bulgaria,2017,65.1,,
ESTAT:LFSA_EGAD(1.0),17/04/26 11:00:00,Annual,60 months or over,Females,From 20 to 64 years,Percentage,Bulgaria,2018,65.7,,
ESTAT:LFSA_EGAD(1.0),17/04/26 11:00:00,Annual,60 months or over,Females,From 20 to 64 years,Percentage,Bulgaria,2019,65.9,b,
ESTAT:LFSA_EGAD(1.0),17/04/26 11:00:00,Annual,60 months or over,Females,From 20 to 64 years,Percentage,Bulgaria,2020,68.6,,
ESTAT:LFSA_EGAD(1.0),17/04/26 11:00:00,Annual,60 months or over,Females,From 20 to 64 years,Percentage,Bulgaria,2021,70.7,b,
ESTAT:LFSA_EGAD(1.0),17/04/26 11:00:00,Annual,60 months or over,Females,From 20 to 64 years,Percentage,Bulgaria,2022,70.1,,
ESTAT:LFSA_EGAD(1.0),17/04/26 11:00:00,Annual,60 months or over,Females,From 20 to 64 years,Percentage,Bulgaria,2023,71.4,,
ESTAT:LFSA_EGAD(1.0),17/04/26 11:00:00,Annual,60 months or over,Females,From 20 to 64 years,Percentage,Bulgaria,2024,71.5,b,
ESTAT:LFSA_EGAD(1.0),17/04/26 11:00:00,Annual,60 months or over,Females,From 20 to 64 years,Percentage,Bulgaria,2025,71.3,,
ESTAT:LFSA_EGAD(1.0),17/04/26 11:00:00,Annual,60 months or over,Females,From 20 to 64 years,Percentage,Switzerland,2016,50.1,,
ESTAT:LFSA_EGAD(1.0),17/04/26 11:00:00,Annual,60 months or over,Females,From 20 to 64 years,Percentage,Switzerland,2017,50.4,,
ESTAT:LFSA_EGAD(1.0),17/04/26 11:00:00,Annual,60 months or over,Females,From 20 to 64 years,Percentage,Switzerland,2018,50.9,,
ESTAT:LFSA_EGAD(1.0),17/04/26 11:00:00,Annual,60 months or over,Females,From 20 to 64 years,Percentage,Switzerland,2019,50.2,,
ESTAT:LFSA_EGAD(1.0),17/04/26 11:00:00,Annual,60 months or over,Females,From 20 to 64 years,Percentage,Switzerland,2020,50.1,,
ESTAT:LFSA_EGAD(1.0),17/04/26 11:00:00,Annual,60 months or over,Females,From 20 to 64 years,Percentage,Switzerland,2021,49.9,b,
ESTAT:LFSA_EGAD(1.0),17/04/26 11:00:00,Annual,60 months or over,Females,From 20 to 64 years,Percentage,Switzerland,2022,49.5,,
ESTAT:LFSA_EGAD(1.0),17/04/26 11:00:00,Annual,60 months or over,Females,From 20 to 64 years,Percentage,Switzerland,2023,48.4,,
ESTAT:LFSA_EGAD(1.0),17/04/26 11:00:00,Annual,60 months or over,Females,From 20 to 64 years,Percentage,Switzerland,2024,48.7,,
ESTAT:LFSA_EGAD(1.0),17/04/26 11:00:00,Annual,60 months or over,Females,From 20 to 64 years,Percentage,Switzerland,2025,49.0,,
ESTAT:LFSA_EGAD(1.0),17/04/26 11:00:00,Annual,60 months or over,Females,From 20 to 64 years,Percentage,Cyprus,2016,55.0,,
ESTAT:LFSA_EGAD(1.0),17/04/26 11:00:00,Annual,60 months or over,Females,From 20 to 64 years,Percentage,Cyprus,2017,54.2,,
ESTAT:LFSA_EGAD(1.0),17/04/26 11:00:00,Annual,60 months or over,Females,From 20 to 64 years,Percentage,Cyprus,2018,52.1,,
ESTAT:LFSA_EGAD(1.0),17/04/26 11:00:00,Annual,60 months or over,Females,From 20 to 64 years,Percentage,Cyprus,2019,52.5,,
ESTAT:LFSA_EGAD(1.0),17/04/26 11:00:00,Annual,60 months or over,Females,From 20 to 64 years,Percentage,Cyprus,2020,51.4,,
ESTAT:LFSA_EGAD(1.0),17/04/26 11:00:00,Annual,60 months or over,Females,From 20 to 64 years,Percentage,Cyprus,2021,49.9,b,
ESTAT:LFSA_EGAD(1.0),17/04/26 11:00:00,Annual,60 months or over,Females,From 20 to 64 years,Percentage,Cyprus,2022,52.0,,
ESTAT:LFSA_EGAD(1.0),17/04/26 11:00:00,Annual,60 months or over,Females,From 20 to 64 years,Percentage,Cyprus,2023,53.1,,
ESTAT:LFSA_EGAD(1.0),17/04/26 11:00:00,Annual,60 months or over,Females,From 20 to 64 years,Percentage,Cyprus,2024,52.5,,
ESTAT:LFSA_EGAD(1.0),17/04/26 11:00:00,Annual,60 months or over,Females,From 20 to 64 years,Percentage,Cyprus,2025,54.4,,
ESTAT:LFSA_EGAD(1.0),17/04/26 11:00:00,Annual,60 months or over,Females,From 20 to 64 years,Percentage,Czechia,2016,61.8,,
ESTAT:LFSA_EGAD(1.0),17/04/26 11:00:00,Annual,60 months or over,Females,From 20 to 64 years,Percentage,Czechia,2017,60.3,,
ESTAT:LFSA_EGAD(1.0),17/04/26 11:00:00,Annual,60 months or over,Females,From 20 to 64 years,Percentage,Czechia,2018,58.5,,
ESTAT:LFSA_EGAD(1.0),17/04/26 11:00:00,Annual,60 months or over,Females,From 20 to 64 years,Percentage,Czechia,2019,58.8,,
ESTAT:LFSA_EGAD(1.0),17/04/26 11:00:00,Annual,60 months or over,Females,From 20 to 64 years,Percentage,Czechia,2020,61.9,,
ESTAT:LFSA_EGAD(1.0),17/04/26 11:00:00,Annual,60 months or over,Females,From 20 to 64 years,Percentage,Czechia,2021,62.9,b,
ESTAT:LFSA_EGAD(1.0),17/04/26 11:00:00,Annual,60 months or over,Females,From 20 to 64 years,Percentage,Czechia,2022,63.8,,
ESTAT:LFSA_EGAD(1.0),17/04/26 11:00:00,Annual,60 months or over,Females,From 20 to 64 years,Percentage,Czechia,2023,61.9,,
ESTAT:LFSA_EGAD(1.0),17/04/26 11:00:00,Annual,60 months or over,Females,From 20 to 64 years,Percentage,Czechia,2024,61.6,,
ESTAT:LFSA_EGAD(1.0),17/04/26 11:00:00,Annual,60 months or over,Females,From 20 to 64 years,Percentage,Czechia,2025,62.3,,
ESTAT:LFSA_EGAD(1.0),17/04/26 11:00:00,Annual,60 months or over,Females,From 20 to 64 years,Percentage,Germany,2016,58.5,,
ESTAT:LFSA_EGAD(1.0),17/04/26 11:00:00,Annual,60 months or over,Females,From 20 to 64 years,Percentage,Germany,2017,58.1,,
ESTAT:LFSA_EGAD(1.0),17/04/26 11:00:00,Annual,60 months or over,Females,From 20 to 64 years,Percentage,Germany,2018,57.9,,
ESTAT:LFSA_EGAD(1.0),17/04/26 11:00:00,Annual,60 months or over,Females,From 20 to 64 years,Percentage,Germany,2019,57.3,,
ESTAT:LFSA_EGAD(1.0),17/04/26 11:00:00,Annual,60 months or over,Females,From 20 to 64 years,Percentage,Germany,2020,59.3,b,
ESTAT:LFSA_EGAD(1.0),17/04/26 11:00:00,Annual,60 months or over,Females,From 20 to 64 years,Percentage,Germany,2021,58.6,b,
ESTAT:LFSA_EGAD(1.0),17/04/26 11:00:00,Annual,60 months or over,Females,From 20 to 64 years,Percentage,Germany,2022,57.6,,
ESTAT:LFSA_EGAD(1.0),17/04/26 11:00:00,Annual,60 months or over,Females,From 20 to 64 years,Percentage,Germany,2023,57.6,,
ESTAT:LFSA_EGAD(1.0),17/04/26 11:00:00,Annual,60 months or over,Females,From 20 to 64 years,Percentage,Germany,2024,57.3,,
ESTAT:LFSA_EGAD(1.0),17/04/26 11:00:00,Annual,60 months or over,Females,From 20 to 64 years,Percentage,Germany,2025,56.8,,
ESTAT:LFSA_EGAD(1.0),17/04/26 11:00:00,Annual,60 months or over,Females,From 20 to 64 years,Percentage,Denmark,2016,48.7,b,
ESTAT:LFSA_EGAD(1.0),17/04/26 11:00:00,Annual,60 months or over,Females,From 20 to 64 years,Percentage,Denmark,2017,47.8,b,
ESTAT:LFSA_EGAD(1.0),17/04/26 11:00:00,Annual,60 months or over,Females,From 20 to 64 years,Percentage,Denmark,2018,46.7,,
ESTAT:LFSA_EGAD(1.0),17/04/26 11:00:00,Annual,60 months or over,Females,From 20 to 64 years,Percentage,Denmark,2019,46.0,,
ESTAT:LFSA_EGAD(1.0),17/04/26 11:00:00,Annual,60 months or over,Females,From 20 to 64 years,Percentage,Denmark,2020,45.1,,
ESTAT:LFSA_EGAD(1.0),17/04/26 11:00:00,Annual,60 months or over,Females,From 20 to 64 years,Percentage,Denmark,2021,45.7,b,
ESTAT:LFSA_EGAD(1.0),17/04/26 11:00:00,Annual,60 months or over,Females,From 20 to 64 years,Percentage,Denmark,2022,43.5,,
ESTAT:LFSA_EGAD(1.0),17/04/26 11:00:00,Annual,60 months or over,Females,From 20 to 64 years,Percentage,Denmark,2023,43.7,b,
ESTAT:LFSA_EGAD(1.0),17/04/26 11:00:00,Annual,60 months or over,Females,From 20 to 64 years,Percentage,Denmark,2024,44.2,,
ESTAT:LFSA_EGAD(1.0),17/04/26 11:00:00,Annual,60 months or over,Females,From 20 to 64 years,Percentage,Denmark,2025,43.8,,
ESTAT:LFSA_EGAD(1.0),17/04/26 11:00:00,Annual,60 months or over,Females,From 20 to 64 years,Percentage,Euro area – 21 countries (from 2026),2016,62.5,,
ESTAT:LFSA_EGAD(1.0),17/04/26 11:00:00,Annual,60 months or over,Females,From 20 to 64 years,Percentage,Euro area – 21 countries (from 2026),2017,61.5,,
ESTAT:LFSA_EGAD(1.0),17/04/26 11:00:00,Annual,60 months or over,Females,From 20 to 64 years,Percentage,Euro area – 21 countries (from 2026),2018,60.4,,
ESTAT:LFSA_EGAD(1.0),17/04/26 11:00:00,Annual,60 months or over,Females,From 20 to 64 years,Percentage,Euro area – 21 countries (from 2026),2019,59.7,,
ESTAT:LFSA_EGAD(1.0),17/04/26 11:00:00,Annual,60 months or over,Females,From 20 to 64 years,Percentage,Euro area – 21 countries (from 2026),2020,60.9,,
ESTAT:LFSA_EGAD(1.0),17/04/26 11:00:00,Annual,60 months or over,Females,From 20 to 64 years,Percentage,Euro area – 21 countries (from 2026),2021,59.4,b,
ESTAT:LFSA_EGAD(1.0),17/04/26 11:00:00,Annual,60 months or over,Females,From 20 to 64 years,Percentage,Euro area – 21 countries (from 2026),2022,58.4,,
ESTAT:LFSA_EGAD(1.0),17/04/26 11:00:00,Annual,60 months or over,Females,From 20 to 64 years,Percentage,Euro area – 21 countries (from 2026),2023,58.1,,
ESTAT:LFSA_EGAD(1.0),17/04/26 11:00:00,Annual,60 months or over,Females,From 20 to 64 years,Percentage,Euro area – 21 countries (from 2026),2024,58.0,,
ESTAT:LFSA_EGAD(1.0),17/04/26 11:00:00,Annual,60 months or over,Females,From 20 to 64 years,Percentage,Euro area – 21 countries (from 2026),2025,58.1,,
ESTAT:LFSA_EGAD(1.0),17/04/26 11:00:00,Annual,60 months or over,Females,From 20 to 64 years,Percentage,Estonia,2016,51.7,,
ESTAT:LFSA_EGAD(1.0),17/04/26 11:00:00,Annual,60 months or over,Females,From 20 to 64 years,Percentage,Estonia,2017,51.3,,
ESTAT:LFSA_EGAD(1.0),17/04/26 11:00:00,Annual,60 months or over,Females,From 20 to 64 years,Percentage,Estonia,2018,51.3,,
ESTAT:LFSA_EGAD(1.0),17/04/26 11:00:00,Annual,60 months or over,Females,From 20 to 64 years,Percentage,Estonia,2019,49.7,,
ESTAT:LFSA_EGAD(1.0),17/04/26 11:00:00,Annual,60 months or over,Females,From 20 to 64 years,Percentage,Estonia,2020,51.5,,
ESTAT:LFSA_EGAD(1.0),17/04/26 11:00:00,Annual,60 months or over,Females,From 20 to 64 years,Percentage,Estonia,2021,52.2,b,
ESTAT:LFSA_EGAD(1.0),17/04/26 11:00:00,Annual,60 months or over,Females,From 20 to 64 years,Percentage,Estonia,2022,50.9,,
ESTAT:LFSA_EGAD(1.0),17/04/26 11:00:00,Annual,60 months or over,Females,From 20 to 64 years,Percentage,Estonia,2023,50.6,,
ESTAT:LFSA_EGAD(1.0),17/04/26 11:00:00,Annual,60 months or over,Females,From 20 to 64 years,Percentage,Estonia,2024,51.5,,
ESTAT:LFSA_EGAD(1.0),17/04/26 11:00:00,Annual,60 months or over,Females,From 20 to 64 years,Percentage,Estonia,2025,49.6,,
ESTAT:LFSA_EGAD(1.0),17/04/26 11:00:00,Annual,60 months or over,Females,From 20 to 64 years,Percentage,Greece,2016,69.3,,
ESTAT:LFSA_EGAD(1.0),17/04/26 11:00:00,Annual,60 months or over,Females,From 20 to 64 years,Percentage,Greece,2017,67.8,,
ESTAT:LFSA_EGAD(1.0),17/04/26 11:00:00,Annual,60 months or over,Females,From 20 to 64 years,Percentage,Greece,2018,67.8,,
ESTAT:LFSA_EGAD(1.0),17/04/26 11:00:00,Annual,60 months or over,Females,From 20 to 64 years,Percentage,Greece,2019,65.9,,
ESTAT:LFSA_EGAD(1.0),17/04/26 11:00:00,Annual,60 months or over,Females,From 20 to 64 years,Percentage,Greece,2020,67.0,,
ESTAT:LFSA_EGAD(1.0),17/04/26 11:00:00,Annual,60 months or over,Females,From 20 to 64 years,Percentage,Greece,2021,63.9,b,
ESTAT:LFSA_EGAD(1.0),17/04/26 11:00:00,Annual,60 months or over,Females,From 20 to 64 years,Percentage,Greece,2022,62.4,,
ESTAT:LFSA_EGAD(1.0),17/04/26 11:00:00,Annual,60 months or over,Females,From 20 to 64 years,Percentage,Greece,2023,62.4,,
ESTAT:LFSA_EGAD(1.0),17/04/26 11:00:00,Annual,60 months or over,Females,From 20 to 64 years,Percentage,Greece,2024,62.9,,
ESTAT:LFSA_EGAD(1.0),17/04/26 11:00:00,Annual,60 months or over,Females,From 20 to 64 years,Percentage,Greece,2025,63.2,,
ESTAT:LFSA_EGAD(1.0),17/04/26 11:00:00,Annual,60 months or over,Females,From 20 to 64 years,Percentage,Spain,2016,62.2,,
ESTAT:LFSA_EGAD(1.0),17/04/26 11:00:00,Annual,60 months or over,Females,From 20 to 64 years,Percentage,Spain,2017,60.2,,
ESTAT:LFSA_EGAD(1.0),17/04/26 11:00:00,Annual,60 months or over,Females,From 20 to 64 years,Percentage,Spain,2018,57.8,,
ESTAT:LFSA_EGAD(1.0),17/04/26 11:00:00,Annual,60 months or over,Females,From 20 to 64 years,Percentage,Spain,2019,57.8,,
ESTAT:LFSA_EGAD(1.0),17/04/26 11:00:00,Annual,60 months or over,Females,From 20 to 64 years,Percentage,Spain,2020,59.5,,
ESTAT:LFSA_EGAD(1.0),17/04/26 11:00:00,Annual,60 months or over,Females,From 20 to 64 years,Percentage,Spain,2021,58.0,bd,
ESTAT:LFSA_EGAD(1.0),17/04/26 11:00:00,Annual,60 months or over,Females,From 20 to 64 years,Percentage,Spain,2022,57.1,d,
ESTAT:LFSA_EGAD(1.0),17/04/26 11:00:00,Annual,60 months or over,Females,From 20 to 64 years,Percentage,Spain,2023,56.9,d,
ESTAT:LFSA_EGAD(1.0),17/04/26 11:00:00,Annual,60 months or over,Females,From 20 to 64 years,Percentage,Spain,2024,55.5,d,
ESTAT:LFSA_EGAD(1.0),17/04/26 11:00:00,Annual,60 months or over,Females,From 20 to 64 years,Percentage,Spain,2025,54.9,d,
ESTAT:LFSA_EGAD(1.0),17/04/26 11:00:00,Annual,60 months or over,Females,From 20 to 64 years,Percentage,European Union - 27 countries (from 2020),2016,62.0,,
ESTAT:LFSA_EGAD(1.0),17/04/26 11:00:00,Annual,60 months or over,Females,From 20 to 64 years,Percentage,European Union - 27 countries (from 2020),2017,61.0,,
ESTAT:LFSA_EGAD(1.0),17/04/26 11:00:00,Annual,60 months or over,Females,From 20 to 64 years,Percentage,European Union - 27 countries (from 2020),2018,59.9,,
ESTAT:LFSA_EGAD(1.0),17/04/26 11:00:00,Annual,60 months or over,Females,From 20 to 64 years,Percentage,European Union - 27 countries (from 2020),2019,59.3,,
ESTAT:LFSA_EGAD(1.0),17/04/26 11:00:00,Annual,60 months or over,Females,From 20 to 64 years,Percentage,European Union - 27 countries (from 2020),2020,60.4,,
ESTAT:LFSA_EGAD(1.0),17/04/26 11:00:00,Annual,60 months or over,Females,From 20 to 64 years,Percentage,European Union - 27 countries (from 2020),2021,59.3,b,
ESTAT:LFSA_EGAD(1.0),17/04/26 11:00:00,Annual,60 months or over,Females,From 20 to 64 years,Percentage,European Union - 27 countries (from 2020),2022,58.6,,
ESTAT:LFSA_EGAD(1.0),17/04/26 11:00:00,Annual,60 months or over,Females,From 20 to 64 years,Percentage,European Union - 27 countries (from 2020),2023,58.6,,
ESTAT:LFSA_EGAD(1.0),17/04/26 11:00:00,Annual,60 months or over,Females,From 20 to 64 years,Percentage,European Union - 27 countries (from 2020),2024,58.5,,
ESTAT:LFSA_EGAD(1.0),17/04/26 11:00:00,Annual,60 months or over,Females,From 20 to 64 years,Percentage,European Union - 27 countries (from 2020),2025,58.7,,
ESTAT:LFSA_EGAD(1.0),17/04/26 11:00:00,Annual,60 months or over,Females,From 20 to 64 years,Percentage,Finland,2016,58.1,,
ESTAT:LFSA_EGAD(1.0),17/04/26 11:00:00,Annual,60 months or over,Females,From 20 to 64 years,Percentage,Finland,2017,57.1,,
ESTAT:LFSA_EGAD(1.0),17/04/26 11:00:00,Annual,60 months or over,Females,From 20 to 64 years,Percentage,Finland,2018,55.3,,
ESTAT:LFSA_EGAD(1.0),17/04/26 11:00:00,Annual,60 months or over,Females,From 20 to 64 years,Percentage,Finland,2019,53.8,,
ESTAT:LFSA_EGAD(1.0),17/04/26 11:00:00,Annual,60 months or over,Females,From 20 to 64 years,Percentage,Finland,2020,53.2,,
ESTAT:LFSA_EGAD(1.0),17/04/26 11:00:00,Annual,60 months or over,Females,From 20 to 64 years,Percentage,Finland,2021,48.4,b,
ESTAT:LFSA_EGAD(1.0),17/04/26 11:00:00,Annual,60 months or over,Females,From 20 to 64 years,Percentage,Finland,2022,48.0,,
ESTAT:LFSA_EGAD(1.0),17/04/26 11:00:00,Annual,60 months or over,Females,From 20 to 64 years,Percentage,Finland,2023,47.7,,
ESTAT:LFSA_EGAD(1.0),17/04/26 11:00:00,Annual,60 months or over,Females,From 20 to 64 years,Percentage,Finland,2024,48.6,,
ESTAT:LFSA_EGAD(1.0),17/04/26 11:00:00,Annual,60 months or over,Females,From 20 to 64 years,Percentage,Finland,2025,49.4,,
ESTAT:LFSA_EGAD(1.0),17/04/26 11:00:00,Annual,60 months or over,Females,From 20 to 64 years,Percentage,France,2016,65.1,,
ESTAT:LFSA_EGAD(1.0),17/04/26 11:00:00,Annual,60 months or over,Females,From 20 to 64 years,Percentage,France,2017,63.6,,
ESTAT:LFSA_EGAD(1.0),17/04/26 11:00:00,Annual,60 months or over,Females,From 20 to 64 years,Percentage,France,2018,62.5,,
ESTAT:LFSA_EGAD(1.0),17/04/26 11:00:00,Annual,60 months or over,Females,From 20 to 64 years,Percentage,France,2019,61.7,,
ESTAT:LFSA_EGAD(1.0),17/04/26 11:00:00,Annual,60 months or over,Females,From 20 to 64 years,Percentage,France,2020,61.9,,
ESTAT:LFSA_EGAD(1.0),17/04/26 11:00:00,Annual,60 months or over,Females,From 20 to 64 years,Percentage,France,2021,58.3,bd,
ESTAT:LFSA_EGAD(1.0),17/04/26 11:00:00,Annual,60 months or over,Females,From 20 to 64 years,Percentage,France,2022,57.4,d,
ESTAT:LFSA_EGAD(1.0),17/04/26 11:00:00,Annual,60 months or over,Females,From 20 to 64 years,Percentage,France,2023,56.8,d,
ESTAT:LFSA_EGAD(1.0),17/04/26 11:00:00,Annual,60 months or over,Females,From 20 to 64 years,Percentage,France,2024,56.8,d,
ESTAT:LFSA_EGAD(1.0),17/04/26 11:00:00,Annual,60 months or over,Females,From 20 to 64 years,Percentage,France,2025,56.9,d,
ESTAT:LFSA_EGAD(1.0),17/04/26 11:00:00,Annual,60 months or over,Females,From 20 to 64 years,Percentage,Croatia,2016,63.1,,
ESTAT:LFSA_EGAD(1.0),17/04/26 11:00:00,Annual,60 months or over,Females,From 20 to 64 years,Percentage,Croatia,2017,61.9,,
ESTAT:LFSA_EGAD(1.0),17/04/26 11:00:00,Annual,60 months or over,Females,From 20 to 64 years,Percentage,Croatia,2018,59.3,,
ESTAT:LFSA_EGAD(1.0),17/04/26 11:00:00,Annual,60 months or over,Females,From 20 to 64 years,Percentage,Croatia,2019,57.8,,
ESTAT:LFSA_EGAD(1.0),17/04/26 11:00:00,Annual,60 months or over,Females,From 20 to 64 years,Percentage,Croatia,2020,60.0,,
ESTAT:LFSA_EGAD(1.0),17/04/26 11:00:00,Annual,60 months or over,Females,From 20 to 64 years,Percentage,Croatia,2021,60.2,b,
ESTAT:LFSA_EGAD(1.0),17/04/26 11:00:00,Annual,60 months or over,Females,From 20 to 64 years,Percentage,Croatia,2022,60.0,,
ESTAT:LFSA_EGAD(1.0),17/04/26 11:00:00,Annual,60 months or over,Females,From 20 to 64 years,Percentage,Croatia,2023,61.4,,
ESTAT:LFSA_EGAD(1.0),17/04/26 11:00:00,Annual,60 months or over,Females,From 20 to 64 years,Percentage,Croatia,2024,63.1,,
ESTAT:LFSA_EGAD(1.0),17/04/26 11:00:00,Annual,60 months or over,Females,From 20 to 64 years,Percentage,Croatia,2025,64.7,,
ESTAT:LFSA_EGAD(1.0),17/04/26 11:00:00,Annual,60 months or over,Females,From 20 to 64 years,Percentage,Hungary,2016,56.0,,
ESTAT:LFSA_EGAD(1.0),17/04/26 11:00:00,Annual,60 months or over,Females,From 20 to 64 years,Percentage,Hungary,2017,55.2,,
ESTAT:LFSA_EGAD(1.0),17/04/26 11:00:00,Annual,60 months or over,Females,From 20 to 64 years,Percentage,Hungary,2018,54.8,b,
ESTAT:LFSA_EGAD(1.0),17/04/26 11:00:00,Annual,60 months or over,Females,From 20 to 64 years,Percentage,Hungary,2019,54.3,,
ESTAT:LFSA_EGAD(1.0),17/04/26 11:00:00,Annual,60 months or over,Females,From 20 to 64 years,Percentage,Hungary,2020,54.3,,
ESTAT:LFSA_EGAD(1.0),17/04/26 11:00:00,Annual,60 months or over,Females,From 20 to 64 years,Percentage,Hungary,2021,55.8,b,
ESTAT:LFSA_EGAD(1.0),17/04/26 11:00:00,Annual,60 months or over,Females,From 20 to 64 years,Percentage,Hungary,2022,56.7,,
ESTAT:LFSA_EGAD(1.0),17/04/26 11:00:00,Annual,60 months or over,Females,From 20 to 64 years,Percentage,Hungary,2023,58.5,,
ESTAT:LFSA_EGAD(1.0),17/04/26 11:00:00,Annual,60 months or over,Females,From 20 to 64 years,Percentage,Hungary,2024,57.8,,
ESTAT:LFSA_EGAD(1.0),17/04/26 11:00:00,Annual,60 months or over,Females,From 20 to 64 years,Percentage,Hungary,2025,59.3,,
ESTAT:LFSA_EGAD(1.0),17/04/26 11:00:00,Annual,60 months or over,Females,From 20 to 64 years,Percentage,Ireland,2016,56.3,,
ESTAT:LFSA_EGAD(1.0),17/04/26 11:00:00,Annual,60 months or over,Females,From 20 to 64 years,Percentage,Ireland,2017,53.0,b,
ESTAT:LFSA_EGAD(1.0),17/04/26 11:00:00,Annual,60 months or over,Females,From 20 to 64 years,Percentage,Ireland,2018,50.2,,
ESTAT:LFSA_EGAD(1.0),17/04/26 11:00:00,Annual,60 months or over,Females,From 20 to 64 years,Percentage,Ireland,2019,50.6,,
ESTAT:LFSA_EGAD(1.0),17/04/26 11:00:00,Annual,60 months or over,Females,From 20 to 64 years,Percentage,Ireland,2020,52.5,,
ESTAT:LFSA_EGAD(1.0),17/04/26 11:00:00,Annual,60 months or over,Females,From 20 to 64 years,Percentage,Ireland,2021,50.3,b,
ESTAT:LFSA_EGAD(1.0),17/04/26 11:00:00,Annual,60 months or over,Females,From 20 to 64 years,Percentage,Ireland,2022,49.1,,
ESTAT:LFSA_EGAD(1.0),17/04/26 11:00:00,Annual,60 months or over,Females,From 20 to 64 years,Percentage,Ireland,2023,49.3,,
ESTAT:LFSA_EGAD(1.0),17/04/26 11:00:00,Annual,60 months or over,Females,From 20 to 64 years,Percentage,Ireland,2024,49.2,,
ESTAT:LFSA_EGAD(1.0),17/04/26 11:00:00,Annual,60 months or over,Females,From 20 to 64 years,Percentage,Ireland,2025,50.3,,
ESTAT:LFSA_EGAD(1.0),17/04/26 11:00:00,Annual,60 months or over,Females,From 20 to 64 years,Percentage,Iceland,2016,50.4,,
ESTAT:LFSA_EGAD(1.0),17/04/26 11:00:00,Annual,60 months or over,Females,From 20 to 64 years,Percentage,Iceland,2017,48.9,,
ESTAT:LFSA_EGAD(1.0),17/04/26 11:00:00,Annual,60 months or over,Females,From 20 to 64 years,Percentage,Iceland,2018,47.6,,
ESTAT:LFSA_EGAD(1.0),17/04/26 11:00:00,Annual,60 months or over,Females,From 20 to 64 years,Percentage,Iceland,2019,47.8,,
ESTAT:LFSA_EGAD(1.0),17/04/26 11:00:00,Annual,60 months or over,Females,From 20 to 64 years,Percentage,Iceland,2020,49.1,b,
ESTAT:LFSA_EGAD(1.0),17/04/26 11:00:00,Annual,60 months or over,Females,From 20 to 64 years,Percentage,Iceland,2021,48.8,b,
ESTAT:LFSA_EGAD(1.0),17/04/26 11:00:00,Annual,60 months or over,Females,From 20 to 64 years,Percentage,Iceland,2022,47.3,,
ESTAT:LFSA_EGAD(1.0),17/04/26 11:00:00,Annual,60 months or over,Females,From 20 to 64 years,Percentage,Iceland,2023,46.2,,
ESTAT:LFSA_EGAD(1.0),17/04/26 11:00:00,Annual,60 months or over,Females,From 20 to 64 years,Percentage,Iceland,2024,46.6,,
ESTAT:LFSA_EGAD(1.0),17/04/26 11:00:00,Annual,60 months or over,Females,From 20 to 64 years,Percentage,Italy,2016,68.1,,
ESTAT:LFSA_EGAD(1.0),17/04/26 11:00:00,Annual,60 months or over,Females,From 20 to 64 years,Percentage,Italy,2017,67.8,,
ESTAT:LFSA_EGAD(1.0),17/04/26 11:00:00,Annual,60 months or over,Females,From 20 to 64 years,Percentage,Italy,2018,66.7,b,
ESTAT:LFSA_EGAD(1.0),17/04/26 11:00:00,Annual,60 months or over,Females,From 20 to 64 years,Percentage,Italy,2019,66.0,,
ESTAT:LFSA_EGAD(1.0),17/04/26 11:00:00,Annual,60 months or over,Females,From 20 to 64 years,Percentage,Italy,2020,66.8,,
ESTAT:LFSA_EGAD(1.0),17/04/26 11:00:00,Annual,60 months or over,Females,From 20 to 64 years,Percentage,Italy,2021,65.4,b,
ESTAT:LFSA_EGAD(1.0),17/04/26 11:00:00,Annual,60 months or over,Females,From 20 to 64 years,Percentage,Italy,2022,63.5,,
ESTAT:LFSA_EGAD(1.0),17/04/26 11:00:00,Annual,60 months or over,Females,From 20 to 64 years,Percentage,Italy,2023,63.0,,
ESTAT:LFSA_EGAD(1.0),17/04/26 11:00:00,Annual,60 months or over,Females,From 20 to 64 years,Percentage,Italy,2024,64.0,,
ESTAT:LFSA_EGAD(1.0),17/04/26 11:00:00,Annual,60 months or over,Females,From 20 to 64 years,Percentage,Italy,2025,65.8,,
ESTAT:LFSA_EGAD(1.0),17/04/26 11:00:00,Annual,60 months or over,Females,From 20 to 64 years,Percentage,Lithuania,2016,53.0,,
ESTAT:LFSA_EGAD(1.0),17/04/26 11:00:00,Annual,60 months or over,Females,From 20 to 64 years,Percentage,Lithuania,2017,52.9,,
ESTAT:LFSA_EGAD(1.0),17/04/26 11:00:00,Annual,60 months or over,Females,From 20 to 64 years,Percentage,Lithuania,2018,52.8,,
ESTAT:LFSA_EGAD(1.0),17/04/26 11:00:00,Annual,60 months or over,Females,From 20 to 64 years,Percentage,Lithuania,2019,52.3,,
ESTAT:LFSA_EGAD(1.0),17/04/26 11:00:00,Annual,60 months or over,Females,From 20 to 64 years,Percentage,Lithuania,2020,52.4,,
ESTAT:LFSA_EGAD(1.0),17/04/26 11:00:00,Annual,60 months or over,Females,From 20 to 64 years,Percentage,Lithuania,2021,57.5,b,
ESTAT:LFSA_EGAD(1.0),17/04/26 11:00:00,Annual,60 months or over,Females,From 20 to 64 years,Percentage,Lithuania,2022,59.7,,
ESTAT:LFSA_EGAD(1.0),17/04/26 11:00:00,Annual,60 months or over,Females,From 20 to 64 years,Percentage,Lithuania,2023,60.0,,
ESTAT:LFSA_EGAD(1.0),17/04/26 11:00:00,Annual,60 months or over,Females,From 20 to 64 years,Percentage,Lithuania,2024,58.6,,
ESTAT:LFSA_EGAD(1.0),17/04/26 11:00:00,Annual,60 months or over,Females,From 20 to 64 years,Percentage,Lithuania,2025,57.9,,
ESTAT:LFSA_EGAD(1.0),17/04/26 11:00:00,Annual,60 months or over,Females,From 20 to 64 years,Percentage,Luxembourg,2016,56.6,b,
ESTAT:LFSA_EGAD(1.0),17/04/26 11:00:00,Annual,60 months or over,Females,From 20 to 64 years,Percentage,Luxembourg,2017,55.7,,
ESTAT:LFSA_EGAD(1.0),17/04/26 11:00:00,Annual,60 months or over,Females,From 20 to 64 years,Percentage,Luxembourg,2018,52.6,,
ESTAT:LFSA_EGAD(1.0),17/04/26 11:00:00,Annual,60 months or over,Females,From 20 to 64 years,Percentage,Luxembourg,2019,52.2,,
ESTAT:LFSA_EGAD(1.0),17/04/26 11:00:00,Annual,60 months or over,Females,From 20 to 64 years,Percentage,Luxembourg,2020,52.6,,
ESTAT:LFSA_EGAD(1.0),17/04/26 11:00:00,Annual,60 months or over,Females,From 20 to 64 years,Percentage,Luxembourg,2021,59.7,b,
ESTAT:LFSA_EGAD(1.0),17/04/26 11:00:00,Annual,60 months or over,Females,From 20 to 64 years,Percentage,Luxembourg,2022,60.1,,
ESTAT:LFSA_EGAD(1.0),17/04/26 11:00:00,Annual,60 months or over,Females,From 20 to 64 years,Percentage,Luxembourg,2023,59.3,,
ESTAT:LFSA_EGAD(1.0),17/04/26 11:00:00,Annual,60 months or over,Females,From 20 to 64 years,Percentage,Luxembourg,2024,58.1,,
ESTAT:LFSA_EGAD(1.0),17/04/26 11:00:00,Annual,60 months or over,Females,From 20 to 64 years,Percentage,Luxembourg,2025,57.6,,
ESTAT:LFSA_EGAD(1.0),17/04/26 11:00:00,Annual,60 months or over,Females,From 20 to 64 years,Percentage,Latvia,2016,57.6,,
ESTAT:LFSA_EGAD(1.0),17/04/26 11:00:00,Annual,60 months or over,Females,From 20 to 64 years,Percentage,Latvia,2017,54.9,,
ESTAT:LFSA_EGAD(1.0),17/04/26 11:00:00,Annual,60 months or over,Females,From 20 to 64 years,Percentage,Latvia,2018,56.8,,
ESTAT:LFSA_EGAD(1.0),17/04/26 11:00:00,Annual,60 months or over,Females,From 20 to 64 years,Percentage,Latvia,2019,57.3,,
ESTAT:LFSA_EGAD(1.0),17/04/26 11:00:00,Annual,60 months or over,Females,From 20 to 64 years,Percentage,Latvia,2020,57.8,,
ESTAT:LFSA_EGAD(1.0),17/04/26 11:00:00,Annual,60 months or over,Females,From 20 to 64 years,Percentage,Latvia,2021,58.6,b,
ESTAT:LFSA_EGAD(1.0),17/04/26 11:00:00,Annual,60 months or over,Females,From 20 to 64 years,Percentage,Latvia,2022,57.7,,
ESTAT:LFSA_EGAD(1.0),17/04/26 11:00:00,Annual,60 months or over,Females,From 20 to 64 years,Percentage,Latvia,2023,57.4,,
ESTAT:LFSA_EGAD(1.0),17/04/26 11:00:00,Annual,60 months or over,Females,From 20 to 64 years,Percentage,Latvia,2024,59.0,,
ESTAT:LFSA_EGAD(1.0),17/04/26 11:00:00,Annual,60 months or over,Females,From 20 to 64 years,Percentage,Latvia,2025,58.4,,
ESTAT:LFSA_EGAD(1.0),17/04/26 11:00:00,Annual,60 months or over,Females,From 20 to 64 years,Percentage,Montenegro,2016,62.5,,
ESTAT:LFSA_EGAD(1.0),17/04/26 11:00:00,Annual,60 months or over,Females,From 20 to 64 years,Percentage,Montenegro,2017,63.1,,
ESTAT:LFSA_EGAD(1.0),17/04/26 11:00:00,Annual,60 months or over,Females,From 20 to 64 years,Percentage,Montenegro,2018,60.8,,
ESTAT:LFSA_EGAD(1.0),17/04/26 11:00:00,Annual,60 months or over,Females,From 20 to 64 years,Percentage,Montenegro,2019,60.6,,
ESTAT:LFSA_EGAD(1.0),17/04/26 11:00:00,Annual,60 months or over,Females,From 20 to 64 years,Percentage,Montenegro,2020,61.0,,
ESTAT:LFSA_EGAD(1.0),17/04/26 11:00:00,Annual,60 months or over,Females,From 20 to 64 years,Percentage,North Macedonia,2016,59.8,,
ESTAT:LFSA_EGAD(1.0),17/04/26 11:00:00,Annual,60 months or over,Females,From 20 to 64 years,Percentage,North Macedonia,2017,61.5,,
ESTAT:LFSA_EGAD(1.0),17/04/26 11:00:00,Annual,60 months or over,Females,From 20 to 64 years,Percentage,North Macedonia,2018,58.9,,
ESTAT:LFSA_EGAD(1.0),17/04/26 11:00:00,Annual,60 months or over,Females,From 20 to 64 years,Percentage,North Macedonia,2019,56.8,,
ESTAT:LFSA_EGAD(1.0),17/04/26 11:00:00,Annual,60 months or over,Females,From 20 to 64 years,Percentage,North Macedonia,2020,60.2,,
ESTAT:LFSA_EGAD(1.0),17/04/26 11:00:00,Annual,60 months or over,Females,From 20 to 64 years,Percentage,North Macedonia,2021,61.3,b,
ESTAT:LFSA_EGAD(1.0),17/04/26 11:00:00,Annual,60 months or over,Females,From 20 to 64 years,Percentage,North Macedonia,2022,62.0,,
ESTAT:LFSA_EGAD(1.0),17/04/26 11:00:00,Annual,60 months or over,Females,From 20 to 64 years,Percentage,North Macedonia,2023,62.0,,
ESTAT:LFSA_EGAD(1.0),17/04/26 11:00:00,Annual,60 months or over,Females,From 20 to 64 years,Percentage,North Macedonia,2024,60.5,,
ESTAT:LFSA_EGAD(1.0),17/04/26 11:00:00,Annual,60 months or over,Females,From 20 to 64 years,Percentage,North Macedonia,2025,61.9,,
ESTAT:LFSA_EGAD(1.0),17/04/26 11:00:00,Annual,60 months or over,Females,From 20 to 64 years,Percentage,Malta,2016,51.8,,
ESTAT:LFSA_EGAD(1.0),17/04/26 11:00:00,Annual,60 months or over,Females,From 20 to 64 years,Percentage,Malta,2017,49.7,,
ESTAT:LFSA_EGAD(1.0),17/04/26 11:00:00,Annual,60 months or over,Females,From 20 to 64 years,Percentage,Malta,2018,45.2,,
ESTAT:LFSA_EGAD(1.0),17/04/26 11:00:00,Annual,60 months or over,Females,From 20 to 64 years,Percentage,Malta,2019,46.0,,
ESTAT:LFSA_EGAD(1.0),17/04/26 11:00:00,Annual,60 months or over,Females,From 20 to 64 years,Percentage,Malta,2020,49.0,,
ESTAT:LFSA_EGAD(1.0),17/04/26 11:00:00,Annual,60 months or over,Females,From 20 to 64 years,Percentage,Malta,2021,49.3,b,
ESTAT:LFSA_EGAD(1.0),17/04/26 11:00:00,Annual,60 months or over,Females,From 20 to 64 years,Percentage,Malta,2022,51.6,,
ESTAT:LFSA_EGAD(1.0),17/04/26 11:00:00,Annual,60 months or over,Females,From 20 to 64 years,Percentage,Malta,2023,48.8,,
ESTAT:LFSA_EGAD(1.0),17/04/26 11:00:00,Annual,60 months or over,Females,From 20 to 64 years,Percentage,Malta,2024,49.3,,
ESTAT:LFSA_EGAD(1.0),17/04/26 11:00:00,Annual,60 months or over,Females,From 20 to 64 years,Percentage,Malta,2025,48.8,,
ESTAT:LFSA_EGAD(1.0),17/04/26 11:00:00,Annual,60 months or over,Females,From 20 to 64 years,Percentage,Netherlands,2016,61.1,,
ESTAT:LFSA_EGAD(1.0),17/04/26 11:00:00,Annual,60 months or over,Females,From 20 to 64 years,Percentage,Netherlands,2017,58.9,,
ESTAT:LFSA_EGAD(1.0),17/04/26 11:00:00,Annual,60 months or over,Females,From 20 to 64 years,Percentage,Netherlands,2018,56.1,,
ESTAT:LFSA_EGAD(1.0),17/04/26 11:00:00,Annual,60 months or over,Females,From 20 to 64 years,Percentage,Netherlands,2019,54.4,,
ESTAT:LFSA_EGAD(1.0),17/04/26 11:00:00,Annual,60 months or over,Females,From 20 to 64 years,Percentage,Netherlands,2020,53.9,,
ESTAT:LFSA_EGAD(1.0),17/04/26 11:00:00,Annual,60 months or over,Females,From 20 to 64 years,Percentage,Netherlands,2021,48.8,b,
ESTAT:LFSA_EGAD(1.0),17/04/26 11:00:00,Annual,60 months or over,Females,From 20 to 64 years,Percentage,Netherlands,2022,48.0,,
ESTAT:LFSA_EGAD(1.0),17/04/26 11:00:00,Annual,60 months or over,Females,From 20 to 64 years,Percentage,Netherlands,2023,47.7,,
ESTAT:LFSA_EGAD(1.0),17/04/26 11:00:00,Annual,60 months or over,Females,From 20 to 64 years,Percentage,Netherlands,2024,48.2,,
ESTAT:LFSA_EGAD(1.0),17/04/26 11:00:00,Annual,60 months or over,Females,From 20 to 64 years,Percentage,Netherlands,2025,47.8,,
ESTAT:LFSA_EGAD(1.0),17/04/26 11:00:00,Annual,60 months or over,Females,From 20 to 64 years,Percentage,Norway,2016,54.5,,
ESTAT:LFSA_EGAD(1.0),17/04/26 11:00:00,Annual,60 months or over,Females,From 20 to 64 years,Percentage,Norway,2017,54.1,,
ESTAT:LFSA_EGAD(1.0),17/04/26 11:00:00,Annual,60 months or over,Females,From 20 to 64 years,Percentage,Norway,2018,54.3,,
ESTAT:LFSA_EGAD(1.0),17/04/26 11:00:00,Annual,60 months or over,Females,From 20 to 64 years,Percentage,Norway,2019,53.4,,
ESTAT:LFSA_EGAD(1.0),17/04/26 11:00:00,Annual,60 months or over,Females,From 20 to 64 years,Percentage,Norway,2020,53.5,,
ESTAT:LFSA_EGAD(1.0),17/04/26 11:00:00,Annual,60 months or over,Females,From 20 to 64 years,Percentage,Norway,2021,53.2,b,
ESTAT:LFSA_EGAD(1.0),17/04/26 11:00:00,Annual,60 months or over,Females,From 20 to 64 years,Percentage,Norway,2022,51.8,,
ESTAT:LFSA_EGAD(1.0),17/04/26 11:00:00,Annual,60 months or over,Females,From 20 to 64 years,Percentage,Norway,2023,50.7,,
ESTAT:LFSA_EGAD(1.0),17/04/26 11:00:00,Annual,60 months or over,Females,From 20 to 64 years,Percentage,Norway,2024,51.1,,
ESTAT:LFSA_EGAD(1.0),17/04/26 11:00:00,Annual,60 months or over,Females,From 20 to 64 years,Percentage,Norway,2025,50.2,,
ESTAT:LFSA_EGAD(1.0),17/04/26 11:00:00,Annual,60 months or over,Females,From 20 to 64 years,Percentage,Poland,2016,61.6,,
ESTAT:LFSA_EGAD(1.0),17/04/26 11:00:00,Annual,60 months or over,Females,From 20 to 64 years,Percentage,Poland,2017,61.0,,
ESTAT:LFSA_EGAD(1.0),17/04/26 11:00:00,Annual,60 months or over,Females,From 20 to 64 years,Percentage,Poland,2018,59.5,,
ESTAT:LFSA_EGAD(1.0),17/04/26 11:00:00,Annual,60 months or over,Females,From 20 to 64 years,Percentage,Poland,2019,58.4,b,
ESTAT:LFSA_EGAD(1.0),17/04/26 11:00:00,Annual,60 months or over,Females,From 20 to 64 years,Percentage,Poland,2020,59.5,,
ESTAT:LFSA_EGAD(1.0),17/04/26 11:00:00,Annual,60 months or over,Females,From 20 to 64 years,Percentage,Poland,2021,59.6,b,
ESTAT:LFSA_EGAD(1.0),17/04/26 11:00:00,Annual,60 months or over,Females,From 20 to 64 years,Percentage,Poland,2022,60.4,,
ESTAT:LFSA_EGAD(1.0),17/04/26 11:00:00,Annual,60 months or over,Females,From 20 to 64 years,Percentage,Poland,2023,60.6,,
ESTAT:LFSA_EGAD(1.0),17/04/26 11:00:00,Annual,60 months or over,Females,From 20 to 64 years,Percentage,Poland,2024,60.7,,
ESTAT:LFSA_EGAD(1.0),17/04/26 11:00:00,Annual,60 months or over,Females,From 20 to 64 years,Percentage,Poland,2025,60.7,,
ESTAT:LFSA_EGAD(1.0),17/04/26 11:00:00,Annual,60 months or over,Females,From 20 to 64 years,Percentage,Portugal,2016,65.9,,
ESTAT:LFSA_EGAD(1.0),17/04/26 11:00:00,Annual,60 months or over,Females,From 20 to 64 years,Percentage,Portugal,2017,64.2,,
ESTAT:LFSA_EGAD(1.0),17/04/26 11:00:00,Annual,60 months or over,Females,From 20 to 64 years,Percentage,Portugal,2018,62.7,,
ESTAT:LFSA_EGAD(1.0),17/04/26 11:00:00,Annual,60 months or over,Females,From 20 to 64 years,Percentage,Portugal,2019,61.6,,
ESTAT:LFSA_EGAD(1.0),17/04/26 11:00:00,Annual,60 months or over,Females,From 20 to 64 years,Percentage,Portugal,2020,63.3,,
ESTAT:LFSA_EGAD(1.0),17/04/26 11:00:00,Annual,60 months or over,Females,From 20 to 64 years,Percentage,Portugal,2021,64.9,b,
ESTAT:LFSA_EGAD(1.0),17/04/26 11:00:00,Annual,60 months or over,Females,From 20 to 64 years,Percentage,Portugal,2022,63.9,,
ESTAT:LFSA_EGAD(1.0),17/04/26 11:00:00,Annual,60 months or over,Females,From 20 to 64 years,Percentage,Portugal,2023,61.3,,
ESTAT:LFSA_EGAD(1.0),17/04/26 11:00:00,Annual,60 months or over,Females,From 20 to 64 years,Percentage,Portugal,2024,60.9,,
ESTAT:LFSA_EGAD(1.0),17/04/26 11:00:00,Annual,60 months or over,Females,From 20 to 64 years,Percentage,Portugal,2025,60.7,,
ESTAT:LFSA_EGAD(1.0),17/04/26 11:00:00,Annual,60 months or over,Females,From 20 to 64 years,Percentage,Romania,2016,68.7,,
ESTAT:LFSA_EGAD(1.0),17/04/26 11:00:00,Annual,60 months or over,Females,From 20 to 64 years,Percentage,Romania,2017,67.4,,
ESTAT:LFSA_EGAD(1.0),17/04/26 11:00:00,Annual,60 months or over,Females,From 20 to 64 years,Percentage,Romania,2018,65.4,,
ESTAT:LFSA_EGAD(1.0),17/04/26 11:00:00,Annual,60 months or over,Females,From 20 to 64 years,Percentage,Romania,2019,66.6,,
ESTAT:LFSA_EGAD(1.0),17/04/26 11:00:00,Annual,60 months or over,Females,From 20 to 64 years,Percentage,Romania,2020,69.4,,
ESTAT:LFSA_EGAD(1.0),17/04/26 11:00:00,Annual,60 months or over,Females,From 20 to 64 years,Percentage,Romania,2021,70.6,b,
ESTAT:LFSA_EGAD(1.0),17/04/26 11:00:00,Annual,60 months or over,Females,From 20 to 64 years,Percentage,Romania,2022,71.6,,
ESTAT:LFSA_EGAD(1.0),17/04/26 11:00:00,Annual,60 months or over,Females,From 20 to 64 years,Percentage,Romania,2023,74.7,,
ESTAT:LFSA_EGAD(1.0),17/04/26 11:00:00,Annual,60 months or over,Females,From 20 to 64 years,Percentage,Romania,2024,74.5,,
ESTAT:LFSA_EGAD(1.0),17/04/26 11:00:00,Annual,60 months or over,Females,From 20 to 64 years,Percentage,Romania,2025,76.8,,
ESTAT:LFSA_EGAD(1.0),17/04/26 11:00:00,Annual,60 months or over,Females,From 20 to 64 years,Percentage,Serbia,2016,64.9,,
ESTAT:LFSA_EGAD(1.0),17/04/26 11:00:00,Annual,60 months or over,Females,From 20 to 64 years,Percentage,Serbia,2017,64.4,,
ESTAT:LFSA_EGAD(1.0),17/04/26 11:00:00,Annual,60 months or over,Females,From 20 to 64 years,Percentage,Serbia,2018,62.9,,
ESTAT:LFSA_EGAD(1.0),17/04/26 11:00:00,Annual,60 months or over,Females,From 20 to 64 years,Percentage,Serbia,2019,61.7,,
ESTAT:LFSA_EGAD(1.0),17/04/26 11:00:00,Annual,60 months or over,Females,From 20 to 64 years,Percentage,Serbia,2020,62.1,,
ESTAT:LFSA_EGAD(1.0),17/04/26 11:00:00,Annual,60 months or over,Females,From 20 to 64 years,Percentage,Serbia,2021,60.7,b,
ESTAT:LFSA_EGAD(1.0),17/04/26 11:00:00,Annual,60 months or over,Females,From 20 to 64 years,Percentage,Serbia,2022,60.4,,
ESTAT:LFSA_EGAD(1.0),17/04/26 11:00:00,Annual,60 months or over,Females,From 20 to 64 years,Percentage,Serbia,2023,61.5,,
ESTAT:LFSA_EGAD(1.0),17/04/26 11:00:00,Annual,60 months or over,Females,From 20 to 64 years,Percentage,Serbia,2024,61.7,,
ESTAT:LFSA_EGAD(1.0),17/04/26 11:00:00,Annual,60 months or over,Females,From 20 to 64 years,Percentage,Serbia,2025,64.0,,
ESTAT:LFSA_EGAD(1.0),17/04/26 11:00:00,Annual,60 months or over,Females,From 20 to 64 years,Percentage,Sweden,2016,51.9,,
ESTAT:LFSA_EGAD(1.0),17/04/26 11:00:00,Annual,60 months or over,Females,From 20 to 64 years,Percentage,Sweden,2017,50.5,,
ESTAT:LFSA_EGAD(1.0),17/04/26 11:00:00,Annual,60 months or over,Females,From 20 to 64 years,Percentage,Sweden,2018,48.6,b,
ESTAT:LFSA_EGAD(1.0),17/04/26 11:00:00,Annual,60 months or over,Females,From 20 to 64 years,Percentage,Sweden,2019,48.7,,
ESTAT:LFSA_EGAD(1.0),17/04/26 11:00:00,Annual,60 months or over,Females,From 20 to 64 years,Percentage,Sweden,2020,49.1,,
ESTAT:LFSA_EGAD(1.0),17/04/26 11:00:00,Annual,60 months or over,Females,From 20 to 64 years,Percentage,Sweden,2021,47.6,b,
ESTAT:LFSA_EGAD(1.0),17/04/26 11:00:00,Annual,60 months or over,Females,From 20 to 64 years,Percentage,Sweden,2022,48.0,,
ESTAT:LFSA_EGAD(1.0),17/04/26 11:00:00,Annual,60 months or over,Females,From 20 to 64 years,Percentage,Sweden,2023,49.6,,
ESTAT:LFSA_EGAD(1.0),17/04/26 11:00:00,Annual,60 months or over,Females,From 20 to 64 years,Percentage,Sweden,2024,51.2,,
ESTAT:LFSA_EGAD(1.0),17/04/26 11:00:00,Annual,60 months or over,Females,From 20 to 64 years,Percentage,Sweden,2025,53.1,,
ESTAT:LFSA_EGAD(1.0),17/04/26 11:00:00,Annual,60 months or over,Females,From 20 to 64 years,Percentage,Slovenia,2016,66.9,,
ESTAT:LFSA_EGAD(1.0),17/04/26 11:00:00,Annual,60 months or over,Females,From 20 to 64 years,Percentage,Slovenia,2017,65.6,,
ESTAT:LFSA_EGAD(1.0),17/04/26 11:00:00,Annual,60 months or over,Females,From 20 to 64 years,Percentage,Slovenia,2018,65.6,,
ESTAT:LFSA_EGAD(1.0),17/04/26 11:00:00,Annual,60 months or over,Females,From 20 to 64 years,Percentage,Slovenia,2019,63.7,,
ESTAT:LFSA_EGAD(1.0),17/04/26 11:00:00,Annual,60 months or over,Females,From 20 to 64 years,Percentage,Slovenia,2020,63.8,,
ESTAT:LFSA_EGAD(1.0),17/04/26 11:00:00,Annual,60 months or over,Females,From 20 to 64 years,Percentage,Slovenia,2021,66.1,b,
ESTAT:LFSA_EGAD(1.0),17/04/26 11:00:00,Annual,60 months or over,Females,From 20 to 64 years,Percentage,Slovenia,2022,65.8,,
ESTAT:LFSA_EGAD(1.0),17/04/26 11:00:00,Annual,60 months or over,Females,From 20 to 64 years,Percentage,Slovenia,2023,64.4,,
ESTAT:LFSA_EGAD(1.0),17/04/26 11:00:00,Annual,60 months or over,Females,From 20 to 64 years,Percentage,Slovenia,2024,64.8,,
ESTAT:LFSA_EGAD(1.0),17/04/26 11:00:00,Annual,60 months or over,Females,From 20 to 64 years,Percentage,Slovenia,2025,66.5,,
ESTAT:LFSA_EGAD(1.0),17/04/26 11:00:00,Annual,60 months or over,Females,From 20 to 64 years,Percentage,Slovakia,2016,62.2,,
ESTAT:LFSA_EGAD(1.0),17/04/26 11:00:00,Annual,60 months or over,Females,From 20 to 64 years,Percentage,Slovakia,2017,60.9,,
ESTAT:LFSA_EGAD(1.0),17/04/26 11:00:00,Annual,60 months or over,Females,From 20 to 64 years,Percentage,Slovakia,2018,61.9,,
ESTAT:LFSA_EGAD(1.0),17/04/26 11:00:00,Annual,60 months or over,Females,From 20 to 64 years,Percentage,Slovakia,2019,61.8,,
ESTAT:LFSA_EGAD(1.0),17/04/26 11:00:00,Annual,60 months or over,Females,From 20 to 64 years,Percentage,Slovakia,2020,63.2,,
ESTAT:LFSA_EGAD(1.0),17/04/26 11:00:00,Annual,60 months or over,Females,From 20 to 64 years,Percentage,Slovakia,2021,67.6,b,
ESTAT:LFSA_EGAD(1.0),17/04/26 11:00:00,Annual,60 months or over,Females,From 20 to 64 years,Percentage,Slovakia,2022,66.4,,
ESTAT:LFSA_EGAD(1.0),17/04/26 11:00:00,Annual,60 months or over,Females,From 20 to 64 years,Percentage,Slovakia,2023,68.6,,
ESTAT:LFSA_EGAD(1.0),17/04/26 11:00:00,Annual,60 months or over,Females,From 20 to 64 years,Percentage,Slovakia,2024,67.4,,
ESTAT:LFSA_EGAD(1.0),17/04/26 11:00:00,Annual,60 months or over,Females,From 20 to 64 years,Percentage,Slovakia,2025,69.1,,
ESTAT:LFSA_EGAD(1.0),17/04/26 11:00:00,Annual,60 months or over,Females,From 20 to 64 years,Percentage,Türkiye,2016,47.6,,
ESTAT:LFSA_EGAD(1.0),17/04/26 11:00:00,Annual,60 months or over,Females,From 20 to 64 years,Percentage,Türkiye,2017,47.7,,
ESTAT:LFSA_EGAD(1.0),17/04/26 11:00:00,Annual,60 months or over,Females,From 20 to 64 years,Percentage,Türkiye,2018,46.3,,
ESTAT:LFSA_EGAD(1.0),17/04/26 11:00:00,Annual,60 months or over,Females,From 20 to 64 years,Percentage,Türkiye,2019,47.5,,
ESTAT:LFSA_EGAD(1.0),17/04/26 11:00:00,Annual,60 months or over,Females,From 20 to 64 years,Percentage,Türkiye,2020,48.2,,
ESTAT:LFSA_EGAD(1.0),17/04/26 11:00:00,Annual,60 months or over,Females,From 20 to 64 years,Percentage,Türkiye,2021,47.1,b,
ESTAT:LFSA_EGAD(1.0),17/04/26 11:00:00,Annual,60 months or over,Females,From 20 to 64 years,Percentage,Türkiye,2022,46.0,,
ESTAT:LFSA_EGAD(1.0),17/04/26 11:00:00,Annual,60 months or over,Females,From 20 to 64 years,Percentage,Türkiye,2023,45.9,,
ESTAT:LFSA_EGAD(1.0),17/04/26 11:00:00,Annual,60 months or over,Females,From 20 to 64 years,Percentage,Türkiye,2024,45.2,,
ESTAT:LFSA_EGAD(1.0),17/04/26 11:00:00,Annual,60 months or over,Females,From 20 to 64 years,Percentage,Türkiye,2025,44.9,,
ESTAT:LFSA_EGAD(1.0),17/04/26 11:00:00,Annual,60 months or over,Females,From 20 to 64 years,Percentage,United Kingdom,2016,52.1,,
ESTAT:LFSA_EGAD(1.0),17/04/26 11:00:00,Annual,60 months or over,Females,From 20 to 64 years,Percentage,United Kingdom,2017,51.6,,
ESTAT:LFSA_EGAD(1.0),17/04/26 11:00:00,Annual,60 months or over,Females,From 20 to 64 years,Percentage,United Kingdom,2018,51.7,,
ESTAT:LFSA_EGAD(1.0),17/04/26 11:00:00,Annual,60 months or over,Females,From 20 to 64 years,Percentage,United Kingdom,2019,50.9,,
ESTAT:LFSA_EGAD(1.0),17/04/26 11:00:00,Annual,60 months or over,Males,From 20 to 64 years,Percentage,Austria,2016,62.3,,
ESTAT:LFSA_EGAD(1.0),17/04/26 11:00:00,Annual,60 months or over,Males,From 20 to 64 years,Percentage,Austria,2017,61.5,,
ESTAT:LFSA_EGAD(1.0),17/04/26 11:00:00,Annual,60 months or over,Males,From 20 to 64 years,Percentage,Austria,2018,61.1,,
ESTAT:LFSA_EGAD(1.0),17/04/26 11:00:00,Annual,60 months or over,Males,From 20 to 64 years,Percentage,Austria,2019,60.5,,
ESTAT:LFSA_EGAD(1.0),17/04/26 11:00:00,Annual,60 months or over,Males,From 20 to 64 years,Percentage,Austria,2020,61.4,,
ESTAT:LFSA_EGAD(1.0),17/04/26 11:00:00,Annual,60 months or over,Males,From 20 to 64 years,Percentage,Austria,2021,61.9,b,
ESTAT:LFSA_EGAD(1.0),17/04/26 11:00:00,Annual,60 months or over,Males,From 20 to 64 years,Percentage,Austria,2022,61.2,,
ESTAT:LFSA_EGAD(1.0),17/04/26 11:00:00,Annual,60 months or over,Males,From 20 to 64 years,Percentage,Austria,2023,60.9,,
ESTAT:LFSA_EGAD(1.0),17/04/26 11:00:00,Annual,60 months or over,Males,From 20 to 64 years,Percentage,Austria,2024,61.4,,
ESTAT:LFSA_EGAD(1.0),17/04/26 11:00:00,Annual,60 months or over,Males,From 20 to 64 years,Percentage,Austria,2025,61.3,,
ESTAT:LFSA_EGAD(1.0),17/04/26 11:00:00,Annual,60 months or over,Males,From 20 to 64 years,Percentage,Bosnia and Herzegovina,2021,64.9,b,
ESTAT:LFSA_EGAD(1.0),17/04/26 11:00:00,Annual,60 months or over,Males,From 20 to 64 years,Percentage,Bosnia and Herzegovina,2022,69.2,,
ESTAT:LFSA_EGAD(1.0),17/04/26 11:00:00,Annual,60 months or over,Males,From 20 to 64 years,Percentage,Bosnia and Herzegovina,2023,71.8,,
ESTAT:LFSA_EGAD(1.0),17/04/26 11:00:00,Annual,60 months or over,Males,From 20 to 64 years,Percentage,Bosnia and Herzegovina,2024,72.4,,
ESTAT:LFSA_EGAD(1.0),17/04/26 11:00:00,Annual,60 months or over,Males,From 20 to 64 years,Percentage,Bosnia and Herzegovina,2025,75.1,,
ESTAT:LFSA_EGAD(1.0),17/04/26 11:00:00,Annual,60 months or over,Males,From 20 to 64 years,Percentage,Belgium,2016,65.7,,
ESTAT:LFSA_EGAD(1.0),17/04/26 11:00:00,Annual,60 months or over,Males,From 20 to 64 years,Percentage,Belgium,2017,64.7,b,
ESTAT:LFSA_EGAD(1.0),17/04/26 11:00:00,Annual,60 months or over,Males,From 20 to 64 years,Percentage,Belgium,2018,64.4,,
ESTAT:LFSA_EGAD(1.0),17/04/26 11:00:00,Annual,60 months or over,Males,From 20 to 64 years,Percentage,Belgium,2019,62.4,,
ESTAT:LFSA_EGAD(1.0),17/04/26 11:00:00,Annual,60 months or over,Males,From 20 to 64 years,Percentage,Belgium,2020,62.9,,
ESTAT:LFSA_EGAD(1.0),17/04/26 11:00:00,Annual,60 months or over,Males,From 20 to 64 years,Percentage,Belgium,2021,62.4,b,
ESTAT:LFSA_EGAD(1.0),17/04/26 11:00:00,Annual,60 months or over,Males,From 20 to 64 years,Percentage,Belgium,2022,63.4,,
ESTAT:LFSA_EGAD(1.0),17/04/26 11:00:00,Annual,60 months or over,Males,From 20 to 64 years,Percentage,Belgium,2023,64.2,,
ESTAT:LFSA_EGAD(1.0),17/04/26 11:00:00,Annual,60 months or over,Males,From 20 to 64 years,Percentage,Belgium,2024,64.3,,
ESTAT:LFSA_EGAD(1.0),17/04/26 11:00:00,Annual,60 months or over,Males,From 20 to 64 years,Percentage,Belgium,2025,63.8,,
ESTAT:LFSA_EGAD(1.0),17/04/26 11:00:00,Annual,60 months or over,Males,From 20 to 64 years,Percentage,Bulgaria,2016,64.4,,
ESTAT:LFSA_EGAD(1.0),17/04/26 11:00:00,Annual,60 months or over,Males,From 20 to 64 years,Percentage,Bulgaria,2017,64.8,,
ESTAT:LFSA_EGAD(1.0),17/04/26 11:00:00,Annual,60 months or over,Males,From 20 to 64 years,Percentage,Bulgaria,2018,65.6,,
ESTAT:LFSA_EGAD(1.0),17/04/26 11:00:00,Annual,60 months or over,Males,From 20 to 64 years,Percentage,Bulgaria,2019,66.7,b,
ESTAT:LFSA_EGAD(1.0),17/04/26 11:00:00,Annual,60 months or over,Males,From 20 to 64 years,Percentage,Bulgaria,2020,69.3,,
ESTAT:LFSA_EGAD(1.0),17/04/26 11:00:00,Annual,60 months or over,Males,From 20 to 64 years,Percentage,Bulgaria,2021,70.3,b,
ESTAT:LFSA_EGAD(1.0),17/04/26 11:00:00,Annual,60 months or over,Males,From 20 to 64 years,Percentage,Bulgaria,2022,70.3,,
ESTAT:LFSA_EGAD(1.0),17/04/26 11:00:00,Annual,60 months or over,Males,From 20 to 64 years,Percentage,Bulgaria,2023,72.1,,
ESTAT:LFSA_EGAD(1.0),17/04/26 11:00:00,Annual,60 months or over,Males,From 20 to 64 years,Percentage,Bulgaria,2024,72.5,b,
ESTAT:LFSA_EGAD(1.0),17/04/26 11:00:00,Annual,60 months or over,Males,From 20 to 64 years,Percentage,Bulgaria,2025,72.9,,
ESTAT:LFSA_EGAD(1.0),17/04/26 11:00:00,Annual,60 months or over,Males,From 20 to 64 years,Percentage,Switzerland,2016,56.1,,
ESTAT:LFSA_EGAD(1.0),17/04/26 11:00:00,Annual,60 months or over,Males,From 20 to 64 years,Percentage,Switzerland,2017,55.8,,
ESTAT:LFSA_EGAD(1.0),17/04/26 11:00:00,Annual,60 months or over,Males,From 20 to 64 years,Percentage,Switzerland,2018,55.1,,
ESTAT:LFSA_EGAD(1.0),17/04/26 11:00:00,Annual,60 months or over,Males,From 20 to 64 years,Percentage,Switzerland,2019,54.6,,
ESTAT:LFSA_EGAD(1.0),17/04/26 11:00:00,Annual,60 months or over,Males,From 20 to 64 years,Percentage,Switzerland,2020,55.1,,
ESTAT:LFSA_EGAD(1.0),17/04/26 11:00:00,Annual,60 months or over,Males,From 20 to 64 years,Percentage,Switzerland,2021,54.2,b,
ESTAT:LFSA_EGAD(1.0),17/04/26 11:00:00,Annual,60 months or over,Males,From 20 to 64 years,Percentage,Switzerland,2022,53.8,,
ESTAT:LFSA_EGAD(1.0),17/04/26 11:00:00,Annual,60 months or over,Males,From 20 to 64 years,Percentage,Switzerland,2023,53.1,,
ESTAT:LFSA_EGAD(1.0),17/04/26 11:00:00,Annual,60 months or over,Males,From 20 to 64 years,Percentage,Switzerland,2024,53.4,,
ESTAT:LFSA_EGAD(1.0),17/04/26 11:00:00,Annual,60 months or over,Males,From 20 to 64 years,Percentage,Switzerland,2025,53.4,,
ESTAT:LFSA_EGAD(1.0),17/04/26 11:00:00,Annual,60 months or over,Males,From 20 to 64 years,Percentage,Cyprus,2016,58.7,,
ESTAT:LFSA_EGAD(1.0),17/04/26 11:00:00,Annual,60 months or over,Males,From 20 to 64 years,Percentage,Cyprus,2017,57.8,,
ESTAT:LFSA_EGAD(1.0),17/04/26 11:00:00,Annual,60 months or over,Males,From 20 to 64 years,Percentage,Cyprus,2018,55.5,,
ESTAT:LFSA_EGAD(1.0),17/04/26 11:00:00,Annual,60 months or over,Males,From 20 to 64 years,Percentage,Cyprus,2019,51.2,,
ESTAT:LFSA_EGAD(1.0),17/04/26 11:00:00,Annual,60 months or over,Males,From 20 to 64 years,Percentage,Cyprus,2020,51.6,,
ESTAT:LFSA_EGAD(1.0),17/04/26 11:00:00,Annual,60 months or over,Males,From 20 to 64 years,Percentage,Cyprus,2021,53.4,b,
ESTAT:LFSA_EGAD(1.0),17/04/26 11:00:00,Annual,60 months or over,Males,From 20 to 64 years,Percentage,Cyprus,2022,54.7,,
ESTAT:LFSA_EGAD(1.0),17/04/26 11:00:00,Annual,60 months or over,Males,From 20 to 64 years,Percentage,Cyprus,2023,56.7,,
ESTAT:LFSA_EGAD(1.0),17/04/26 11:00:00,Annual,60 months or over,Males,From 20 to 64 years,Percentage,Cyprus,2024,56.7,,
ESTAT:LFSA_EGAD(1.0),17/04/26 11:00:00,Annual,60 months or over,Males,From 20 to 64 years,Percentage,Cyprus,2025,54.9,,
ESTAT:LFSA_EGAD(1.0),17/04/26 11:00:00,Annual,60 months or over,Males,From 20 to 64 years,Percentage,Czechia,2016,69.1,,
ESTAT:LFSA_EGAD(1.0),17/04/26 11:00:00,Annual,60 months or over,Males,From 20 to 64 years,Percentage,Czechia,2017,67.8,,
ESTAT:LFSA_EGAD(1.0),17/04/26 11:00:00,Annual,60 months or over,Males,From 20 to 64 years,Percentage,Czechia,2018,67.0,,
ESTAT:LFSA_EGAD(1.0),17/04/26 11:00:00,Annual,60 months or over,Males,From 20 to 64 years,Percentage,Czechia,2019,67.5,,
ESTAT:LFSA_EGAD(1.0),17/04/26 11:00:00,Annual,60 months or over,Males,From 20 to 64 years,Percentage,Czechia,2020,69.1,,
ESTAT:LFSA_EGAD(1.0),17/04/26 11:00:00,Annual,60 months or over,Males,From 20 to 64 years,Percentage,Czechia,2021,69.5,b,
ESTAT:LFSA_EGAD(1.0),17/04/26 11:00:00,Annual,60 months or over,Males,From 20 to 64 years,Percentage,Czechia,2022,70.3,,
ESTAT:LFSA_EGAD(1.0),17/04/26 11:00:00,Annual,60 months or over,Males,From 20 to 64 years,Percentage,Czechia,2023,69.1,,
ESTAT:LFSA_EGAD(1.0),17/04/26 11:00:00,Annual,60 months or over,Males,From 20 to 64 years,Percentage,Czechia,2024,67.6,,
ESTAT:LFSA_EGAD(1.0),17/04/26 11:00:00,Annual,60 months or over,Males,From 20 to 64 years,Percentage,Czechia,2025,68.7,,
ESTAT:LFSA_EGAD(1.0),17/04/26 11:00:00,Annual,60 months or over,Males,From 20 to 64 years,Percentage,Germany,2016,61.1,,
ESTAT:LFSA_EGAD(1.0),17/04/26 11:00:00,Annual,60 months or over,Males,From 20 to 64 years,Percentage,Germany,2017,61.0,,
ESTAT:LFSA_EGAD(1.0),17/04/26 11:00:00,Annual,60 months or over,Males,From 20 to 64 years,Percentage,Germany,2018,60.3,,
ESTAT:LFSA_EGAD(1.0),17/04/26 11:00:00,Annual,60 months or over,Males,From 20 to 64 years,Percentage,Germany,2019,59.8,,
ESTAT:LFSA_EGAD(1.0),17/04/26 11:00:00,Annual,60 months or over,Males,From 20 to 64 years,Percentage,Germany,2020,62.2,b,
ESTAT:LFSA_EGAD(1.0),17/04/26 11:00:00,Annual,60 months or over,Males,From 20 to 64 years,Percentage,Germany,2021,61.2,b,
ESTAT:LFSA_EGAD(1.0),17/04/26 11:00:00,Annual,60 months or over,Males,From 20 to 64 years,Percentage,Germany,2022,60.1,,
ESTAT:LFSA_EGAD(1.0),17/04/26 11:00:00,Annual,60 months or over,Males,From 20 to 64 years,Percentage,Germany,2023,59.7,,
ESTAT:LFSA_EGAD(1.0),17/04/26 11:00:00,Annual,60 months or over,Males,From 20 to 64 years,Percentage,Germany,2024,59.9,,
ESTAT:LFSA_EGAD(1.0),17/04/26 11:00:00,Annual,60 months or over,Males,From 20 to 64 years,Percentage,Germany,2025,59.5,,
ESTAT:LFSA_EGAD(1.0),17/04/26 11:00:00,Annual,60 months or over,Males,From 20 to 64 years,Percentage,Denmark,2016,49.2,b,
ESTAT:LFSA_EGAD(1.0),17/04/26 11:00:00,Annual,60 months or over,Males,From 20 to 64 years,Percentage,Denmark,2017,47.8,b,
ESTAT:LFSA_EGAD(1.0),17/04/26 11:00:00,Annual,60 months or over,Males,From 20 to 64 years,Percentage,Denmark,2018,47.6,,
ESTAT:LFSA_EGAD(1.0),17/04/26 11:00:00,Annual,60 months or over,Males,From 20 to 64 years,Percentage,Denmark,2019,47.4,,
ESTAT:LFSA_EGAD(1.0),17/04/26 11:00:00,Annual,60 months or over,Males,From 20 to 64 years,Percentage,Denmark,2020,46.9,,
ESTAT:LFSA_EGAD(1.0),17/04/26 11:00:00,Annual,60 months or over,Males,From 20 to 64 years,Percentage,Denmark,2021,47.3,b,
ESTAT:LFSA_EGAD(1.0),17/04/26 11:00:00,Annual,60 months or over,Males,From 20 to 64 years,Percentage,Denmark,2022,46.9,,
ESTAT:LFSA_EGAD(1.0),17/04/26 11:00:00,Annual,60 months or over,Males,From 20 to 64 years,Percentage,Denmark,2023,47.3,b,
ESTAT:LFSA_EGAD(1.0),17/04/26 11:00:00,Annual,60 months or over,Males,From 20 to 64 years,Percentage,Denmark,2024,46.7,,
ESTAT:LFSA_EGAD(1.0),17/04/26 11:00:00,Annual,60 months or over,Males,From 20 to 64 years,Percentage,Denmark,2025,46.6,,
ESTAT:LFSA_EGAD(1.0),17/04/26 11:00:00,Annual,60 months or over,Males,From 20 to 64 years,Percentage,Euro area – 21 countries (from 2026),2016,64.3,,
ESTAT:LFSA_EGAD(1.0),17/04/26 11:00:00,Annual,60 months or over,Males,From 20 to 64 years,Percentage,Euro area – 21 countries (from 2026),2017,63.5,,
ESTAT:LFSA_EGAD(1.0),17/04/26 11:00:00,Annual,60 months or over,Males,From 20 to 64 years,Percentage,Euro area – 21 countries (from 2026),2018,62.2,,
ESTAT:LFSA_EGAD(1.0),17/04/26 11:00:00,Annual,60 months or over,Males,From 20 to 64 years,Percentage,Euro area – 21 countries (from 2026),2019,61.4,,
ESTAT:LFSA_EGAD(1.0),17/04/26 11:00:00,Annual,60 months or over,Males,From 20 to 64 years,Percentage,Euro area – 21 countries (from 2026),2020,62.8,,
ESTAT:LFSA_EGAD(1.0),17/04/26 11:00:00,Annual,60 months or over,Males,From 20 to 64 years,Percentage,Euro area – 21 countries (from 2026),2021,61.8,b,
ESTAT:LFSA_EGAD(1.0),17/04/26 11:00:00,Annual,60 months or over,Males,From 20 to 64 years,Percentage,Euro area – 21 countries (from 2026),2022,61.0,,
ESTAT:LFSA_EGAD(1.0),17/04/26 11:00:00,Annual,60 months or over,Males,From 20 to 64 years,Percentage,Euro area – 21 countries (from 2026),2023,61.1,,
ESTAT:LFSA_EGAD(1.0),17/04/26 11:00:00,Annual,60 months or over,Males,From 20 to 64 years,Percentage,Euro area – 21 countries (from 2026),2024,61.3,,
ESTAT:LFSA_EGAD(1.0),17/04/26 11:00:00,Annual,60 months or over,Males,From 20 to 64 years,Percentage,Euro area – 21 countries (from 2026),2025,61.1,,
ESTAT:LFSA_EGAD(1.0),17/04/26 11:00:00,Annual,60 months or over,Males,From 20 to 64 years,Percentage,Estonia,2016,51.4,,
ESTAT:LFSA_EGAD(1.0),17/04/26 11:00:00,Annual,60 months or over,Males,From 20 to 64 years,Percentage,Estonia,2017,52.4,,
ESTAT:LFSA_EGAD(1.0),17/04/26 11:00:00,Annual,60 months or over,Males,From 20 to 64 years,Percentage,Estonia,2018,50.8,,
ESTAT:LFSA_EGAD(1.0),17/04/26 11:00:00,Annual,60 months or over,Males,From 20 to 64 years,Percentage,Estonia,2019,50.7,,
ESTAT:LFSA_EGAD(1.0),17/04/26 11:00:00,Annual,60 months or over,Males,From 20 to 64 years,Percentage,Estonia,2020,52.1,,
ESTAT:LFSA_EGAD(1.0),17/04/26 11:00:00,Annual,60 months or over,Males,From 20 to 64 years,Percentage,Estonia,2021,52.5,b,
ESTAT:LFSA_EGAD(1.0),17/04/26 11:00:00,Annual,60 months or over,Males,From 20 to 64 years,Percentage,Estonia,2022,52.6,,
ESTAT:LFSA_EGAD(1.0),17/04/26 11:00:00,Annual,60 months or over,Males,From 20 to 64 years,Percentage,Estonia,2023,53.7,,
ESTAT:LFSA_EGAD(1.0),17/04/26 11:00:00,Annual,60 months or over,Males,From 20 to 64 years,Percentage,Estonia,2024,53.2,,
ESTAT:LFSA_EGAD(1.0),17/04/26 11:00:00,Annual,60 months or over,Males,From 20 to 64 years,Percentage,Estonia,2025,54.8,,
ESTAT:LFSA_EGAD(1.0),17/04/26 11:00:00,Annual,60 months or over,Males,From 20 to 64 years,Percentage,Greece,2016,72.1,,
ESTAT:LFSA_EGAD(1.0),17/04/26 11:00:00,Annual,60 months or over,Males,From 20 to 64 years,Percentage,Greece,2017,71.7,,
ESTAT:LFSA_EGAD(1.0),17/04/26 11:00:00,Annual,60 months or over,Males,From 20 to 64 years,Percentage,Greece,2018,71.3,,
ESTAT:LFSA_EGAD(1.0),17/04/26 11:00:00,Annual,60 months or over,Males,From 20 to 64 years,Percentage,Greece,2019,70.2,,
ESTAT:LFSA_EGAD(1.0),17/04/26 11:00:00,Annual,60 months or over,Males,From 20 to 64 years,Percentage,Greece,2020,72.4,,
ESTAT:LFSA_EGAD(1.0),17/04/26 11:00:00,Annual,60 months or over,Males,From 20 to 64 years,Percentage,Greece,2021,70.8,b,
ESTAT:LFSA_EGAD(1.0),17/04/26 11:00:00,Annual,60 months or over,Males,From 20 to 64 years,Percentage,Greece,2022,70.6,,
ESTAT:LFSA_EGAD(1.0),17/04/26 11:00:00,Annual,60 months or over,Males,From 20 to 64 years,Percentage,Greece,2023,70.5,,
ESTAT:LFSA_EGAD(1.0),17/04/26 11:00:00,Annual,60 months or over,Males,From 20 to 64 years,Percentage,Greece,2024,70.9,,
ESTAT:LFSA_EGAD(1.0),17/04/26 11:00:00,Annual,60 months or over,Males,From 20 to 64 years,Percentage,Greece,2025,69.2,,
ESTAT:LFSA_EGAD(1.0),17/04/26 11:00:00,Annual,60 months or over,Males,From 20 to 64 years,Percentage,Spain,2016,63.0,,
ESTAT:LFSA_EGAD(1.0),17/04/26 11:00:00,Annual,60 months or over,Males,From 20 to 64 years,Percentage,Spain,2017,61.4,,
ESTAT:LFSA_EGAD(1.0),17/04/26 11:00:00,Annual,60 months or over,Males,From 20 to 64 years,Percentage,Spain,2018,59.4,,
ESTAT:LFSA_EGAD(1.0),17/04/26 11:00:00,Annual,60 months or over,Males,From 20 to 64 years,Percentage,Spain,2019,58.7,,
ESTAT:LFSA_EGAD(1.0),17/04/26 11:00:00,Annual,60 months or over,Males,From 20 to 64 years,Percentage,Spain,2020,60.9,,
ESTAT:LFSA_EGAD(1.0),17/04/26 11:00:00,Annual,60 months or over,Males,From 20 to 64 years,Percentage,Spain,2021,61.1,bd,
ESTAT:LFSA_EGAD(1.0),17/04/26 11:00:00,Annual,60 months or over,Males,From 20 to 64 years,Percentage,Spain,2022,59.9,d,
ESTAT:LFSA_EGAD(1.0),17/04/26 11:00:00,Annual,60 months or over,Males,From 20 to 64 years,Percentage,Spain,2023,59.5,d,
ESTAT:LFSA_EGAD(1.0),17/04/26 11:00:00,Annual,60 months or over,Males,From 20 to 64 years,Percentage,Spain,2024,58.8,d,
ESTAT:LFSA_EGAD(1.0),17/04/26 11:00:00,Annual,60 months or over,Males,From 20 to 64 years,Percentage,Spain,2025,57.5,d,
ESTAT:LFSA_EGAD(1.0),17/04/26 11:00:00,Annual,60 months or over,Males,From 20 to 64 years,Percentage,European Union - 27 countries (from 2020),2016,63.7,,
ESTAT:LFSA_EGAD(1.0),17/04/26 11:00:00,Annual,60 months or over,Males,From 20 to 64 years,Percentage,European Union - 27 countries (from 2020),2017,62.9,,
ESTAT:LFSA_EGAD(1.0),17/04/26 11:00:00,Annual,60 months or over,Males,From 20 to 64 years,Percentage,European Union - 27 countries (from 2020),2018,61.6,,
ESTAT:LFSA_EGAD(1.0),17/04/26 11:00:00,Annual,60 months or over,Males,From 20 to 64 years,Percentage,European Union - 27 countries (from 2020),2019,61.0,,
ESTAT:LFSA_EGAD(1.0),17/04/26 11:00:00,Annual,60 months or over,Males,From 20 to 64 years,Percentage,European Union - 27 countries (from 2020),2020,62.5,,
ESTAT:LFSA_EGAD(1.0),17/04/26 11:00:00,Annual,60 months or over,Males,From 20 to 64 years,Percentage,European Union - 27 countries (from 2020),2021,61.6,b,
ESTAT:LFSA_EGAD(1.0),17/04/26 11:00:00,Annual,60 months or over,Males,From 20 to 64 years,Percentage,European Union - 27 countries (from 2020),2022,61.2,,
ESTAT:LFSA_EGAD(1.0),17/04/26 11:00:00,Annual,60 months or over,Males,From 20 to 64 years,Percentage,European Union - 27 countries (from 2020),2023,61.5,,
ESTAT:LFSA_EGAD(1.0),17/04/26 11:00:00,Annual,60 months or over,Males,From 20 to 64 years,Percentage,European Union - 27 countries (from 2020),2024,61.7,,
ESTAT:LFSA_EGAD(1.0),17/04/26 11:00:00,Annual,60 months or over,Males,From 20 to 64 years,Percentage,European Union - 27 countries (from 2020),2025,61.7,,
ESTAT:LFSA_EGAD(1.0),17/04/26 11:00:00,Annual,60 months or over,Males,From 20 to 64 years,Percentage,Finland,2016,59.2,,
ESTAT:LFSA_EGAD(1.0),17/04/26 11:00:00,Annual,60 months or over,Males,From 20 to 64 years,Percentage,Finland,2017,58.3,,
ESTAT:LFSA_EGAD(1.0),17/04/26 11:00:00,Annual,60 months or over,Males,From 20 to 64 years,Percentage,Finland,2018,56.4,,
ESTAT:LFSA_EGAD(1.0),17/04/26 11:00:00,Annual,60 months or over,Males,From 20 to 64 years,Percentage,Finland,2019,54.0,,
ESTAT:LFSA_EGAD(1.0),17/04/26 11:00:00,Annual,60 months or over,Males,From 20 to 64 years,Percentage,Finland,2020,54.1,,
ESTAT:LFSA_EGAD(1.0),17/04/26 11:00:00,Annual,60 months or over,Males,From 20 to 64 years,Percentage,Finland,2021,52.2,b,
ESTAT:LFSA_EGAD(1.0),17/04/26 11:00:00,Annual,60 months or over,Males,From 20 to 64 years,Percentage,Finland,2022,52.5,,
ESTAT:LFSA_EGAD(1.0),17/04/26 11:00:00,Annual,60 months or over,Males,From 20 to 64 years,Percentage,Finland,2023,52.3,,
ESTAT:LFSA_EGAD(1.0),17/04/26 11:00:00,Annual,60 months or over,Males,From 20 to 64 years,Percentage,Finland,2024,53.5,,
ESTAT:LFSA_EGAD(1.0),17/04/26 11:00:00,Annual,60 months or over,Males,From 20 to 64 years,Percentage,Finland,2025,53.3,,
ESTAT:LFSA_EGAD(1.0),17/04/26 11:00:00,Annual,60 months or over,Males,From 20 to 64 years,Percentage,France,2016,65.2,,
ESTAT:LFSA_EGAD(1.0),17/04/26 11:00:00,Annual,60 months or over,Males,From 20 to 64 years,Percentage,France,2017,63.9,,
ESTAT:LFSA_EGAD(1.0),17/04/26 11:00:00,Annual,60 months or over,Males,From 20 to 64 years,Percentage,France,2018,62.1,,
ESTAT:LFSA_EGAD(1.0),17/04/26 11:00:00,Annual,60 months or over,Males,From 20 to 64 years,Percentage,France,2019,60.9,,
ESTAT:LFSA_EGAD(1.0),17/04/26 11:00:00,Annual,60 months or over,Males,From 20 to 64 years,Percentage,France,2020,60.9,,
ESTAT:LFSA_EGAD(1.0),17/04/26 11:00:00,Annual,60 months or over,Males,From 20 to 64 years,Percentage,France,2021,58.6,bd,
ESTAT:LFSA_EGAD(1.0),17/04/26 11:00:00,Annual,60 months or over,Males,From 20 to 64 years,Percentage,France,2022,57.8,d,
ESTAT:LFSA_EGAD(1.0),17/04/26 11:00:00,Annual,60 months or over,Males,From 20 to 64 years,Percentage,France,2023,58.9,d,
ESTAT:LFSA_EGAD(1.0),17/04/26 11:00:00,Annual,60 months or over,Males,From 20 to 64 years,Percentage,France,2024,58.8,d,
ESTAT:LFSA_EGAD(1.0),17/04/26 11:00:00,Annual,60 months or over,Males,From 20 to 64 years,Percentage,France,2025,57.9,d,
ESTAT:LFSA_EGAD(1.0),17/04/26 11:00:00,Annual,60 months or over,Males,From 20 to 64 years,Percentage,Croatia,2016,62.6,,
ESTAT:LFSA_EGAD(1.0),17/04/26 11:00:00,Annual,60 months or over,Males,From 20 to 64 years,Percentage,Croatia,2017,60.6,,
ESTAT:LFSA_EGAD(1.0),17/04/26 11:00:00,Annual,60 months or over,Males,From 20 to 64 years,Percentage,Croatia,2018,59.1,,
ESTAT:LFSA_EGAD(1.0),17/04/26 11:00:00,Annual,60 months or over,Males,From 20 to 64 years,Percentage,Croatia,2019,58.7,,
ESTAT:LFSA_EGAD(1.0),17/04/26 11:00:00,Annual,60 months or over,Males,From 20 to 64 years,Percentage,Croatia,2020,59.8,,
ESTAT:LFSA_EGAD(1.0),17/04/26 11:00:00,Annual,60 months or over,Males,From 20 to 64 years,Percentage,Croatia,2021,63.1,b,
ESTAT:LFSA_EGAD(1.0),17/04/26 11:00:00,Annual,60 months or over,Males,From 20 to 64 years,Percentage,Croatia,2022,61.1,,
ESTAT:LFSA_EGAD(1.0),17/04/26 11:00:00,Annual,60 months or over,Males,From 20 to 64 years,Percentage,Croatia,2023,63.0,,
ESTAT:LFSA_EGAD(1.0),17/04/26 11:00:00,Annual,60 months or over,Males,From 20 to 64 years,Percentage,Croatia,2024,64.2,,
ESTAT:LFSA_EGAD(1.0),17/04/26 11:00:00,Annual,60 months or over,Males,From 20 to 64 years,Percentage,Croatia,2025,64.6,,
ESTAT:LFSA_EGAD(1.0),17/04/26 11:00:00,Annual,60 months or over,Males,From 20 to 64 years,Percentage,Hungary,2016,58.5,,
ESTAT:LFSA_EGAD(1.0),17/04/26 11:00:00,Annual,60 months or over,Males,From 20 to 64 years,Percentage,Hungary,2017,57.4,,
ESTAT:LFSA_EGAD(1.0),17/04/26 11:00:00,Annual,60 months or over,Males,From 20 to 64 years,Percentage,Hungary,2018,57.0,b,
ESTAT:LFSA_EGAD(1.0),17/04/26 11:00:00,Annual,60 months or over,Males,From 20 to 64 years,Percentage,Hungary,2019,57.4,,
ESTAT:LFSA_EGAD(1.0),17/04/26 11:00:00,Annual,60 months or over,Males,From 20 to 64 years,Percentage,Hungary,2020,57.3,,
ESTAT:LFSA_EGAD(1.0),17/04/26 11:00:00,Annual,60 months or over,Males,From 20 to 64 years,Percentage,Hungary,2021,58.5,b,
ESTAT:LFSA_EGAD(1.0),17/04/26 11:00:00,Annual,60 months or over,Males,From 20 to 64 years,Percentage,Hungary,2022,58.2,,
ESTAT:LFSA_EGAD(1.0),17/04/26 11:00:00,Annual,60 months or over,Males,From 20 to 64 years,Percentage,Hungary,2023,58.8,,
ESTAT:LFSA_EGAD(1.0),17/04/26 11:00:00,Annual,60 months or over,Males,From 20 to 64 years,Percentage,Hungary,2024,59.3,,
ESTAT:LFSA_EGAD(1.0),17/04/26 11:00:00,Annual,60 months or over,Males,From 20 to 64 years,Percentage,Hungary,2025,61.7,,
ESTAT:LFSA_EGAD(1.0),17/04/26 11:00:00,Annual,60 months or over,Males,From 20 to 64 years,Percentage,Ireland,2016,55.0,,
ESTAT:LFSA_EGAD(1.0),17/04/26 11:00:00,Annual,60 months or over,Males,From 20 to 64 years,Percentage,Ireland,2017,52.9,b,
ESTAT:LFSA_EGAD(1.0),17/04/26 11:00:00,Annual,60 months or over,Males,From 20 to 64 years,Percentage,Ireland,2018,50.8,,
ESTAT:LFSA_EGAD(1.0),17/04/26 11:00:00,Annual,60 months or over,Males,From 20 to 64 years,Percentage,Ireland,2019,50.9,,
ESTAT:LFSA_EGAD(1.0),17/04/26 11:00:00,Annual,60 months or over,Males,From 20 to 64 years,Percentage,Ireland,2020,53.6,,
ESTAT:LFSA_EGAD(1.0),17/04/26 11:00:00,Annual,60 months or over,Males,From 20 to 64 years,Percentage,Ireland,2021,51.7,b,
ESTAT:LFSA_EGAD(1.0),17/04/26 11:00:00,Annual,60 months or over,Males,From 20 to 64 years,Percentage,Ireland,2022,51.8,,
ESTAT:LFSA_EGAD(1.0),17/04/26 11:00:00,Annual,60 months or over,Males,From 20 to 64 years,Percentage,Ireland,2023,51.8,,
ESTAT:LFSA_EGAD(1.0),17/04/26 11:00:00,Annual,60 months or over,Males,From 20 to 64 years,Percentage,Ireland,2024,51.8,,
ESTAT:LFSA_EGAD(1.0),17/04/26 11:00:00,Annual,60 months or over,Males,From 20 to 64 years,Percentage,Ireland,2025,53.0,,
ESTAT:LFSA_EGAD(1.0),17/04/26 11:00:00,Annual,60 months or over,Males,From 20 to 64 years,Percentage,Iceland,2016,52.2,,
ESTAT:LFSA_EGAD(1.0),17/04/26 11:00:00,Annual,60 months or over,Males,From 20 to 64 years,Percentage,Iceland,2017,51.2,,
ESTAT:LFSA_EGAD(1.0),17/04/26 11:00:00,Annual,60 months or over,Males,From 20 to 64 years,Percentage,Iceland,2018,48.3,,
ESTAT:LFSA_EGAD(1.0),17/04/26 11:00:00,Annual,60 months or over,Males,From 20 to 64 years,Percentage,Iceland,2019,50.6,,
ESTAT:LFSA_EGAD(1.0),17/04/26 11:00:00,Annual,60 months or over,Males,From 20 to 64 years,Percentage,Iceland,2020,51.6,b,
ESTAT:LFSA_EGAD(1.0),17/04/26 11:00:00,Annual,60 months or over,Males,From 20 to 64 years,Percentage,Iceland,2021,52.0,b,
ESTAT:LFSA_EGAD(1.0),17/04/26 11:00:00,Annual,60 months or over,Males,From 20 to 64 years,Percentage,Iceland,2022,51.9,,
ESTAT:LFSA_EGAD(1.0),17/04/26 11:00:00,Annual,60 months or over,Males,From 20 to 64 years,Percentage,Iceland,2023,51.3,,
ESTAT:LFSA_EGAD(1.0),17/04/26 11:00:00,Annual,60 months or over,Males,From 20 to 64 years,Percentage,Iceland,2024,50.0,,
ESTAT:LFSA_EGAD(1.0),17/04/26 11:00:00,Annual,60 months or over,Males,From 20 to 64 years,Percentage,Italy,2016,71.9,,
ESTAT:LFSA_EGAD(1.0),17/04/26 11:00:00,Annual,60 months or over,Males,From 20 to 64 years,Percentage,Italy,2017,71.3,,
ESTAT:LFSA_EGAD(1.0),17/04/26 11:00:00,Annual,60 months or over,Males,From 20 to 64 years,Percentage,Italy,2018,70.0,b,
ESTAT:LFSA_EGAD(1.0),17/04/26 11:00:00,Annual,60 months or over,Males,From 20 to 64 years,Percentage,Italy,2019,69.0,,
ESTAT:LFSA_EGAD(1.0),17/04/26 11:00:00,Annual,60 months or over,Males,From 20 to 64 years,Percentage,Italy,2020,69.6,,
ESTAT:LFSA_EGAD(1.0),17/04/26 11:00:00,Annual,60 months or over,Males,From 20 to 64 years,Percentage,Italy,2021,68.4,b,
ESTAT:LFSA_EGAD(1.0),17/04/26 11:00:00,Annual,60 months or over,Males,From 20 to 64 years,Percentage,Italy,2022,67.2,,
ESTAT:LFSA_EGAD(1.0),17/04/26 11:00:00,Annual,60 months or over,Males,From 20 to 64 years,Percentage,Italy,2023,67.5,,
ESTAT:LFSA_EGAD(1.0),17/04/26 11:00:00,Annual,60 months or over,Males,From 20 to 64 years,Percentage,Italy,2024,68.3,,
ESTAT:LFSA_EGAD(1.0),17/04/26 11:00:00,Annual,60 months or over,Males,From 20 to 64 years,Percentage,Italy,2025,70.3,,
ESTAT:LFSA_EGAD(1.0),17/04/26 11:00:00,Annual,60 months or over,Males,From 20 to 64 years,Percentage,Lithuania,2016,47.3,,
ESTAT:LFSA_EGAD(1.0),17/04/26 11:00:00,Annual,60 months or over,Males,From 20 to 64 years,Percentage,Lithuania,2017,48.0,,
ESTAT:LFSA_EGAD(1.0),17/04/26 11:00:00,Annual,60 months or over,Males,From 20 to 64 years,Percentage,Lithuania,2018,47.0,,
ESTAT:LFSA_EGAD(1.0),17/04/26 11:00:00,Annual,60 months or over,Males,From 20 to 64 years,Percentage,Lithuania,2019,46.5,,
ESTAT:LFSA_EGAD(1.0),17/04/26 11:00:00,Annual,60 months or over,Males,From 20 to 64 years,Percentage,Lithuania,2020,46.5,,
ESTAT:LFSA_EGAD(1.0),17/04/26 11:00:00,Annual,60 months or over,Males,From 20 to 64 years,Percentage,Lithuania,2021,53.1,b,
ESTAT:LFSA_EGAD(1.0),17/04/26 11:00:00,Annual,60 months or over,Males,From 20 to 64 years,Percentage,Lithuania,2022,57.0,,
ESTAT:LFSA_EGAD(1.0),17/04/26 11:00:00,Annual,60 months or over,Males,From 20 to 64 years,Percentage,Lithuania,2023,58.2,,
ESTAT:LFSA_EGAD(1.0),17/04/26 11:00:00,Annual,60 months or over,Males,From 20 to 64 years,Percentage,Lithuania,2024,56.0,,
ESTAT:LFSA_EGAD(1.0),17/04/26 11:00:00,Annual,60 months or over,Males,From 20 to 64 years,Percentage,Lithuania,2025,56.1,,
ESTAT:LFSA_EGAD(1.0),17/04/26 11:00:00,Annual,60 months or over,Males,From 20 to 64 years,Percentage,Luxembourg,2016,59.2,b,
ESTAT:LFSA_EGAD(1.0),17/04/26 11:00:00,Annual,60 months or over,Males,From 20 to 64 years,Percentage,Luxembourg,2017,57.4,,
ESTAT:LFSA_EGAD(1.0),17/04/26 11:00:00,Annual,60 months or over,Males,From 20 to 64 years,Percentage,Luxembourg,2018,56.3,,
ESTAT:LFSA_EGAD(1.0),17/04/26 11:00:00,Annual,60 months or over,Males,From 20 to 64 years,Percentage,Luxembourg,2019,51.4,,
ESTAT:LFSA_EGAD(1.0),17/04/26 11:00:00,Annual,60 months or over,Males,From 20 to 64 years,Percentage,Luxembourg,2020,53.1,,
ESTAT:LFSA_EGAD(1.0),17/04/26 11:00:00,Annual,60 months or over,Males,From 20 to 64 years,Percentage,Luxembourg,2021,61.0,b,
ESTAT:LFSA_EGAD(1.0),17/04/26 11:00:00,Annual,60 months or over,Males,From 20 to 64 years,Percentage,Luxembourg,2022,63.3,,
ESTAT:LFSA_EGAD(1.0),17/04/26 11:00:00,Annual,60 months or over,Males,From 20 to 64 years,Percentage,Luxembourg,2023,62.7,,
ESTAT:LFSA_EGAD(1.0),17/04/26 11:00:00,Annual,60 months or over,Males,From 20 to 64 years,Percentage,Luxembourg,2024,58.1,,
ESTAT:LFSA_EGAD(1.0),17/04/26 11:00:00,Annual,60 months or over,Males,From 20 to 64 years,Percentage,Luxembourg,2025,59.9,,
ESTAT:LFSA_EGAD(1.0),17/04/26 11:00:00,Annual,60 months or over,Males,From 20 to 64 years,Percentage,Latvia,2016,54.5,,
ESTAT:LFSA_EGAD(1.0),17/04/26 11:00:00,Annual,60 months or over,Males,From 20 to 64 years,Percentage,Latvia,2017,54.1,,
ESTAT:LFSA_EGAD(1.0),17/04/26 11:00:00,Annual,60 months or over,Males,From 20 to 64 years,Percentage,Latvia,2018,53.4,,
ESTAT:LFSA_EGAD(1.0),17/04/26 11:00:00,Annual,60 months or over,Males,From 20 to 64 years,Percentage,Latvia,2019,53.6,,
ESTAT:LFSA_EGAD(1.0),17/04/26 11:00:00,Annual,60 months or over,Males,From 20 to 64 years,Percentage,Latvia,2020,56.9,,
ESTAT:LFSA_EGAD(1.0),17/04/26 11:00:00,Annual,60 months or over,Males,From 20 to 64 years,Percentage,Latvia,2021,55.9,b,
ESTAT:LFSA_EGAD(1.0),17/04/26 11:00:00,Annual,60 months or over,Males,From 20 to 64 years,Percentage,Latvia,2022,57.5,,
ESTAT:LFSA_EGAD(1.0),17/04/26 11:00:00,Annual,60 months or over,Males,From 20 to 64 years,Percentage,Latvia,2023,59.3,,
ESTAT:LFSA_EGAD(1.0),17/04/26 11:00:00,Annual,60 months or over,Males,From 20 to 64 years,Percentage,Latvia,2024,58.6,,
ESTAT:LFSA_EGAD(1.0),17/04/26 11:00:00,Annual,60 months or over,Males,From 20 to 64 years,Percentage,Latvia,2025,58.8,,
ESTAT:LFSA_EGAD(1.0),17/04/26 11:00:00,Annual,60 months or over,Males,From 20 to 64 years,Percentage,Montenegro,2016,64.6,,
ESTAT:LFSA_EGAD(1.0),17/04/26 11:00:00,Annual,60 months or over,Males,From 20 to 64 years,Percentage,Montenegro,2017,63.6,,
ESTAT:LFSA_EGAD(1.0),17/04/26 11:00:00,Annual,60 months or over,Males,From 20 to 64 years,Percentage,Montenegro,2018,61.5,,
ESTAT:LFSA_EGAD(1.0),17/04/26 11:00:00,Annual,60 months or over,Males,From 20 to 64 years,Percentage,Montenegro,2019,61.1,,
ESTAT:LFSA_EGAD(1.0),17/04/26 11:00:00,Annual,60 months or over,Males,From 20 to 64 years,Percentage,Montenegro,2020,63.5,,
ESTAT:LFSA_EGAD(1.0),17/04/26 11:00:00,Annual,60 months or over,Males,From 20 to 64 years,Percentage,North Macedonia,2016,63.1,,
ESTAT:LFSA_EGAD(1.0),17/04/26 11:00:00,Annual,60 months or over,Males,From 20 to 64 years,Percentage,North Macedonia,2017,63.0,,
ESTAT:LFSA_EGAD(1.0),17/04/26 11:00:00,Annual,60 months or over,Males,From 20 to 64 years,Percentage,North Macedonia,2018,62.0,,
ESTAT:LFSA_EGAD(1.0),17/04/26 11:00:00,Annual,60 months or over,Males,From 20 to 64 years,Percentage,North Macedonia,2019,60.8,,
ESTAT:LFSA_EGAD(1.0),17/04/26 11:00:00,Annual,60 months or over,Males,From 20 to 64 years,Percentage,North Macedonia,2020,61.9,,
ESTAT:LFSA_EGAD(1.0),17/04/26 11:00:00,Annual,60 months or over,Males,From 20 to 64 years,Percentage,North Macedonia,2021,63.2,b,
ESTAT:LFSA_EGAD(1.0),17/04/26 11:00:00,Annual,60 months or over,Males,From 20 to 64 years,Percentage,North Macedonia,2022,63.4,,
ESTAT:LFSA_EGAD(1.0),17/04/26 11:00:00,Annual,60 months or over,Males,From 20 to 64 years,Percentage,North Macedonia,2023,63.2,,
ESTAT:LFSA_EGAD(1.0),17/04/26 11:00:00,Annual,60 months or over,Males,From 20 to 64 years,Percentage,North Macedonia,2024,63.2,,
ESTAT:LFSA_EGAD(1.0),17/04/26 11:00:00,Annual,60 months or over,Males,From 20 to 64 years,Percentage,North Macedonia,2025,64.8,,
ESTAT:LFSA_EGAD(1.0),17/04/26 11:00:00,Annual,60 months or over,Males,From 20 to 64 years,Percentage,Malta,2016,60.9,,
ESTAT:LFSA_EGAD(1.0),17/04/26 11:00:00,Annual,60 months or over,Males,From 20 to 64 years,Percentage,Malta,2017,56.9,,
ESTAT:LFSA_EGAD(1.0),17/04/26 11:00:00,Annual,60 months or over,Males,From 20 to 64 years,Percentage,Malta,2018,54.0,,
ESTAT:LFSA_EGAD(1.0),17/04/26 11:00:00,Annual,60 months or over,Males,From 20 to 64 years,Percentage,Malta,2019,52.7,,
ESTAT:LFSA_EGAD(1.0),17/04/26 11:00:00,Annual,60 months or over,Males,From 20 to 64 years,Percentage,Malta,2020,56.2,,
ESTAT:LFSA_EGAD(1.0),17/04/26 11:00:00,Annual,60 months or over,Males,From 20 to 64 years,Percentage,Malta,2021,55.6,b,
ESTAT:LFSA_EGAD(1.0),17/04/26 11:00:00,Annual,60 months or over,Males,From 20 to 64 years,Percentage,Malta,2022,55.5,,
ESTAT:LFSA_EGAD(1.0),17/04/26 11:00:00,Annual,60 months or over,Males,From 20 to 64 years,Percentage,Malta,2023,49.4,,
ESTAT:LFSA_EGAD(1.0),17/04/26 11:00:00,Annual,60 months or over,Males,From 20 to 64 years,Percentage,Malta,2024,52.3,,
ESTAT:LFSA_EGAD(1.0),17/04/26 11:00:00,Annual,60 months or over,Males,From 20 to 64 years,Percentage,Malta,2025,51.1,,
ESTAT:LFSA_EGAD(1.0),17/04/26 11:00:00,Annual,60 months or over,Males,From 20 to 64 years,Percentage,Netherlands,2016,62.5,,
ESTAT:LFSA_EGAD(1.0),17/04/26 11:00:00,Annual,60 months or over,Males,From 20 to 64 years,Percentage,Netherlands,2017,60.9,,
ESTAT:LFSA_EGAD(1.0),17/04/26 11:00:00,Annual,60 months or over,Males,From 20 to 64 years,Percentage,Netherlands,2018,59.2,,
ESTAT:LFSA_EGAD(1.0),17/04/26 11:00:00,Annual,60 months or over,Males,From 20 to 64 years,Percentage,Netherlands,2019,58.0,,
ESTAT:LFSA_EGAD(1.0),17/04/26 11:00:00,Annual,60 months or over,Males,From 20 to 64 years,Percentage,Netherlands,2020,58.5,,
ESTAT:LFSA_EGAD(1.0),17/04/26 11:00:00,Annual,60 months or over,Males,From 20 to 64 years,Percentage,Netherlands,2021,54.1,b,
ESTAT:LFSA_EGAD(1.0),17/04/26 11:00:00,Annual,60 months or over,Males,From 20 to 64 years,Percentage,Netherlands,2022,53.2,,
ESTAT:LFSA_EGAD(1.0),17/04/26 11:00:00,Annual,60 months or over,Males,From 20 to 64 years,Percentage,Netherlands,2023,52.8,,
ESTAT:LFSA_EGAD(1.0),17/04/26 11:00:00,Annual,60 months or over,Males,From 20 to 64 years,Percentage,Netherlands,2024,53.6,,
ESTAT:LFSA_EGAD(1.0),17/04/26 11:00:00,Annual,60 months or over,Males,From 20 to 64 years,Percentage,Netherlands,2025,52.8,,
ESTAT:LFSA_EGAD(1.0),17/04/26 11:00:00,Annual,60 months or over,Males,From 20 to 64 years,Percentage,Norway,2016,55.6,,
ESTAT:LFSA_EGAD(1.0),17/04/26 11:00:00,Annual,60 months or over,Males,From 20 to 64 years,Percentage,Norway,2017,56.0,,
ESTAT:LFSA_EGAD(1.0),17/04/26 11:00:00,Annual,60 months or over,Males,From 20 to 64 years,Percentage,Norway,2018,54.4,,
ESTAT:LFSA_EGAD(1.0),17/04/26 11:00:00,Annual,60 months or over,Males,From 20 to 64 years,Percentage,Norway,2019,54.7,,
ESTAT:LFSA_EGAD(1.0),17/04/26 11:00:00,Annual,60 months or over,Males,From 20 to 64 years,Percentage,Norway,2020,55.2,,
ESTAT:LFSA_EGAD(1.0),17/04/26 11:00:00,Annual,60 months or over,Males,From 20 to 64 years,Percentage,Norway,2021,54.2,b,
ESTAT:LFSA_EGAD(1.0),17/04/26 11:00:00,Annual,60 months or over,Males,From 20 to 64 years,Percentage,Norway,2022,52.4,,
ESTAT:LFSA_EGAD(1.0),17/04/26 11:00:00,Annual,60 months or over,Males,From 20 to 64 years,Percentage,Norway,2023,51.5,,
ESTAT:LFSA_EGAD(1.0),17/04/26 11:00:00,Annual,60 months or over,Males,From 20 to 64 years,Percentage,Norway,2024,53.1,,
ESTAT:LFSA_EGAD(1.0),17/04/26 11:00:00,Annual,60 months or over,Males,From 20 to 64 years,Percentage,Norway,2025,52.9,,
ESTAT:LFSA_EGAD(1.0),17/04/26 11:00:00,Annual,60 months or over,Males,From 20 to 64 years,Percentage,Poland,2016,60.6,,
ESTAT:LFSA_EGAD(1.0),17/04/26 11:00:00,Annual,60 months or over,Males,From 20 to 64 years,Percentage,Poland,2017,60.7,,
ESTAT:LFSA_EGAD(1.0),17/04/26 11:00:00,Annual,60 months or over,Males,From 20 to 64 years,Percentage,Poland,2018,59.9,,
ESTAT:LFSA_EGAD(1.0),17/04/26 11:00:00,Annual,60 months or over,Males,From 20 to 64 years,Percentage,Poland,2019,59.4,b,
ESTAT:LFSA_EGAD(1.0),17/04/26 11:00:00,Annual,60 months or over,Males,From 20 to 64 years,Percentage,Poland,2020,61.3,,
ESTAT:LFSA_EGAD(1.0),17/04/26 11:00:00,Annual,60 months or over,Males,From 20 to 64 years,Percentage,Poland,2021,61.2,b,
ESTAT:LFSA_EGAD(1.0),17/04/26 11:00:00,Annual,60 months or over,Males,From 20 to 64 years,Percentage,Poland,2022,62.6,,
ESTAT:LFSA_EGAD(1.0),17/04/26 11:00:00,Annual,60 months or over,Males,From 20 to 64 years,Percentage,Poland,2023,63.5,,
ESTAT:LFSA_EGAD(1.0),17/04/26 11:00:00,Annual,60 months or over,Males,From 20 to 64 years,Percentage,Poland,2024,63.7,,
ESTAT:LFSA_EGAD(1.0),17/04/26 11:00:00,Annual,60 months or over,Males,From 20 to 64 years,Percentage,Poland,2025,63.4,,
ESTAT:LFSA_EGAD(1.0),17/04/26 11:00:00,Annual,60 months or over,Males,From 20 to 64 years,Percentage,Portugal,2016,64.4,,
ESTAT:LFSA_EGAD(1.0),17/04/26 11:00:00,Annual,60 months or over,Males,From 20 to 64 years,Percentage,Portugal,2017,62.8,,
ESTAT:LFSA_EGAD(1.0),17/04/26 11:00:00,Annual,60 months or over,Males,From 20 to 64 years,Percentage,Portugal,2018,61.1,,
ESTAT:LFSA_EGAD(1.0),17/04/26 11:00:00,Annual,60 months or over,Males,From 20 to 64 years,Percentage,Portugal,2019,60.1,,
ESTAT:LFSA_EGAD(1.0),17/04/26 11:00:00,Annual,60 months or over,Males,From 20 to 64 years,Percentage,Portugal,2020,62.7,,
ESTAT:LFSA_EGAD(1.0),17/04/26 11:00:00,Annual,60 months or over,Males,From 20 to 64 years,Percentage,Portugal,2021,65.2,b,
ESTAT:LFSA_EGAD(1.0),17/04/26 11:00:00,Annual,60 months or over,Males,From 20 to 64 years,Percentage,Portugal,2022,64.1,,
ESTAT:LFSA_EGAD(1.0),17/04/26 11:00:00,Annual,60 months or over,Males,From 20 to 64 years,Percentage,Portugal,2023,61.4,,
ESTAT:LFSA_EGAD(1.0),17/04/26 11:00:00,Annual,60 months or over,Males,From 20 to 64 years,Percentage,Portugal,2024,61.9,,
ESTAT:LFSA_EGAD(1.0),17/04/26 11:00:00,Annual,60 months or over,Males,From 20 to 64 years,Percentage,Portugal,2025,61.1,,
ESTAT:LFSA_EGAD(1.0),17/04/26 11:00:00,Annual,60 months or over,Males,From 20 to 64 years,Percentage,Romania,2016,67.8,,
ESTAT:LFSA_EGAD(1.0),17/04/26 11:00:00,Annual,60 months or over,Males,From 20 to 64 years,Percentage,Romania,2017,67.9,,
ESTAT:LFSA_EGAD(1.0),17/04/26 11:00:00,Annual,60 months or over,Males,From 20 to 64 years,Percentage,Romania,2018,64.5,,
ESTAT:LFSA_EGAD(1.0),17/04/26 11:00:00,Annual,60 months or over,Males,From 20 to 64 years,Percentage,Romania,2019,65.4,,
ESTAT:LFSA_EGAD(1.0),17/04/26 11:00:00,Annual,60 months or over,Males,From 20 to 64 years,Percentage,Romania,2020,69.0,,
ESTAT:LFSA_EGAD(1.0),17/04/26 11:00:00,Annual,60 months or over,Males,From 20 to 64 years,Percentage,Romania,2021,69.5,b,
ESTAT:LFSA_EGAD(1.0),17/04/26 11:00:00,Annual,60 months or over,Males,From 20 to 64 years,Percentage,Romania,2022,70.7,,
ESTAT:LFSA_EGAD(1.0),17/04/26 11:00:00,Annual,60 months or over,Males,From 20 to 64 years,Percentage,Romania,2023,72.8,,
ESTAT:LFSA_EGAD(1.0),17/04/26 11:00:00,Annual,60 months or over,Males,From 20 to 64 years,Percentage,Romania,2024,73.4,,
ESTAT:LFSA_EGAD(1.0),17/04/26 11:00:00,Annual,60 months or over,Males,From 20 to 64 years,Percentage,Romania,2025,76.7,,
ESTAT:LFSA_EGAD(1.0),17/04/26 11:00:00,Annual,60 months or over,Males,From 20 to 64 years,Percentage,Serbia,2016,64.9,,
ESTAT:LFSA_EGAD(1.0),17/04/26 11:00:00,Annual,60 months or over,Males,From 20 to 64 years,Percentage,Serbia,2017,62.9,,
ESTAT:LFSA_EGAD(1.0),17/04/26 11:00:00,Annual,60 months or over,Males,From 20 to 64 years,Percentage,Serbia,2018,61.5,,
ESTAT:LFSA_EGAD(1.0),17/04/26 11:00:00,Annual,60 months or over,Males,From 20 to 64 years,Percentage,Serbia,2019,60.8,,
ESTAT:LFSA_EGAD(1.0),17/04/26 11:00:00,Annual,60 months or over,Males,From 20 to 64 years,Percentage,Serbia,2020,61.6,,
ESTAT:LFSA_EGAD(1.0),17/04/26 11:00:00,Annual,60 months or over,Males,From 20 to 64 years,Percentage,Serbia,2021,61.3,b,
ESTAT:LFSA_EGAD(1.0),17/04/26 11:00:00,Annual,60 months or over,Males,From 20 to 64 years,Percentage,Serbia,2022,60.3,,
ESTAT:LFSA_EGAD(1.0),17/04/26 11:00:00,Annual,60 months or over,Males,From 20 to 64 years,Percentage,Serbia,2023,61.3,,
ESTAT:LFSA_EGAD(1.0),17/04/26 11:00:00,Annual,60 months or over,Males,From 20 to 64 years,Percentage,Serbia,2024,62.2,,
ESTAT:LFSA_EGAD(1.0),17/04/26 11:00:00,Annual,60 months or over,Males,From 20 to 64 years,Percentage,Serbia,2025,63.5,,
ESTAT:LFSA_EGAD(1.0),17/04/26 11:00:00,Annual,60 months or over,Males,From 20 to 64 years,Percentage,Sweden,2016,53.2,,
ESTAT:LFSA_EGAD(1.0),17/04/26 11:00:00,Annual,60 months or over,Males,From 20 to 64 years,Percentage,Sweden,2017,51.2,,
ESTAT:LFSA_EGAD(1.0),17/04/26 11:00:00,Annual,60 months or over,Males,From 20 to 64 years,Percentage,Sweden,2018,50.2,b,
ESTAT:LFSA_EGAD(1.0),17/04/26 11:00:00,Annual,60 months or over,Males,From 20 to 64 years,Percentage,Sweden,2019,49.4,,
ESTAT:LFSA_EGAD(1.0),17/04/26 11:00:00,Annual,60 months or over,Males,From 20 to 64 years,Percentage,Sweden,2020,51.0,,
ESTAT:LFSA_EGAD(1.0),17/04/26 11:00:00,Annual,60 months or over,Males,From 20 to 64 years,Percentage,Sweden,2021,43.1,b,
ESTAT:LFSA_EGAD(1.0),17/04/26 11:00:00,Annual,60 months or over,Males,From 20 to 64 years,Percentage,Sweden,2022,45.5,,
ESTAT:LFSA_EGAD(1.0),17/04/26 11:00:00,Annual,60 months or over,Males,From 20 to 64 years,Percentage,Sweden,2023,50.4,,
ESTAT:LFSA_EGAD(1.0),17/04/26 11:00:00,Annual,60 months or over,Males,From 20 to 64 years,Percentage,Sweden,2024,53.6,,
ESTAT:LFSA_EGAD(1.0),17/04/26 11:00:00,Annual,60 months or over,Males,From 20 to 64 years,Percentage,Sweden,2025,53.1,,
ESTAT:LFSA_EGAD(1.0),17/04/26 11:00:00,Annual,60 months or over,Males,From 20 to 64 years,Percentage,Slovenia,2016,66.3,,
ESTAT:LFSA_EGAD(1.0),17/04/26 11:00:00,Annual,60 months or over,Males,From 20 to 64 years,Percentage,Slovenia,2017,64.1,,
ESTAT:LFSA_EGAD(1.0),17/04/26 11:00:00,Annual,60 months or over,Males,From 20 to 64 years,Percentage,Slovenia,2018,64.9,,
ESTAT:LFSA_EGAD(1.0),17/04/26 11:00:00,Annual,60 months or over,Males,From 20 to 64 years,Percentage,Slovenia,2019,63.3,,
ESTAT:LFSA_EGAD(1.0),17/04/26 11:00:00,Annual,60 months or over,Males,From 20 to 64 years,Percentage,Slovenia,2020,63.6,,
ESTAT:LFSA_EGAD(1.0),17/04/26 11:00:00,Annual,60 months or over,Males,From 20 to 64 years,Percentage,Slovenia,2021,66.1,b,
ESTAT:LFSA_EGAD(1.0),17/04/26 11:00:00,Annual,60 months or over,Males,From 20 to 64 years,Percentage,Slovenia,2022,68.2,,
ESTAT:LFSA_EGAD(1.0),17/04/26 11:00:00,Annual,60 months or over,Males,From 20 to 64 years,Percentage,Slovenia,2023,68.2,,
ESTAT:LFSA_EGAD(1.0),17/04/26 11:00:00,Annual,60 months or over,Males,From 20 to 64 years,Percentage,Slovenia,2024,67.2,,
ESTAT:LFSA_EGAD(1.0),17/04/26 11:00:00,Annual,60 months or over,Males,From 20 to 64 years,Percentage,Slovenia,2025,67.7,,
ESTAT:LFSA_EGAD(1.0),17/04/26 11:00:00,Annual,60 months or over,Males,From 20 to 64 years,Percentage,Slovakia,2016,62.8,,
ESTAT:LFSA_EGAD(1.0),17/04/26 11:00:00,Annual,60 months or over,Males,From 20 to 64 years,Percentage,Slovakia,2017,63.0,,
ESTAT:LFSA_EGAD(1.0),17/04/26 11:00:00,Annual,60 months or over,Males,From 20 to 64 years,Percentage,Slovakia,2018,62.1,,
ESTAT:LFSA_EGAD(1.0),17/04/26 11:00:00,Annual,60 months or over,Males,From 20 to 64 years,Percentage,Slovakia,2019,64.1,,
ESTAT:LFSA_EGAD(1.0),17/04/26 11:00:00,Annual,60 months or over,Males,From 20 to 64 years,Percentage,Slovakia,2020,65.5,,
ESTAT:LFSA_EGAD(1.0),17/04/26 11:00:00,Annual,60 months or over,Males,From 20 to 64 years,Percentage,Slovakia,2021,67.6,b,
ESTAT:LFSA_EGAD(1.0),17/04/26 11:00:00,Annual,60 months or over,Males,From 20 to 64 years,Percentage,Slovakia,2022,69.0,,
ESTAT:LFSA_EGAD(1.0),17/04/26 11:00:00,Annual,60 months or over,Males,From 20 to 64 years,Percentage,Slovakia,2023,71.0,,
ESTAT:LFSA_EGAD(1.0),17/04/26 11:00:00,Annual,60 months or over,Males,From 20 to 64 years,Percentage,Slovakia,2024,70.0,,
ESTAT:LFSA_EGAD(1.0),17/04/26 11:00:00,Annual,60 months or over,Males,From 20 to 64 years,Percentage,Slovakia,2025,70.8,,
ESTAT:LFSA_EGAD(1.0),17/04/26 11:00:00,Annual,60 months or over,Males,From 20 to 64 years,Percentage,Türkiye,2016,49.0,,
ESTAT:LFSA_EGAD(1.0),17/04/26 11:00:00,Annual,60 months or over,Males,From 20 to 64 years,Percentage,Türkiye,2017,48.9,,
ESTAT:LFSA_EGAD(1.0),17/04/26 11:00:00,Annual,60 months or over,Males,From 20 to 64 years,Percentage,Türkiye,2018,48.1,,
ESTAT:LFSA_EGAD(1.0),17/04/26 11:00:00,Annual,60 months or over,Males,From 20 to 64 years,Percentage,Türkiye,2019,49.5,,
ESTAT:LFSA_EGAD(1.0),17/04/26 11:00:00,Annual,60 months or over,Males,From 20 to 64 years,Percentage,Türkiye,2020,50.7,,
ESTAT:LFSA_EGAD(1.0),17/04/26 11:00:00,Annual,60 months or over,Males,From 20 to 64 years,Percentage,Türkiye,2021,49.0,b,
ESTAT:LFSA_EGAD(1.0),17/04/26 11:00:00,Annual,60 months or over,Males,From 20 to 64 years,Percentage,Türkiye,2022,48.9,,
ESTAT:LFSA_EGAD(1.0),17/04/26 11:00:00,Annual,60 months or over,Males,From 20 to 64 years,Percentage,Türkiye,2023,49.7,,
ESTAT:LFSA_EGAD(1.0),17/04/26 11:00:00,Annual,60 months or over,Males,From 20 to 64 years,Percentage,Türkiye,2024,49.0,,
ESTAT:LFSA_EGAD(1.0),17/04/26 11:00:00,Annual,60 months or over,Males,From 20 to 64 years,Percentage,Türkiye,2025,48.6,,
ESTAT:LFSA_EGAD(1.0),17/04/26 11:00:00,Annual,60 months or over,Males,From 20 to 64 years,Percentage,United Kingdom,2016,54.2,,
ESTAT:LFSA_EGAD(1.0),17/04/26 11:00:00,Annual,60 months or over,Males,From 20 to 64 years,Percentage,United Kingdom,2017,54.0,,
ESTAT:LFSA_EGAD(1.0),17/04/26 11:00:00,Annual,60 months or over,Males,From 20 to 64 years,Percentage,United Kingdom,2018,53.7,,
ESTAT:LFSA_EGAD(1.0),17/04/26 11:00:00,Annual,60 months or over,Males,From 20 to 64 years,Percentage,United Kingdom,2019,54.1,,
ESTAT:LFSA_EGAD(1.0),17/04/26 11:00:00,Annual,No response,Females,From 20 to 64 years,Percentage,Bosnia and Herzegovina,2021,,bu,
ESTAT:LFSA_EGAD(1.0),17/04/26 11:00:00,Annual,No response,Females,From 20 to 64 years,Percentage,Bosnia and Herzegovina,2022,,u,
ESTAT:LFSA_EGAD(1.0),17/04/26 11:00:00,Annual,No response,Females,From 20 to 64 years,Percentage,Belgium,2016,,u,
ESTAT:LFSA_EGAD(1.0),17/04/26 11:00:00,Annual,No response,Females,From 20 to 64 years,Percentage,Belgium,2017,0.1,bu,
ESTAT:LFSA_EGAD(1.0),17/04/26 11:00:00,Annual,No response,Females,From 20 to 64 years,Percentage,Belgium,2018,,u,
ESTAT:LFSA_EGAD(1.0),17/04/26 11:00:00,Annual,No response,Females,From 20 to 64 years,Percentage,Belgium,2021,,bu,
ESTAT:LFSA_EGAD(1.0),17/04/26 11:00:00,Annual,No response,Females,From 20 to 64 years,Percentage,Belgium,2022,,u,
ESTAT:LFSA_EGAD(1.0),17/04/26 11:00:00,Annual,No response,Females,From 20 to 64 years,Percentage,Belgium,2024,,u,
ESTAT:LFSA_EGAD(1.0),17/04/26 11:00:00,Annual,No response,Females,From 20 to 64 years,Percentage,Belgium,2025,0.2,u,
ESTAT:LFSA_EGAD(1.0),17/04/26 11:00:00,Annual,No response,Females,From 20 to 64 years,Percentage,Bulgaria,2016,,u,
ESTAT:LFSA_EGAD(1.0),17/04/26 11:00:00,Annual,No response,Females,From 20 to 64 years,Percentage,Bulgaria,2017,,u,
ESTAT:LFSA_EGAD(1.0),17/04/26 11:00:00,Annual,No response,Females,From 20 to 64 years,Percentage,Bulgaria,2018,,u,
ESTAT:LFSA_EGAD(1.0),17/04/26 11:00:00,Annual,No response,Females,From 20 to 64 years,Percentage,Bulgaria,2019,,bu,
ESTAT:LFSA_EGAD(1.0),17/04/26 11:00:00,Annual,No response,Females,From 20 to 64 years,Percentage,Bulgaria,2020,,u,
ESTAT:LFSA_EGAD(1.0),17/04/26 11:00:00,Annual,No response,Females,From 20 to 64 years,Percentage,Bulgaria,2021,,bu,
ESTAT:LFSA_EGAD(1.0),17/04/26 11:00:00,Annual,No response,Females,From 20 to 64 years,Percentage,Bulgaria,2022,,u,
ESTAT:LFSA_EGAD(1.0),17/04/26 11:00:00,Annual,No response,Females,From 20 to 64 years,Percentage,Switzerland,2016,0.4,,
ESTAT:LFSA_EGAD(1.0),17/04/26 11:00:00,Annual,No response,Females,From 20 to 64 years,Percentage,Switzerland,2017,0.5,,
ESTAT:LFSA_EGAD(1.0),17/04/26 11:00:00,Annual,No response,Females,From 20 to 64 years,Percentage,Switzerland,2018,0.4,,
ESTAT:LFSA_EGAD(1.0),17/04/26 11:00:00,Annual,No response,Females,From 20 to 64 years,Percentage,Switzerland,2019,0.4,,
ESTAT:LFSA_EGAD(1.0),17/04/26 11:00:00,Annual,No response,Females,From 20 to 64 years,Percentage,Switzerland,2020,0.5,,
ESTAT:LFSA_EGAD(1.0),17/04/26 11:00:00,Annual,No response,Females,From 20 to 64 years,Percentage,Switzerland,2021,0.9,b,
ESTAT:LFSA_EGAD(1.0),17/04/26 11:00:00,Annual,No response,Females,From 20 to 64 years,Percentage,Switzerland,2022,0.9,,
ESTAT:LFSA_EGAD(1.0),17/04/26 11:00:00,Annual,No response,Females,From 20 to 64 years,Percentage,Switzerland,2023,0.9,,
ESTAT:LFSA_EGAD(1.0),17/04/26 11:00:00,Annual,No response,Females,From 20 to 64 years,Percentage,Switzerland,2024,1.1,,
ESTAT:LFSA_EGAD(1.0),17/04/26 11:00:00,Annual,No response,Females,From 20 to 64 years,Percentage,Switzerland,2025,1.1,,
ESTAT:LFSA_EGAD(1.0),17/04/26 11:00:00,Annual,No response,Females,From 20 to 64 years,Percentage,Czechia,2016,0.1,u,
ESTAT:LFSA_EGAD(1.0),17/04/26 11:00:00,Annual,No response,Females,From 20 to 64 years,Percentage,Czechia,2017,0.1,u,
ESTAT:LFSA_EGAD(1.0),17/04/26 11:00:00,Annual,No response,Females,From 20 to 64 years,Percentage,Czechia,2018,0.2,,
ESTAT:LFSA_EGAD(1.0),17/04/26 11:00:00,Annual,No response,Females,From 20 to 64 years,Percentage,Czechia,2019,0.1,u,
ESTAT:LFSA_EGAD(1.0),17/04/26 11:00:00,Annual,No response,Females,From 20 to 64 years,Percentage,Czechia,2020,0.1,u,
ESTAT:LFSA_EGAD(1.0),17/04/26 11:00:00,Annual,No response,Females,From 20 to 64 years,Percentage,Czechia,2021,0.1,bu,
ESTAT:LFSA_EGAD(1.0),17/04/26 11:00:00,Annual,No response,Females,From 20 to 64 years,Percentage,Czechia,2022,0.2,,
ESTAT:LFSA_EGAD(1.0),17/04/26 11:00:00,Annual,No response,Females,From 20 to 64 years,Percentage,Czechia,2023,2.1,,
ESTAT:LFSA_EGAD(1.0),17/04/26 11:00:00,Annual,No response,Females,From 20 to 64 years,Percentage,Czechia,2024,3.5,,
ESTAT:LFSA_EGAD(1.0),17/04/26 11:00:00,Annual,No response,Females,From 20 to 64 years,Percentage,Czechia,2025,3.3,,
ESTAT:LFSA_EGAD(1.0),17/04/26 11:00:00,Annual,No response,Females,From 20 to 64 years,Percentage,Germany,2016,3.4,,
ESTAT:LFSA_EGAD(1.0),17/04/26 11:00:00,Annual,No response,Females,From 20 to 64 years,Percentage,Germany,2017,2.8,,
ESTAT:LFSA_EGAD(1.0),17/04/26 11:00:00,Annual,No response,Females,From 20 to 64 years,Percentage,Germany,2018,2.5,,
ESTAT:LFSA_EGAD(1.0),17/04/26 11:00:00,Annual,No response,Females,From 20 to 64 years,Percentage,Germany,2019,2.8,,
ESTAT:LFSA_EGAD(1.0),17/04/26 11:00:00,Annual,No response,Females,From 20 to 64 years,Percentage,Germany,2020,1.5,b,
ESTAT:LFSA_EGAD(1.0),17/04/26 11:00:00,Annual,No response,Females,From 20 to 64 years,Percentage,Germany,2021,1.1,b,
ESTAT:LFSA_EGAD(1.0),17/04/26 11:00:00,Annual,No response,Females,From 20 to 64 years,Percentage,Germany,2022,0.6,,
ESTAT:LFSA_EGAD(1.0),17/04/26 11:00:00,Annual,No response,Females,From 20 to 64 years,Percentage,Germany,2023,0.5,,
ESTAT:LFSA_EGAD(1.0),17/04/26 11:00:00,Annual,No response,Females,From 20 to 64 years,Percentage,Germany,2024,0.4,,
ESTAT:LFSA_EGAD(1.0),17/04/26 11:00:00,Annual,No response,Females,From 20 to 64 years,Percentage,Germany,2025,0.3,,
ESTAT:LFSA_EGAD(1.0),17/04/26 11:00:00,Annual,No response,Females,From 20 to 64 years,Percentage,Denmark,2016,,bu,
ESTAT:LFSA_EGAD(1.0),17/04/26 11:00:00,Annual,No response,Females,From 20 to 64 years,Percentage,Denmark,2017,,bu,
ESTAT:LFSA_EGAD(1.0),17/04/26 11:00:00,Annual,No response,Females,From 20 to 64 years,Percentage,Denmark,2021,,bu,
ESTAT:LFSA_EGAD(1.0),17/04/26 11:00:00,Annual,No response,Females,From 20 to 64 years,Percentage,Denmark,2022,,u,
ESTAT:LFSA_EGAD(1.0),17/04/26 11:00:00,Annual,No response,Females,From 20 to 64 years,Percentage,Denmark,2023,,bu,
ESTAT:LFSA_EGAD(1.0),17/04/26 11:00:00,Annual,No response,Females,From 20 to 64 years,Percentage,Denmark,2025,,u,
ESTAT:LFSA_EGAD(1.0),17/04/26 11:00:00,Annual,No response,Females,From 20 to 64 years,Percentage,Euro area – 21 countries (from 2026),2016,1.3,,
ESTAT:LFSA_EGAD(1.0),17/04/26 11:00:00,Annual,No response,Females,From 20 to 64 years,Percentage,Euro area – 21 countries (from 2026),2017,1.1,,
ESTAT:LFSA_EGAD(1.0),17/04/26 11:00:00,Annual,No response,Females,From 20 to 64 years,Percentage,Euro area – 21 countries (from 2026),2018,1.0,,
ESTAT:LFSA_EGAD(1.0),17/04/26 11:00:00,Annual,No response,Females,From 20 to 64 years,Percentage,Euro area – 21 countries (from 2026),2019,1.1,,
ESTAT:LFSA_EGAD(1.0),17/04/26 11:00:00,Annual,No response,Females,From 20 to 64 years,Percentage,Euro area – 21 countries (from 2026),2020,0.7,,
ESTAT:LFSA_EGAD(1.0),17/04/26 11:00:00,Annual,No response,Females,From 20 to 64 years,Percentage,Euro area – 21 countries (from 2026),2021,1.0,b,
ESTAT:LFSA_EGAD(1.0),17/04/26 11:00:00,Annual,No response,Females,From 20 to 64 years,Percentage,Euro area – 21 countries (from 2026),2022,0.7,,
ESTAT:LFSA_EGAD(1.0),17/04/26 11:00:00,Annual,No response,Females,From 20 to 64 years,Percentage,Euro area – 21 countries (from 2026),2023,0.7,,
ESTAT:LFSA_EGAD(1.0),17/04/26 11:00:00,Annual,No response,Females,From 20 to 64 years,Percentage,Euro area – 21 countries (from 2026),2024,0.6,,
ESTAT:LFSA_EGAD(1.0),17/04/26 11:00:00,Annual,No response,Females,From 20 to 64 years,Percentage,Euro area – 21 countries (from 2026),2025,0.6,,
ESTAT:LFSA_EGAD(1.0),17/04/26 11:00:00,Annual,No response,Females,From 20 to 64 years,Percentage,Estonia,2016,,u,
ESTAT:LFSA_EGAD(1.0),17/04/26 11:00:00,Annual,No response,Females,From 20 to 64 years,Percentage,Estonia,2017,,u,
ESTAT:LFSA_EGAD(1.0),17/04/26 11:00:00,Annual,No response,Females,From 20 to 64 years,Percentage,Estonia,2018,,u,
ESTAT:LFSA_EGAD(1.0),17/04/26 11:00:00,Annual,No response,Females,From 20 to 64 years,Percentage,Estonia,2019,,u,
ESTAT:LFSA_EGAD(1.0),17/04/26 11:00:00,Annual,No response,Females,From 20 to 64 years,Percentage,Estonia,2020,,u,
ESTAT:LFSA_EGAD(1.0),17/04/26 11:00:00,Annual,No response,Females,From 20 to 64 years,Percentage,Estonia,2021,0.5,bu,
ESTAT:LFSA_EGAD(1.0),17/04/26 11:00:00,Annual,No response,Females,From 20 to 64 years,Percentage,Estonia,2022,,u,
ESTAT:LFSA_EGAD(1.0),17/04/26 11:00:00,Annual,No response,Females,From 20 to 64 years,Percentage,Estonia,2023,,u,
ESTAT:LFSA_EGAD(1.0),17/04/26 11:00:00,Annual,No response,Females,From 20 to 64 years,Percentage,Estonia,2024,,u,
ESTAT:LFSA_EGAD(1.0),17/04/26 11:00:00,Annual,No response,Females,From 20 to 64 years,Percentage,Estonia,2025,,u,
ESTAT:LFSA_EGAD(1.0),17/04/26 11:00:00,Annual,No response,Females,From 20 to 64 years,Percentage,Greece,2021,1.2,b,
ESTAT:LFSA_EGAD(1.0),17/04/26 11:00:00,Annual,No response,Females,From 20 to 64 years,Percentage,Greece,2022,2.6,,
ESTAT:LFSA_EGAD(1.0),17/04/26 11:00:00,Annual,No response,Females,From 20 to 64 years,Percentage,Greece,2023,2.2,,
ESTAT:LFSA_EGAD(1.0),17/04/26 11:00:00,Annual,No response,Females,From 20 to 64 years,Percentage,Greece,2024,2.2,,
ESTAT:LFSA_EGAD(1.0),17/04/26 11:00:00,Annual,No response,Females,From 20 to 64 years,Percentage,Greece,2025,2.4,,
ESTAT:LFSA_EGAD(1.0),17/04/26 11:00:00,Annual,No response,Females,From 20 to 64 years,Percentage,European Union - 27 countries (from 2020),2016,1.1,,
ESTAT:LFSA_EGAD(1.0),17/04/26 11:00:00,Annual,No response,Females,From 20 to 64 years,Percentage,European Union - 27 countries (from 2020),2017,1.0,,
ESTAT:LFSA_EGAD(1.0),17/04/26 11:00:00,Annual,No response,Females,From 20 to 64 years,Percentage,European Union - 27 countries (from 2020),2018,0.9,,
ESTAT:LFSA_EGAD(1.0),17/04/26 11:00:00,Annual,No response,Females,From 20 to 64 years,Percentage,European Union - 27 countries (from 2020),2019,1.1,,
ESTAT:LFSA_EGAD(1.0),17/04/26 11:00:00,Annual,No response,Females,From 20 to 64 years,Percentage,European Union - 27 countries (from 2020),2020,0.8,,
ESTAT:LFSA_EGAD(1.0),17/04/26 11:00:00,Annual,No response,Females,From 20 to 64 years,Percentage,European Union - 27 countries (from 2020),2021,1.2,b,
ESTAT:LFSA_EGAD(1.0),17/04/26 11:00:00,Annual,No response,Females,From 20 to 64 years,Percentage,European Union - 27 countries (from 2020),2022,1.0,,
ESTAT:LFSA_EGAD(1.0),17/04/26 11:00:00,Annual,No response,Females,From 20 to 64 years,Percentage,European Union - 27 countries (from 2020),2023,0.9,,
ESTAT:LFSA_EGAD(1.0),17/04/26 11:00:00,Annual,No response,Females,From 20 to 64 years,Percentage,European Union - 27 countries (from 2020),2024,1.0,,
ESTAT:LFSA_EGAD(1.0),17/04/26 11:00:00,Annual,No response,Females,From 20 to 64 years,Percentage,European Union - 27 countries (from 2020),2025,0.9,,
ESTAT:LFSA_EGAD(1.0),17/04/26 11:00:00,Annual,No response,Females,From 20 to 64 years,Percentage,Finland,2016,0.2,u,
ESTAT:LFSA_EGAD(1.0),17/04/26 11:00:00,Annual,No response,Females,From 20 to 64 years,Percentage,Finland,2017,,u,
ESTAT:LFSA_EGAD(1.0),17/04/26 11:00:00,Annual,No response,Females,From 20 to 64 years,Percentage,Finland,2018,,u,
ESTAT:LFSA_EGAD(1.0),17/04/26 11:00:00,Annual,No response,Females,From 20 to 64 years,Percentage,Finland,2019,,u,
ESTAT:LFSA_EGAD(1.0),17/04/26 11:00:00,Annual,No response,Females,From 20 to 64 years,Percentage,Finland,2020,,u,
ESTAT:LFSA_EGAD(1.0),17/04/26 11:00:00,Annual,No response,Females,From 20 to 64 years,Percentage,Finland,2021,2.6,b,
ESTAT:LFSA_EGAD(1.0),17/04/26 11:00:00,Annual,No response,Females,From 20 to 64 years,Percentage,Finland,2022,2.3,,
ESTAT:LFSA_EGAD(1.0),17/04/26 11:00:00,Annual,No response,Females,From 20 to 64 years,Percentage,Finland,2023,2.4,,
ESTAT:LFSA_EGAD(1.0),17/04/26 11:00:00,Annual,No response,Females,From 20 to 64 years,Percentage,Finland,2024,1.8,,
ESTAT:LFSA_EGAD(1.0),17/04/26 11:00:00,Annual,No response,Females,From 20 to 64 years,Percentage,Finland,2025,1.8,,
ESTAT:LFSA_EGAD(1.0),17/04/26 11:00:00,Annual,No response,Females,From 20 to 64 years,Percentage,France,2016,1.0,,
ESTAT:LFSA_EGAD(1.0),17/04/26 11:00:00,Annual,No response,Females,From 20 to 64 years,Percentage,France,2017,1.1,,
ESTAT:LFSA_EGAD(1.0),17/04/26 11:00:00,Annual,No response,Females,From 20 to 64 years,Percentage,France,2018,0.9,,
ESTAT:LFSA_EGAD(1.0),17/04/26 11:00:00,Annual,No response,Females,From 20 to 64 years,Percentage,France,2019,1.0,,
ESTAT:LFSA_EGAD(1.0),17/04/26 11:00:00,Annual,No response,Females,From 20 to 64 years,Percentage,France,2020,0.8,,
ESTAT:LFSA_EGAD(1.0),17/04/26 11:00:00,Annual,No response,Females,From 20 to 64 years,Percentage,France,2021,1.8,bd,
ESTAT:LFSA_EGAD(1.0),17/04/26 11:00:00,Annual,No response,Females,From 20 to 64 years,Percentage,France,2022,1.1,d,
ESTAT:LFSA_EGAD(1.0),17/04/26 11:00:00,Annual,No response,Females,From 20 to 64 years,Percentage,France,2023,1.0,d,
ESTAT:LFSA_EGAD(1.0),17/04/26 11:00:00,Annual,No response,Females,From 20 to 64 years,Percentage,France,2024,1.0,d,
ESTAT:LFSA_EGAD(1.0),17/04/26 11:00:00,Annual,No response,Females,From 20 to 64 years,Percentage,France,2025,1.2,d,
ESTAT:LFSA_EGAD(1.0),17/04/26 11:00:00,Annual,No response,Females,From 20 to 64 years,Percentage,Croatia,2016,1.1,u,
ESTAT:LFSA_EGAD(1.0),17/04/26 11:00:00,Annual,No response,Females,From 20 to 64 years,Percentage,Croatia,2017,1.2,u,
ESTAT:LFSA_EGAD(1.0),17/04/26 11:00:00,Annual,No response,Females,From 20 to 64 years,Percentage,Croatia,2018,1.5,,
ESTAT:LFSA_EGAD(1.0),17/04/26 11:00:00,Annual,No response,Females,From 20 to 64 years,Percentage,Croatia,2019,1.4,,
ESTAT:LFSA_EGAD(1.0),17/04/26 11:00:00,Annual,No response,Females,From 20 to 64 years,Percentage,Croatia,2020,2.3,,
ESTAT:LFSA_EGAD(1.0),17/04/26 11:00:00,Annual,No response,Females,From 20 to 64 years,Percentage,Croatia,2021,2.4,b,
ESTAT:LFSA_EGAD(1.0),17/04/26 11:00:00,Annual,No response,Females,From 20 to 64 years,Percentage,Croatia,2022,2.2,,
ESTAT:LFSA_EGAD(1.0),17/04/26 11:00:00,Annual,No response,Females,From 20 to 64 years,Percentage,Croatia,2023,2.6,,
ESTAT:LFSA_EGAD(1.0),17/04/26 11:00:00,Annual,No response,Females,From 20 to 64 years,Percentage,Croatia,2024,2.0,,
ESTAT:LFSA_EGAD(1.0),17/04/26 11:00:00,Annual,No response,Females,From 20 to 64 years,Percentage,Croatia,2025,1.8,,
ESTAT:LFSA_EGAD(1.0),17/04/26 11:00:00,Annual,No response,Females,From 20 to 64 years,Percentage,Hungary,2016,,u,
ESTAT:LFSA_EGAD(1.0),17/04/26 11:00:00,Annual,No response,Females,From 20 to 64 years,Percentage,Ireland,2016,3.3,,
ESTAT:LFSA_EGAD(1.0),17/04/26 11:00:00,Annual,No response,Females,From 20 to 64 years,Percentage,Ireland,2017,4.7,b,
ESTAT:LFSA_EGAD(1.0),17/04/26 11:00:00,Annual,No response,Females,From 20 to 64 years,Percentage,Ireland,2018,4.9,,
ESTAT:LFSA_EGAD(1.0),17/04/26 11:00:00,Annual,No response,Females,From 20 to 64 years,Percentage,Ireland,2019,3.8,,
ESTAT:LFSA_EGAD(1.0),17/04/26 11:00:00,Annual,No response,Females,From 20 to 64 years,Percentage,Ireland,2020,2.2,,
ESTAT:LFSA_EGAD(1.0),17/04/26 11:00:00,Annual,No response,Females,From 20 to 64 years,Percentage,Ireland,2021,5.0,b,
ESTAT:LFSA_EGAD(1.0),17/04/26 11:00:00,Annual,No response,Females,From 20 to 64 years,Percentage,Ireland,2022,5.6,,
ESTAT:LFSA_EGAD(1.0),17/04/26 11:00:00,Annual,No response,Females,From 20 to 64 years,Percentage,Ireland,2023,5.7,,
ESTAT:LFSA_EGAD(1.0),17/04/26 11:00:00,Annual,No response,Females,From 20 to 64 years,Percentage,Ireland,2024,4.6,,
ESTAT:LFSA_EGAD(1.0),17/04/26 11:00:00,Annual,No response,Females,From 20 to 64 years,Percentage,Ireland,2025,1.9,,
ESTAT:LFSA_EGAD(1.0),17/04/26 11:00:00,Annual,No response,Females,From 20 to 64 years,Percentage,Iceland,2016,0.9,,
ESTAT:LFSA_EGAD(1.0),17/04/26 11:00:00,Annual,No response,Females,From 20 to 64 years,Percentage,Iceland,2017,,u,
ESTAT:LFSA_EGAD(1.0),17/04/26 11:00:00,Annual,No response,Females,From 20 to 64 years,Percentage,Iceland,2018,,u,
ESTAT:LFSA_EGAD(1.0),17/04/26 11:00:00,Annual,No response,Females,From 20 to 64 years,Percentage,Iceland,2019,,u,
ESTAT:LFSA_EGAD(1.0),17/04/26 11:00:00,Annual,No response,Females,From 20 to 64 years,Percentage,Iceland,2020,0.8,b,
ESTAT:LFSA_EGAD(1.0),17/04/26 11:00:00,Annual,No response,Females,From 20 to 64 years,Percentage,Iceland,2021,0.9,b,
ESTAT:LFSA_EGAD(1.0),17/04/26 11:00:00,Annual,No response,Females,From 20 to 64 years,Percentage,Iceland,2022,0.9,,
ESTAT:LFSA_EGAD(1.0),17/04/26 11:00:00,Annual,No response,Females,From 20 to 64 years,Percentage,Iceland,2023,1.3,,
ESTAT:LFSA_EGAD(1.0),17/04/26 11:00:00,Annual,No response,Females,From 20 to 64 years,Percentage,Iceland,2024,0.8,,
ESTAT:LFSA_EGAD(1.0),17/04/26 11:00:00,Annual,No response,Females,From 20 to 64 years,Percentage,Italy,2021,,bu,
ESTAT:LFSA_EGAD(1.0),17/04/26 11:00:00,Annual,No response,Females,From 20 to 64 years,Percentage,Luxembourg,2016,3.0,b,
ESTAT:LFSA_EGAD(1.0),17/04/26 11:00:00,Annual,No response,Females,From 20 to 64 years,Percentage,Luxembourg,2017,2.8,,
ESTAT:LFSA_EGAD(1.0),17/04/26 11:00:00,Annual,No response,Females,From 20 to 64 years,Percentage,Luxembourg,2018,4.1,,
ESTAT:LFSA_EGAD(1.0),17/04/26 11:00:00,Annual,No response,Females,From 20 to 64 years,Percentage,Luxembourg,2019,4.3,,
ESTAT:LFSA_EGAD(1.0),17/04/26 11:00:00,Annual,No response,Females,From 20 to 64 years,Percentage,Luxembourg,2020,3.8,,
ESTAT:LFSA_EGAD(1.0),17/04/26 11:00:00,Annual,No response,Females,From 20 to 64 years,Percentage,Luxembourg,2021,1.4,b,
ESTAT:LFSA_EGAD(1.0),17/04/26 11:00:00,Annual,No response,Females,From 20 to 64 years,Percentage,Luxembourg,2022,1.3,,
ESTAT:LFSA_EGAD(1.0),17/04/26 11:00:00,Annual,No response,Females,From 20 to 64 years,Percentage,Luxembourg,2023,,u,
ESTAT:LFSA_EGAD(1.0),17/04/26 11:00:00,Annual,No response,Females,From 20 to 64 years,Percentage,Luxembourg,2024,1.8,u,
ESTAT:LFSA_EGAD(1.0),17/04/26 11:00:00,Annual,No response,Females,From 20 to 64 years,Percentage,Luxembourg,2025,,u,
ESTAT:LFSA_EGAD(1.0),17/04/26 11:00:00,Annual,No response,Females,From 20 to 64 years,Percentage,Latvia,2016,,u,
ESTAT:LFSA_EGAD(1.0),17/04/26 11:00:00,Annual,No response,Females,From 20 to 64 years,Percentage,Latvia,2018,,u,
ESTAT:LFSA_EGAD(1.0),17/04/26 11:00:00,Annual,No response,Females,From 20 to 64 years,Percentage,Latvia,2021,,bu,
ESTAT:LFSA_EGAD(1.0),17/04/26 11:00:00,Annual,No response,Females,From 20 to 64 years,Percentage,Latvia,2023,,u,
ESTAT:LFSA_EGAD(1.0),17/04/26 11:00:00,Annual,No response,Females,From 20 to 64 years,Percentage,Latvia,2024,,u,
ESTAT:LFSA_EGAD(1.0),17/04/26 11:00:00,Annual,No response,Females,From 20 to 64 years,Percentage,Montenegro,2016,,u,
ESTAT:LFSA_EGAD(1.0),17/04/26 11:00:00,Annual,No response,Females,From 20 to 64 years,Percentage,Montenegro,2019,,u,
ESTAT:LFSA_EGAD(1.0),17/04/26 11:00:00,Annual,No response,Females,From 20 to 64 years,Percentage,North Macedonia,2016,,u,
ESTAT:LFSA_EGAD(1.0),17/04/26 11:00:00,Annual,No response,Females,From 20 to 64 years,Percentage,North Macedonia,2017,,u,
ESTAT:LFSA_EGAD(1.0),17/04/26 11:00:00,Annual,No response,Females,From 20 to 64 years,Percentage,North Macedonia,2018,,u,
ESTAT:LFSA_EGAD(1.0),17/04/26 11:00:00,Annual,No response,Females,From 20 to 64 years,Percentage,North Macedonia,2019,,u,
ESTAT:LFSA_EGAD(1.0),17/04/26 11:00:00,Annual,No response,Females,From 20 to 64 years,Percentage,North Macedonia,2021,,bu,
ESTAT:LFSA_EGAD(1.0),17/04/26 11:00:00,Annual,No response,Females,From 20 to 64 years,Percentage,North Macedonia,2022,,u,
ESTAT:LFSA_EGAD(1.0),17/04/26 11:00:00,Annual,No response,Females,From 20 to 64 years,Percentage,North Macedonia,2023,,u,
ESTAT:LFSA_EGAD(1.0),17/04/26 11:00:00,Annual,No response,Females,From 20 to 64 years,Percentage,North Macedonia,2024,,u,
ESTAT:LFSA_EGAD(1.0),17/04/26 11:00:00,Annual,No response,Females,From 20 to 64 years,Percentage,Malta,2017,,u,
ESTAT:LFSA_EGAD(1.0),17/04/26 11:00:00,Annual,No response,Females,From 20 to 64 years,Percentage,Malta,2018,,u,
ESTAT:LFSA_EGAD(1.0),17/04/26 11:00:00,Annual,No response,Females,From 20 to 64 years,Percentage,Netherlands,2016,1.3,,
ESTAT:LFSA_EGAD(1.0),17/04/26 11:00:00,Annual,No response,Females,From 20 to 64 years,Percentage,Netherlands,2017,1.4,,
ESTAT:LFSA_EGAD(1.0),17/04/26 11:00:00,Annual,No response,Females,From 20 to 64 years,Percentage,Netherlands,2018,1.4,,
ESTAT:LFSA_EGAD(1.0),17/04/26 11:00:00,Annual,No response,Females,From 20 to 64 years,Percentage,Netherlands,2019,1.4,,
ESTAT:LFSA_EGAD(1.0),17/04/26 11:00:00,Annual,No response,Females,From 20 to 64 years,Percentage,Netherlands,2020,1.5,,
ESTAT:LFSA_EGAD(1.0),17/04/26 11:00:00,Annual,No response,Females,From 20 to 64 years,Percentage,Netherlands,2021,2.4,b,
ESTAT:LFSA_EGAD(1.0),17/04/26 11:00:00,Annual,No response,Females,From 20 to 64 years,Percentage,Netherlands,2022,2.1,,
ESTAT:LFSA_EGAD(1.0),17/04/26 11:00:00,Annual,No response,Females,From 20 to 64 years,Percentage,Netherlands,2023,2.4,,
ESTAT:LFSA_EGAD(1.0),17/04/26 11:00:00,Annual,No response,Females,From 20 to 64 years,Percentage,Netherlands,2024,2.4,,
ESTAT:LFSA_EGAD(1.0),17/04/26 11:00:00,Annual,No response,Females,From 20 to 64 years,Percentage,Netherlands,2025,2.5,,
ESTAT:LFSA_EGAD(1.0),17/04/26 11:00:00,Annual,No response,Females,From 20 to 64 years,Percentage,Norway,2016,1.6,,
ESTAT:LFSA_EGAD(1.0),17/04/26 11:00:00,Annual,No response,Females,From 20 to 64 years,Percentage,Norway,2017,1.5,,
ESTAT:LFSA_EGAD(1.0),17/04/26 11:00:00,Annual,No response,Females,From 20 to 64 years,Percentage,Norway,2018,1.4,,
ESTAT:LFSA_EGAD(1.0),17/04/26 11:00:00,Annual,No response,Females,From 20 to 64 years,Percentage,Norway,2019,1.1,,
ESTAT:LFSA_EGAD(1.0),17/04/26 11:00:00,Annual,No response,Females,From 20 to 64 years,Percentage,Norway,2020,1.0,,
ESTAT:LFSA_EGAD(1.0),17/04/26 11:00:00,Annual,No response,Females,From 20 to 64 years,Percentage,Norway,2021,1.0,b,
ESTAT:LFSA_EGAD(1.0),17/04/26 11:00:00,Annual,No response,Females,From 20 to 64 years,Percentage,Norway,2022,0.9,,
ESTAT:LFSA_EGAD(1.0),17/04/26 11:00:00,Annual,No response,Females,From 20 to 64 years,Percentage,Norway,2023,1.4,,
ESTAT:LFSA_EGAD(1.0),17/04/26 11:00:00,Annual,No response,Females,From 20 to 64 years,Percentage,Norway,2024,,u,
ESTAT:LFSA_EGAD(1.0),17/04/26 11:00:00,Annual,No response,Females,From 20 to 64 years,Percentage,Norway,2025,,u,
ESTAT:LFSA_EGAD(1.0),17/04/26 11:00:00,Annual,No response,Females,From 20 to 64 years,Percentage,Poland,2016,1.5,,
ESTAT:LFSA_EGAD(1.0),17/04/26 11:00:00,Annual,No response,Females,From 20 to 64 years,Percentage,Poland,2017,1.3,,
ESTAT:LFSA_EGAD(1.0),17/04/26 11:00:00,Annual,No response,Females,From 20 to 64 years,Percentage,Poland,2018,1.6,,
ESTAT:LFSA_EGAD(1.0),17/04/26 11:00:00,Annual,No response,Females,From 20 to 64 years,Percentage,Poland,2019,2.0,b,
ESTAT:LFSA_EGAD(1.0),17/04/26 11:00:00,Annual,No response,Females,From 20 to 64 years,Percentage,Poland,2020,2.2,,
ESTAT:LFSA_EGAD(1.0),17/04/26 11:00:00,Annual,No response,Females,From 20 to 64 years,Percentage,Poland,2021,4.0,b,
ESTAT:LFSA_EGAD(1.0),17/04/26 11:00:00,Annual,No response,Females,From 20 to 64 years,Percentage,Poland,2022,3.7,,
ESTAT:LFSA_EGAD(1.0),17/04/26 11:00:00,Annual,No response,Females,From 20 to 64 years,Percentage,Poland,2023,3.9,,
ESTAT:LFSA_EGAD(1.0),17/04/26 11:00:00,Annual,No response,Females,From 20 to 64 years,Percentage,Poland,2024,4.4,,
ESTAT:LFSA_EGAD(1.0),17/04/26 11:00:00,Annual,No response,Females,From 20 to 64 years,Percentage,Poland,2025,4.5,,
ESTAT:LFSA_EGAD(1.0),17/04/26 11:00:00,Annual,No response,Females,From 20 to 64 years,Percentage,Sweden,2016,0.7,,
ESTAT:LFSA_EGAD(1.0),17/04/26 11:00:00,Annual,No response,Females,From 20 to 64 years,Percentage,Sweden,2017,0.7,,
ESTAT:LFSA_EGAD(1.0),17/04/26 11:00:00,Annual,No response,Females,From 20 to 64 years,Percentage,Sweden,2018,0.6,b,
ESTAT:LFSA_EGAD(1.0),17/04/26 11:00:00,Annual,No response,Females,From 20 to 64 years,Percentage,Sweden,2019,0.6,,
ESTAT:LFSA_EGAD(1.0),17/04/26 11:00:00,Annual,No response,Females,From 20 to 64 years,Percentage,Sweden,2020,0.5,,
ESTAT:LFSA_EGAD(1.0),17/04/26 11:00:00,Annual,No response,Females,From 20 to 64 years,Percentage,Sweden,2021,5.2,b,
ESTAT:LFSA_EGAD(1.0),17/04/26 11:00:00,Annual,No response,Females,From 20 to 64 years,Percentage,Sweden,2022,4.0,,
ESTAT:LFSA_EGAD(1.0),17/04/26 11:00:00,Annual,No response,Females,From 20 to 64 years,Percentage,Sweden,2023,1.5,,
ESTAT:LFSA_EGAD(1.0),17/04/26 11:00:00,Annual,No response,Females,From 20 to 64 years,Percentage,Sweden,2024,0.6,,
ESTAT:LFSA_EGAD(1.0),17/04/26 11:00:00,Annual,No response,Females,From 20 to 64 years,Percentage,Sweden,2025,0.4,,
ESTAT:LFSA_EGAD(1.0),17/04/26 11:00:00,Annual,No response,Females,From 20 to 64 years,Percentage,Slovenia,2021,,bu,
ESTAT:LFSA_EGAD(1.0),17/04/26 11:00:00,Annual,No response,Females,From 20 to 64 years,Percentage,Slovenia,2022,,u,
ESTAT:LFSA_EGAD(1.0),17/04/26 11:00:00,Annual,No response,Females,From 20 to 64 years,Percentage,Slovenia,2023,,u,
ESTAT:LFSA_EGAD(1.0),17/04/26 11:00:00,Annual,No response,Females,From 20 to 64 years,Percentage,Slovenia,2024,,u,
ESTAT:LFSA_EGAD(1.0),17/04/26 11:00:00,Annual,No response,Females,From 20 to 64 years,Percentage,Slovenia,2025,,u,
ESTAT:LFSA_EGAD(1.0),17/04/26 11:00:00,Annual,No response,Females,From 20 to 64 years,Percentage,Slovakia,2021,,bu,
ESTAT:LFSA_EGAD(1.0),17/04/26 11:00:00,Annual,No response,Females,From 20 to 64 years,Percentage,Slovakia,2022,,u,
ESTAT:LFSA_EGAD(1.0),17/04/26 11:00:00,Annual,No response,Females,From 20 to 64 years,Percentage,Slovakia,2023,,u,
ESTAT:LFSA_EGAD(1.0),17/04/26 11:00:00,Annual,No response,Females,From 20 to 64 years,Percentage,Slovakia,2024,,u,
ESTAT:LFSA_EGAD(1.0),17/04/26 11:00:00,Annual,No response,Females,From 20 to 64 years,Percentage,Slovakia,2025,,u,
ESTAT:LFSA_EGAD(1.0),17/04/26 11:00:00,Annual,No response,Females,From 20 to 64 years,Percentage,United Kingdom,2016,0.7,,
ESTAT:LFSA_EGAD(1.0),17/04/26 11:00:00,Annual,No response,Females,From 20 to 64 years,Percentage,United Kingdom,2017,0.6,,
ESTAT:LFSA_EGAD(1.0),17/04/26 11:00:00,Annual,No response,Females,From 20 to 64 years,Percentage,United Kingdom,2018,0.6,,
ESTAT:LFSA_EGAD(1.0),17/04/26 11:00:00,Annual,No response,Females,From 20 to 64 years,Percentage,United Kingdom,2019,0.6,,
ESTAT:LFSA_EGAD(1.0),17/04/26 11:00:00,Annual,No response,Males,From 20 to 64 years,Percentage,Bosnia and Herzegovina,2021,0.1,bu,
ESTAT:LFSA_EGAD(1.0),17/04/26 11:00:00,Annual,No response,Males,From 20 to 64 years,Percentage,Bosnia and Herzegovina,2022,,u,
ESTAT:LFSA_EGAD(1.0),17/04/26 11:00:00,Annual,No response,Males,From 20 to 64 years,Percentage,Belgium,2017,,bu,
ESTAT:LFSA_EGAD(1.0),17/04/26 11:00:00,Annual,No response,Males,From 20 to 64 years,Percentage,Belgium,2018,,u,
ESTAT:LFSA_EGAD(1.0),17/04/26 11:00:00,Annual,No response,Males,From 20 to 64 years,Percentage,Belgium,2021,,bu,
ESTAT:LFSA_EGAD(1.0),17/04/26 11:00:00,Annual,No response,Males,From 20 to 64 years,Percentage,Belgium,2022,,u,
ESTAT:LFSA_EGAD(1.0),17/04/26 11:00:00,Annual,No response,Males,From 20 to 64 years,Percentage,Belgium,2024,,u,
ESTAT:LFSA_EGAD(1.0),17/04/26 11:00:00,Annual,No response,Males,From 20 to 64 years,Percentage,Belgium,2025,0.2,,
ESTAT:LFSA_EGAD(1.0),17/04/26 11:00:00,Annual,No response,Males,From 20 to 64 years,Percentage,Bulgaria,2016,,u,
ESTAT:LFSA_EGAD(1.0),17/04/26 11:00:00,Annual,No response,Males,From 20 to 64 years,Percentage,Bulgaria,2017,,u,
ESTAT:LFSA_EGAD(1.0),17/04/26 11:00:00,Annual,No response,Males,From 20 to 64 years,Percentage,Bulgaria,2018,,u,
ESTAT:LFSA_EGAD(1.0),17/04/26 11:00:00,Annual,No response,Males,From 20 to 64 years,Percentage,Bulgaria,2019,,bu,
ESTAT:LFSA_EGAD(1.0),17/04/26 11:00:00,Annual,No response,Males,From 20 to 64 years,Percentage,Bulgaria,2020,,u,
ESTAT:LFSA_EGAD(1.0),17/04/26 11:00:00,Annual,No response,Males,From 20 to 64 years,Percentage,Bulgaria,2021,,bu,
ESTAT:LFSA_EGAD(1.0),17/04/26 11:00:00,Annual,No response,Males,From 20 to 64 years,Percentage,Bulgaria,2022,,u,
ESTAT:LFSA_EGAD(1.0),17/04/26 11:00:00,Annual,No response,Males,From 20 to 64 years,Percentage,Switzerland,2016,0.4,,
ESTAT:LFSA_EGAD(1.0),17/04/26 11:00:00,Annual,No response,Males,From 20 to 64 years,Percentage,Switzerland,2017,0.5,,
ESTAT:LFSA_EGAD(1.0),17/04/26 11:00:00,Annual,No response,Males,From 20 to 64 years,Percentage,Switzerland,2018,0.3,,
ESTAT:LFSA_EGAD(1.0),17/04/26 11:00:00,Annual,No response,Males,From 20 to 64 years,Percentage,Switzerland,2019,0.4,,
ESTAT:LFSA_EGAD(1.0),17/04/26 11:00:00,Annual,No response,Males,From 20 to 64 years,Percentage,Switzerland,2020,0.3,,
ESTAT:LFSA_EGAD(1.0),17/04/26 11:00:00,Annual,No response,Males,From 20 to 64 years,Percentage,Switzerland,2021,0.9,b,
ESTAT:LFSA_EGAD(1.0),17/04/26 11:00:00,Annual,No response,Males,From 20 to 64 years,Percentage,Switzerland,2022,1.0,,
ESTAT:LFSA_EGAD(1.0),17/04/26 11:00:00,Annual,No response,Males,From 20 to 64 years,Percentage,Switzerland,2023,1.0,,
ESTAT:LFSA_EGAD(1.0),17/04/26 11:00:00,Annual,No response,Males,From 20 to 64 years,Percentage,Switzerland,2024,1.0,,
ESTAT:LFSA_EGAD(1.0),17/04/26 11:00:00,Annual,No response,Males,From 20 to 64 years,Percentage,Switzerland,2025,1.1,,
ESTAT:LFSA_EGAD(1.0),17/04/26 11:00:00,Annual,No response,Males,From 20 to 64 years,Percentage,Czechia,2016,0.2,,
ESTAT:LFSA_EGAD(1.0),17/04/26 11:00:00,Annual,No response,Males,From 20 to 64 years,Percentage,Czechia,2017,0.1,,
ESTAT:LFSA_EGAD(1.0),17/04/26 11:00:00,Annual,No response,Males,From 20 to 64 years,Percentage,Czechia,2018,0.2,,
ESTAT:LFSA_EGAD(1.0),17/04/26 11:00:00,Annual,No response,Males,From 20 to 64 years,Percentage,Czechia,2019,0.2,,
ESTAT:LFSA_EGAD(1.0),17/04/26 11:00:00,Annual,No response,Males,From 20 to 64 years,Percentage,Czechia,2020,0.1,,
ESTAT:LFSA_EGAD(1.0),17/04/26 11:00:00,Annual,No response,Males,From 20 to 64 years,Percentage,Czechia,2021,0.2,b,
ESTAT:LFSA_EGAD(1.0),17/04/26 11:00:00,Annual,No response,Males,From 20 to 64 years,Percentage,Czechia,2022,0.2,,
ESTAT:LFSA_EGAD(1.0),17/04/26 11:00:00,Annual,No response,Males,From 20 to 64 years,Percentage,Czechia,2023,2.3,,
ESTAT:LFSA_EGAD(1.0),17/04/26 11:00:00,Annual,No response,Males,From 20 to 64 years,Percentage,Czechia,2024,4.2,,
ESTAT:LFSA_EGAD(1.0),17/04/26 11:00:00,Annual,No response,Males,From 20 to 64 years,Percentage,Czechia,2025,3.7,,
ESTAT:LFSA_EGAD(1.0),17/04/26 11:00:00,Annual,No response,Males,From 20 to 64 years,Percentage,Germany,2016,3.3,,
ESTAT:LFSA_EGAD(1.0),17/04/26 11:00:00,Annual,No response,Males,From 20 to 64 years,Percentage,Germany,2017,2.8,,
ESTAT:LFSA_EGAD(1.0),17/04/26 11:00:00,Annual,No response,Males,From 20 to 64 years,Percentage,Germany,2018,2.4,,
ESTAT:LFSA_EGAD(1.0),17/04/26 11:00:00,Annual,No response,Males,From 20 to 64 years,Percentage,Germany,2019,2.8,,
ESTAT:LFSA_EGAD(1.0),17/04/26 11:00:00,Annual,No response,Males,From 20 to 64 years,Percentage,Germany,2020,1.2,b,
ESTAT:LFSA_EGAD(1.0),17/04/26 11:00:00,Annual,No response,Males,From 20 to 64 years,Percentage,Germany,2021,1.1,b,
ESTAT:LFSA_EGAD(1.0),17/04/26 11:00:00,Annual,No response,Males,From 20 to 64 years,Percentage,Germany,2022,0.6,,
ESTAT:LFSA_EGAD(1.0),17/04/26 11:00:00,Annual,No response,Males,From 20 to 64 years,Percentage,Germany,2023,0.5,,
ESTAT:LFSA_EGAD(1.0),17/04/26 11:00:00,Annual,No response,Males,From 20 to 64 years,Percentage,Germany,2024,0.4,,
ESTAT:LFSA_EGAD(1.0),17/04/26 11:00:00,Annual,No response,Males,From 20 to 64 years,Percentage,Germany,2025,0.3,,
ESTAT:LFSA_EGAD(1.0),17/04/26 11:00:00,Annual,No response,Males,From 20 to 64 years,Percentage,Denmark,2016,,bu,
ESTAT:LFSA_EGAD(1.0),17/04/26 11:00:00,Annual,No response,Males,From 20 to 64 years,Percentage,Denmark,2021,,bu,
ESTAT:LFSA_EGAD(1.0),17/04/26 11:00:00,Annual,No response,Males,From 20 to 64 years,Percentage,Denmark,2022,,u,
ESTAT:LFSA_EGAD(1.0),17/04/26 11:00:00,Annual,No response,Males,From 20 to 64 years,Percentage,Denmark,2023,,bu,
ESTAT:LFSA_EGAD(1.0),17/04/26 11:00:00,Annual,No response,Males,From 20 to 64 years,Percentage,Denmark,2024,,u,
ESTAT:LFSA_EGAD(1.0),17/04/26 11:00:00,Annual,No response,Males,From 20 to 64 years,Percentage,Denmark,2025,,u,
ESTAT:LFSA_EGAD(1.0),17/04/26 11:00:00,Annual,No response,Males,From 20 to 64 years,Percentage,Euro area – 21 countries (from 2026),2016,1.2,,
ESTAT:LFSA_EGAD(1.0),17/04/26 11:00:00,Annual,No response,Males,From 20 to 64 years,Percentage,Euro area – 21 countries (from 2026),2017,1.1,,
ESTAT:LFSA_EGAD(1.0),17/04/26 11:00:00,Annual,No response,Males,From 20 to 64 years,Percentage,Euro area – 21 countries (from 2026),2018,1.0,,
ESTAT:LFSA_EGAD(1.0),17/04/26 11:00:00,Annual,No response,Males,From 20 to 64 years,Percentage,Euro area – 21 countries (from 2026),2019,1.1,,
ESTAT:LFSA_EGAD(1.0),17/04/26 11:00:00,Annual,No response,Males,From 20 to 64 years,Percentage,Euro area – 21 countries (from 2026),2020,0.6,,
ESTAT:LFSA_EGAD(1.0),17/04/26 11:00:00,Annual,No response,Males,From 20 to 64 years,Percentage,Euro area – 21 countries (from 2026),2021,1.0,b,
ESTAT:LFSA_EGAD(1.0),17/04/26 11:00:00,Annual,No response,Males,From 20 to 64 years,Percentage,Euro area – 21 countries (from 2026),2022,0.7,,
ESTAT:LFSA_EGAD(1.0),17/04/26 11:00:00,Annual,No response,Males,From 20 to 64 years,Percentage,Euro area – 21 countries (from 2026),2023,0.7,,
ESTAT:LFSA_EGAD(1.0),17/04/26 11:00:00,Annual,No response,Males,From 20 to 64 years,Percentage,Euro area – 21 countries (from 2026),2024,0.6,,
ESTAT:LFSA_EGAD(1.0),17/04/26 11:00:00,Annual,No response,Males,From 20 to 64 years,Percentage,Euro area – 21 countries (from 2026),2025,0.6,,
ESTAT:LFSA_EGAD(1.0),17/04/26 11:00:00,Annual,No response,Males,From 20 to 64 years,Percentage,Estonia,2016,,u,
ESTAT:LFSA_EGAD(1.0),17/04/26 11:00:00,Annual,No response,Males,From 20 to 64 years,Percentage,Estonia,2017,0.4,u,
ESTAT:LFSA_EGAD(1.0),17/04/26 11:00:00,Annual,No response,Males,From 20 to 64 years,Percentage,Estonia,2018,,u,
ESTAT:LFSA_EGAD(1.0),17/04/26 11:00:00,Annual,No response,Males,From 20 to 64 years,Percentage,Estonia,2019,,u,
ESTAT:LFSA_EGAD(1.0),17/04/26 11:00:00,Annual,No response,Males,From 20 to 64 years,Percentage,Estonia,2020,0.4,u,
ESTAT:LFSA_EGAD(1.0),17/04/26 11:00:00,Annual,No response,Males,From 20 to 64 years,Percentage,Estonia,2021,0.4,bu,
ESTAT:LFSA_EGAD(1.0),17/04/26 11:00:00,Annual,No response,Males,From 20 to 64 years,Percentage,Estonia,2022,0.3,u,
ESTAT:LFSA_EGAD(1.0),17/04/26 11:00:00,Annual,No response,Males,From 20 to 64 years,Percentage,Estonia,2023,,u,
ESTAT:LFSA_EGAD(1.0),17/04/26 11:00:00,Annual,No response,Males,From 20 to 64 years,Percentage,Estonia,2024,,u,
ESTAT:LFSA_EGAD(1.0),17/04/26 11:00:00,Annual,No response,Males,From 20 to 64 years,Percentage,Estonia,2025,,u,
ESTAT:LFSA_EGAD(1.0),17/04/26 11:00:00,Annual,No response,Males,From 20 to 64 years,Percentage,Greece,2021,1.0,b,
ESTAT:LFSA_EGAD(1.0),17/04/26 11:00:00,Annual,No response,Males,From 20 to 64 years,Percentage,Greece,2022,2.6,,
ESTAT:LFSA_EGAD(1.0),17/04/26 11:00:00,Annual,No response,Males,From 20 to 64 years,Percentage,Greece,2023,2.1,,
ESTAT:LFSA_EGAD(1.0),17/04/26 11:00:00,Annual,No response,Males,From 20 to 64 years,Percentage,Greece,2024,1.7,,
ESTAT:LFSA_EGAD(1.0),17/04/26 11:00:00,Annual,No response,Males,From 20 to 64 years,Percentage,Greece,2025,2.4,,
ESTAT:LFSA_EGAD(1.0),17/04/26 11:00:00,Annual,No response,Males,From 20 to 64 years,Percentage,European Union - 27 countries (from 2020),2016,1.1,,
ESTAT:LFSA_EGAD(1.0),17/04/26 11:00:00,Annual,No response,Males,From 20 to 64 years,Percentage,European Union - 27 countries (from 2020),2017,1.0,,
ESTAT:LFSA_EGAD(1.0),17/04/26 11:00:00,Annual,No response,Males,From 20 to 64 years,Percentage,European Union - 27 countries (from 2020),2018,1.0,,
ESTAT:LFSA_EGAD(1.0),17/04/26 11:00:00,Annual,No response,Males,From 20 to 64 years,Percentage,European Union - 27 countries (from 2020),2019,1.1,,
ESTAT:LFSA_EGAD(1.0),17/04/26 11:00:00,Annual,No response,Males,From 20 to 64 years,Percentage,European Union - 27 countries (from 2020),2020,0.7,,
ESTAT:LFSA_EGAD(1.0),17/04/26 11:00:00,Annual,No response,Males,From 20 to 64 years,Percentage,European Union - 27 countries (from 2020),2021,1.4,b,
ESTAT:LFSA_EGAD(1.0),17/04/26 11:00:00,Annual,No response,Males,From 20 to 64 years,Percentage,European Union - 27 countries (from 2020),2022,1.1,,
ESTAT:LFSA_EGAD(1.0),17/04/26 11:00:00,Annual,No response,Males,From 20 to 64 years,Percentage,European Union - 27 countries (from 2020),2023,1.0,,
ESTAT:LFSA_EGAD(1.0),17/04/26 11:00:00,Annual,No response,Males,From 20 to 64 years,Percentage,European Union - 27 countries (from 2020),2024,1.0,,
ESTAT:LFSA_EGAD(1.0),17/04/26 11:00:00,Annual,No response,Males,From 20 to 64 years,Percentage,European Union - 27 countries (from 2020),2025,1.0,,
ESTAT:LFSA_EGAD(1.0),17/04/26 11:00:00,Annual,No response,Males,From 20 to 64 years,Percentage,Finland,2016,0.2,u,
ESTAT:LFSA_EGAD(1.0),17/04/26 11:00:00,Annual,No response,Males,From 20 to 64 years,Percentage,Finland,2017,0.2,u,
ESTAT:LFSA_EGAD(1.0),17/04/26 11:00:00,Annual,No response,Males,From 20 to 64 years,Percentage,Finland,2018,0.2,u,
ESTAT:LFSA_EGAD(1.0),17/04/26 11:00:00,Annual,No response,Males,From 20 to 64 years,Percentage,Finland,2019,0.2,u,
ESTAT:LFSA_EGAD(1.0),17/04/26 11:00:00,Annual,No response,Males,From 20 to 64 years,Percentage,Finland,2020,,u,
ESTAT:LFSA_EGAD(1.0),17/04/26 11:00:00,Annual,No response,Males,From 20 to 64 years,Percentage,Finland,2021,2.5,b,
ESTAT:LFSA_EGAD(1.0),17/04/26 11:00:00,Annual,No response,Males,From 20 to 64 years,Percentage,Finland,2022,2.5,,
ESTAT:LFSA_EGAD(1.0),17/04/26 11:00:00,Annual,No response,Males,From 20 to 64 years,Percentage,Finland,2023,2.3,,
ESTAT:LFSA_EGAD(1.0),17/04/26 11:00:00,Annual,No response,Males,From 20 to 64 years,Percentage,Finland,2024,2.3,,
ESTAT:LFSA_EGAD(1.0),17/04/26 11:00:00,Annual,No response,Males,From 20 to 64 years,Percentage,Finland,2025,1.9,,
ESTAT:LFSA_EGAD(1.0),17/04/26 11:00:00,Annual,No response,Males,From 20 to 64 years,Percentage,France,2016,0.9,,
ESTAT:LFSA_EGAD(1.0),17/04/26 11:00:00,Annual,No response,Males,From 20 to 64 years,Percentage,France,2017,1.0,,
ESTAT:LFSA_EGAD(1.0),17/04/26 11:00:00,Annual,No response,Males,From 20 to 64 years,Percentage,France,2018,0.9,,
ESTAT:LFSA_EGAD(1.0),17/04/26 11:00:00,Annual,No response,Males,From 20 to 64 years,Percentage,France,2019,0.9,,
ESTAT:LFSA_EGAD(1.0),17/04/26 11:00:00,Annual,No response,Males,From 20 to 64 years,Percentage,France,2020,0.8,,
ESTAT:LFSA_EGAD(1.0),17/04/26 11:00:00,Annual,No response,Males,From 20 to 64 years,Percentage,France,2021,2.0,bd,
ESTAT:LFSA_EGAD(1.0),17/04/26 11:00:00,Annual,No response,Males,From 20 to 64 years,Percentage,France,2022,1.2,d,
ESTAT:LFSA_EGAD(1.0),17/04/26 11:00:00,Annual,No response,Males,From 20 to 64 years,Percentage,France,2023,1.1,d,
ESTAT:LFSA_EGAD(1.0),17/04/26 11:00:00,Annual,No response,Males,From 20 to 64 years,Percentage,France,2024,1.1,d,
ESTAT:LFSA_EGAD(1.0),17/04/26 11:00:00,Annual,No response,Males,From 20 to 64 years,Percentage,France,2025,1.3,d,
ESTAT:LFSA_EGAD(1.0),17/04/26 11:00:00,Annual,No response,Males,From 20 to 64 years,Percentage,Croatia,2016,1.0,u,
ESTAT:LFSA_EGAD(1.0),17/04/26 11:00:00,Annual,No response,Males,From 20 to 64 years,Percentage,Croatia,2017,1.3,,
ESTAT:LFSA_EGAD(1.0),17/04/26 11:00:00,Annual,No response,Males,From 20 to 64 years,Percentage,Croatia,2018,2.2,,
ESTAT:LFSA_EGAD(1.0),17/04/26 11:00:00,Annual,No response,Males,From 20 to 64 years,Percentage,Croatia,2019,2.0,,
ESTAT:LFSA_EGAD(1.0),17/04/26 11:00:00,Annual,No response,Males,From 20 to 64 years,Percentage,Croatia,2020,2.4,,
ESTAT:LFSA_EGAD(1.0),17/04/26 11:00:00,Annual,No response,Males,From 20 to 64 years,Percentage,Croatia,2021,2.5,b,
ESTAT:LFSA_EGAD(1.0),17/04/26 11:00:00,Annual,No response,Males,From 20 to 64 years,Percentage,Croatia,2022,2.7,,
ESTAT:LFSA_EGAD(1.0),17/04/26 11:00:00,Annual,No response,Males,From 20 to 64 years,Percentage,Croatia,2023,3.3,,
ESTAT:LFSA_EGAD(1.0),17/04/26 11:00:00,Annual,No response,Males,From 20 to 64 years,Percentage,Croatia,2024,2.5,,
ESTAT:LFSA_EGAD(1.0),17/04/26 11:00:00,Annual,No response,Males,From 20 to 64 years,Percentage,Croatia,2025,1.8,,
ESTAT:LFSA_EGAD(1.0),17/04/26 11:00:00,Annual,No response,Males,From 20 to 64 years,Percentage,Hungary,2016,,u,
ESTAT:LFSA_EGAD(1.0),17/04/26 11:00:00,Annual,No response,Males,From 20 to 64 years,Percentage,Ireland,2016,4.0,,
ESTAT:LFSA_EGAD(1.0),17/04/26 11:00:00,Annual,No response,Males,From 20 to 64 years,Percentage,Ireland,2017,5.4,b,
ESTAT:LFSA_EGAD(1.0),17/04/26 11:00:00,Annual,No response,Males,From 20 to 64 years,Percentage,Ireland,2018,5.8,,
ESTAT:LFSA_EGAD(1.0),17/04/26 11:00:00,Annual,No response,Males,From 20 to 64 years,Percentage,Ireland,2019,4.5,,
ESTAT:LFSA_EGAD(1.0),17/04/26 11:00:00,Annual,No response,Males,From 20 to 64 years,Percentage,Ireland,2020,2.7,,
ESTAT:LFSA_EGAD(1.0),17/04/26 11:00:00,Annual,No response,Males,From 20 to 64 years,Percentage,Ireland,2021,5.6,b,
ESTAT:LFSA_EGAD(1.0),17/04/26 11:00:00,Annual,No response,Males,From 20 to 64 years,Percentage,Ireland,2022,6.5,,
ESTAT:LFSA_EGAD(1.0),17/04/26 11:00:00,Annual,No response,Males,From 20 to 64 years,Percentage,Ireland,2023,6.8,,
ESTAT:LFSA_EGAD(1.0),17/04/26 11:00:00,Annual,No response,Males,From 20 to 64 years,Percentage,Ireland,2024,5.5,,
ESTAT:LFSA_EGAD(1.0),17/04/26 11:00:00,Annual,No response,Males,From 20 to 64 years,Percentage,Ireland,2025,2.4,,
ESTAT:LFSA_EGAD(1.0),17/04/26 11:00:00,Annual,No response,Males,From 20 to 64 years,Percentage,Iceland,2016,0.8,,
ESTAT:LFSA_EGAD(1.0),17/04/26 11:00:00,Annual,No response,Males,From 20 to 64 years,Percentage,Iceland,2017,1.0,,
ESTAT:LFSA_EGAD(1.0),17/04/26 11:00:00,Annual,No response,Males,From 20 to 64 years,Percentage,Iceland,2018,0.7,,
ESTAT:LFSA_EGAD(1.0),17/04/26 11:00:00,Annual,No response,Males,From 20 to 64 years,Percentage,Iceland,2019,0.9,,
ESTAT:LFSA_EGAD(1.0),17/04/26 11:00:00,Annual,No response,Males,From 20 to 64 years,Percentage,Iceland,2020,1.4,b,
ESTAT:LFSA_EGAD(1.0),17/04/26 11:00:00,Annual,No response,Males,From 20 to 64 years,Percentage,Iceland,2021,1.3,b,
ESTAT:LFSA_EGAD(1.0),17/04/26 11:00:00,Annual,No response,Males,From 20 to 64 years,Percentage,Iceland,2022,1.2,,
ESTAT:LFSA_EGAD(1.0),17/04/26 11:00:00,Annual,No response,Males,From 20 to 64 years,Percentage,Iceland,2023,1.2,,
ESTAT:LFSA_EGAD(1.0),17/04/26 11:00:00,Annual,No response,Males,From 20 to 64 years,Percentage,Iceland,2024,1.2,,
ESTAT:LFSA_EGAD(1.0),17/04/26 11:00:00,Annual,No response,Males,From 20 to 64 years,Percentage,Italy,2021,,bu,
ESTAT:LFSA_EGAD(1.0),17/04/26 11:00:00,Annual,No response,Males,From 20 to 64 years,Percentage,Luxembourg,2016,3.1,b,
ESTAT:LFSA_EGAD(1.0),17/04/26 11:00:00,Annual,No response,Males,From 20 to 64 years,Percentage,Luxembourg,2017,2.7,,
ESTAT:LFSA_EGAD(1.0),17/04/26 11:00:00,Annual,No response,Males,From 20 to 64 years,Percentage,Luxembourg,2018,4.0,,
ESTAT:LFSA_EGAD(1.0),17/04/26 11:00:00,Annual,No response,Males,From 20 to 64 years,Percentage,Luxembourg,2019,4.3,,
ESTAT:LFSA_EGAD(1.0),17/04/26 11:00:00,Annual,No response,Males,From 20 to 64 years,Percentage,Luxembourg,2020,3.7,,
ESTAT:LFSA_EGAD(1.0),17/04/26 11:00:00,Annual,No response,Males,From 20 to 64 years,Percentage,Luxembourg,2021,1.3,b,
ESTAT:LFSA_EGAD(1.0),17/04/26 11:00:00,Annual,No response,Males,From 20 to 64 years,Percentage,Luxembourg,2022,0.8,,
ESTAT:LFSA_EGAD(1.0),17/04/26 11:00:00,Annual,No response,Males,From 20 to 64 years,Percentage,Luxembourg,2023,,u,
ESTAT:LFSA_EGAD(1.0),17/04/26 11:00:00,Annual,No response,Males,From 20 to 64 years,Percentage,Luxembourg,2024,,u,
ESTAT:LFSA_EGAD(1.0),17/04/26 11:00:00,Annual,No response,Males,From 20 to 64 years,Percentage,Luxembourg,2025,,u,
ESTAT:LFSA_EGAD(1.0),17/04/26 11:00:00,Annual,No response,Males,From 20 to 64 years,Percentage,Latvia,2016,,u,
ESTAT:LFSA_EGAD(1.0),17/04/26 11:00:00,Annual,No response,Males,From 20 to 64 years,Percentage,Latvia,2018,,u,
ESTAT:LFSA_EGAD(1.0),17/04/26 11:00:00,Annual,No response,Males,From 20 to 64 years,Percentage,Latvia,2022,,u,
ESTAT:LFSA_EGAD(1.0),17/04/26 11:00:00,Annual,No response,Males,From 20 to 64 years,Percentage,Latvia,2023,,u,
ESTAT:LFSA_EGAD(1.0),17/04/26 11:00:00,Annual,No response,Males,From 20 to 64 years,Percentage,Latvia,2025,,u,
ESTAT:LFSA_EGAD(1.0),17/04/26 11:00:00,Annual,No response,Males,From 20 to 64 years,Percentage,Montenegro,2017,,u,
ESTAT:LFSA_EGAD(1.0),17/04/26 11:00:00,Annual,No response,Males,From 20 to 64 years,Percentage,North Macedonia,2016,,u,
ESTAT:LFSA_EGAD(1.0),17/04/26 11:00:00,Annual,No response,Males,From 20 to 64 years,Percentage,North Macedonia,2017,,u,
ESTAT:LFSA_EGAD(1.0),17/04/26 11:00:00,Annual,No response,Males,From 20 to 64 years,Percentage,North Macedonia,2018,,u,
ESTAT:LFSA_EGAD(1.0),17/04/26 11:00:00,Annual,No response,Males,From 20 to 64 years,Percentage,North Macedonia,2019,,u,
ESTAT:LFSA_EGAD(1.0),17/04/26 11:00:00,Annual,No response,Males,From 20 to 64 years,Percentage,North Macedonia,2020,,u,
ESTAT:LFSA_EGAD(1.0),17/04/26 11:00:00,Annual,No response,Males,From 20 to 64 years,Percentage,North Macedonia,2022,,u,
ESTAT:LFSA_EGAD(1.0),17/04/26 11:00:00,Annual,No response,Males,From 20 to 64 years,Percentage,North Macedonia,2023,,u,
ESTAT:LFSA_EGAD(1.0),17/04/26 11:00:00,Annual,No response,Males,From 20 to 64 years,Percentage,North Macedonia,2024,,u,
ESTAT:LFSA_EGAD(1.0),17/04/26 11:00:00,Annual,No response,Males,From 20 to 64 years,Percentage,Malta,2017,,u,
ESTAT:LFSA_EGAD(1.0),17/04/26 11:00:00,Annual,No response,Males,From 20 to 64 years,Percentage,Malta,2018,,u,
ESTAT:LFSA_EGAD(1.0),17/04/26 11:00:00,Annual,No response,Males,From 20 to 64 years,Percentage,Netherlands,2016,1.6,,
ESTAT:LFSA_EGAD(1.0),17/04/26 11:00:00,Annual,No response,Males,From 20 to 64 years,Percentage,Netherlands,2017,1.6,,
ESTAT:LFSA_EGAD(1.0),17/04/26 11:00:00,Annual,No response,Males,From 20 to 64 years,Percentage,Netherlands,2018,1.7,,
ESTAT:LFSA_EGAD(1.0),17/04/26 11:00:00,Annual,No response,Males,From 20 to 64 years,Percentage,Netherlands,2019,1.8,,
ESTAT:LFSA_EGAD(1.0),17/04/26 11:00:00,Annual,No response,Males,From 20 to 64 years,Percentage,Netherlands,2020,1.8,,
ESTAT:LFSA_EGAD(1.0),17/04/26 11:00:00,Annual,No response,Males,From 20 to 64 years,Percentage,Netherlands,2021,2.7,b,
ESTAT:LFSA_EGAD(1.0),17/04/26 11:00:00,Annual,No response,Males,From 20 to 64 years,Percentage,Netherlands,2022,2.3,,
ESTAT:LFSA_EGAD(1.0),17/04/26 11:00:00,Annual,No response,Males,From 20 to 64 years,Percentage,Netherlands,2023,2.3,,
ESTAT:LFSA_EGAD(1.0),17/04/26 11:00:00,Annual,No response,Males,From 20 to 64 years,Percentage,Netherlands,2024,2.5,,
ESTAT:LFSA_EGAD(1.0),17/04/26 11:00:00,Annual,No response,Males,From 20 to 64 years,Percentage,Netherlands,2025,2.7,,
ESTAT:LFSA_EGAD(1.0),17/04/26 11:00:00,Annual,No response,Males,From 20 to 64 years,Percentage,Norway,2016,1.4,,
ESTAT:LFSA_EGAD(1.0),17/04/26 11:00:00,Annual,No response,Males,From 20 to 64 years,Percentage,Norway,2017,1.2,,
ESTAT:LFSA_EGAD(1.0),17/04/26 11:00:00,Annual,No response,Males,From 20 to 64 years,Percentage,Norway,2018,1.1,,
ESTAT:LFSA_EGAD(1.0),17/04/26 11:00:00,Annual,No response,Males,From 20 to 64 years,Percentage,Norway,2019,0.9,,
ESTAT:LFSA_EGAD(1.0),17/04/26 11:00:00,Annual,No response,Males,From 20 to 64 years,Percentage,Norway,2020,0.8,,
ESTAT:LFSA_EGAD(1.0),17/04/26 11:00:00,Annual,No response,Males,From 20 to 64 years,Percentage,Norway,2021,1.2,b,
ESTAT:LFSA_EGAD(1.0),17/04/26 11:00:00,Annual,No response,Males,From 20 to 64 years,Percentage,Norway,2022,1.2,,
ESTAT:LFSA_EGAD(1.0),17/04/26 11:00:00,Annual,No response,Males,From 20 to 64 years,Percentage,Norway,2023,1.6,,
ESTAT:LFSA_EGAD(1.0),17/04/26 11:00:00,Annual,No response,Males,From 20 to 64 years,Percentage,Norway,2024,0.4,u,
ESTAT:LFSA_EGAD(1.0),17/04/26 11:00:00,Annual,No response,Males,From 20 to 64 years,Percentage,Norway,2025,0.4,u,
ESTAT:LFSA_EGAD(1.0),17/04/26 11:00:00,Annual,No response,Males,From 20 to 64 years,Percentage,Poland,2016,1.8,,
ESTAT:LFSA_EGAD(1.0),17/04/26 11:00:00,Annual,No response,Males,From 20 to 64 years,Percentage,Poland,2017,1.7,,
ESTAT:LFSA_EGAD(1.0),17/04/26 11:00:00,Annual,No response,Males,From 20 to 64 years,Percentage,Poland,2018,1.7,,
ESTAT:LFSA_EGAD(1.0),17/04/26 11:00:00,Annual,No response,Males,From 20 to 64 years,Percentage,Poland,2019,2.1,b,
ESTAT:LFSA_EGAD(1.0),17/04/26 11:00:00,Annual,No response,Males,From 20 to 64 years,Percentage,Poland,2020,2.0,,
ESTAT:LFSA_EGAD(1.0),17/04/26 11:00:00,Annual,No response,Males,From 20 to 64 years,Percentage,Poland,2021,4.1,b,
ESTAT:LFSA_EGAD(1.0),17/04/26 11:00:00,Annual,No response,Males,From 20 to 64 years,Percentage,Poland,2022,4.1,,
ESTAT:LFSA_EGAD(1.0),17/04/26 11:00:00,Annual,No response,Males,From 20 to 64 years,Percentage,Poland,2023,4.2,,
ESTAT:LFSA_EGAD(1.0),17/04/26 11:00:00,Annual,No response,Males,From 20 to 64 years,Percentage,Poland,2024,4.2,,
ESTAT:LFSA_EGAD(1.0),17/04/26 11:00:00,Annual,No response,Males,From 20 to 64 years,Percentage,Poland,2025,4.4,,
ESTAT:LFSA_EGAD(1.0),17/04/26 11:00:00,Annual,No response,Males,From 20 to 64 years,Percentage,Sweden,2016,0.8,,
ESTAT:LFSA_EGAD(1.0),17/04/26 11:00:00,Annual,No response,Males,From 20 to 64 years,Percentage,Sweden,2017,0.7,,
ESTAT:LFSA_EGAD(1.0),17/04/26 11:00:00,Annual,No response,Males,From 20 to 64 years,Percentage,Sweden,2018,0.7,b,
ESTAT:LFSA_EGAD(1.0),17/04/26 11:00:00,Annual,No response,Males,From 20 to 64 years,Percentage,Sweden,2019,0.7,,
ESTAT:LFSA_EGAD(1.0),17/04/26 11:00:00,Annual,No response,Males,From 20 to 64 years,Percentage,Sweden,2020,0.6,,
ESTAT:LFSA_EGAD(1.0),17/04/26 11:00:00,Annual,No response,Males,From 20 to 64 years,Percentage,Sweden,2021,12.2,b,
ESTAT:LFSA_EGAD(1.0),17/04/26 11:00:00,Annual,No response,Males,From 20 to 64 years,Percentage,Sweden,2022,8.0,,
ESTAT:LFSA_EGAD(1.0),17/04/26 11:00:00,Annual,No response,Males,From 20 to 64 years,Percentage,Sweden,2023,2.4,,
ESTAT:LFSA_EGAD(1.0),17/04/26 11:00:00,Annual,No response,Males,From 20 to 64 years,Percentage,Sweden,2024,0.4,,
ESTAT:LFSA_EGAD(1.0),17/04/26 11:00:00,Annual,No response,Males,From 20 to 64 years,Percentage,Sweden,2025,0.5,,
ESTAT:LFSA_EGAD(1.0),17/04/26 11:00:00,Annual,No response,Males,From 20 to 64 years,Percentage,Slovenia,2017,,u,
ESTAT:LFSA_EGAD(1.0),17/04/26 11:00:00,Annual,No response,Males,From 20 to 64 years,Percentage,Slovenia,2018,,u,
ESTAT:LFSA_EGAD(1.0),17/04/26 11:00:00,Annual,No response,Males,From 20 to 64 years,Percentage,Slovenia,2020,,u,
ESTAT:LFSA_EGAD(1.0),17/04/26 11:00:00,Annual,No response,Males,From 20 to 64 years,Percentage,Slovenia,2021,,bu,
ESTAT:LFSA_EGAD(1.0),17/04/26 11:00:00,Annual,No response,Males,From 20 to 64 years,Percentage,Slovenia,2022,,u,
ESTAT:LFSA_EGAD(1.0),17/04/26 11:00:00,Annual,No response,Males,From 20 to 64 years,Percentage,Slovenia,2023,,u,
ESTAT:LFSA_EGAD(1.0),17/04/26 11:00:00,Annual,No response,Males,From 20 to 64 years,Percentage,Slovenia,2024,,u,
ESTAT:LFSA_EGAD(1.0),17/04/26 11:00:00,Annual,No response,Males,From 20 to 64 years,Percentage,Slovenia,2025,,u,
ESTAT:LFSA_EGAD(1.0),17/04/26 11:00:00,Annual,No response,Males,From 20 to 64 years,Percentage,Slovakia,2020,,u,
ESTAT:LFSA_EGAD(1.0),17/04/26 11:00:00,Annual,No response,Males,From 20 to 64 years,Percentage,Slovakia,2021,,bu,
ESTAT:LFSA_EGAD(1.0),17/04/26 11:00:00,Annual,No response,Males,From 20 to 64 years,Percentage,Slovakia,2022,,u,
ESTAT:LFSA_EGAD(1.0),17/04/26 11:00:00,Annual,No response,Males,From 20 to 64 years,Percentage,Slovakia,2023,,u,
ESTAT:LFSA_EGAD(1.0),17/04/26 11:00:00,Annual,No response,Males,From 20 to 64 years,Percentage,Slovakia,2024,,u,
ESTAT:LFSA_EGAD(1.0),17/04/26 11:00:00,Annual,No response,Males,From 20 to 64 years,Percentage,Slovakia,2025,0.5,u,
ESTAT:LFSA_EGAD(1.0),17/04/26 11:00:00,Annual,No response,Males,From 20 to 64 years,Percentage,United Kingdom,2016,1.0,,
ESTAT:LFSA_EGAD(1.0),17/04/26 11:00:00,Annual,No response,Males,From 20 to 64 years,Percentage,United Kingdom,2017,1.0,,
ESTAT:LFSA_EGAD(1.0),17/04/26 11:00:00,Annual,No response,Males,From 20 to 64 years,Percentage,United Kingdom,2018,1.0,,
ESTAT:LFSA_EGAD(1.0),17/04/26 11:00:00,Annual,No response,Males,From 20 to 64 years,Percentage,United Kingdom,2019,0.9,,
